date,rainfall_mm,temp_c
2000-01-01,1.01,4.56
2000-01-02,0.56,4.29
2000-01-03,0.0,4.46
2000-01-04,0.0,7.89
2000-01-05,0.41,6.18
2000-01-06,0.04,5.45
2000-01-07,0.01,8.02
2000-01-08,0.34,7.94
2000-01-09,0.21,8.89
2000-01-10,0.76,7.91
2000-01-11,0.19,8.55
2000-01-12,0.33,8.8
2000-01-13,0.38,12.49
2000-01-14,0.21,15.54
2000-01-15,0.13,14.66
2000-01-16,1.14,10.3
2000-01-17,0.22,12.98
2000-01-18,0.06,14.37
2000-01-19,0.16,13.34
2000-01-20,0.13,12.24
2000-01-21,0.04,9.91
2000-01-22,0.01,8.35
2000-01-23,0.14,11.83
2000-01-24,0.32,12.06
2000-01-25,2.69,10.32
2000-01-26,0.34,8.76
2000-01-27,0.0,8.87
2000-01-28,0.25,8.02
2000-01-29,0.06,7.65
2000-01-30,0.39,7.55
2000-01-31,0.76,9.1
2000-02-01,0.0,10.06
2000-02-02,0.01,10.15
2000-02-03,0.0,10.8
2000-02-04,0.35,9.83
2000-02-05,0.19,11.16
2000-02-06,0.0,12.21
2000-02-07,0.0,13.59
2000-02-08,0.01,13.73
2000-02-09,0.25,10.76
2000-02-10,2.96,8.48
2000-02-11,1.24,8.03
2000-02-12,3.72,7.27
2000-02-13,1.6,6.94
2000-02-14,0.49,9.87
2000-02-15,0.55,11.99
2000-02-16,6.94,7.52
2000-02-17,0.77,5.97
2000-02-18,0.03,7.8
2000-02-19,0.64,10.71
2000-02-20,10.34,8.32
2000-02-21,7.37,6.66
2000-02-22,3.66,7.34
2000-02-23,5.23,5.4
2000-02-24,0.27,4.55
2000-02-25,1.49,7.59
2000-02-26,0.56,10.26
2000-02-27,1.5,7.63
2000-02-28,0.93,6.56
2000-02-29,0.07,8.21
2000-03-01,0.07,8.91
2000-03-02,0.02,10.54
2000-03-03,0.53,8.42
2000-03-04,1.82,7.93
2000-03-05,7.52,3.81
2000-03-06,2.3,3.6
2000-03-07,0.93,5.08
2000-03-08,7.12,4.84
2000-03-09,0.96,6.28
2000-03-10,0.3,10.52
2000-03-11,0.11,13.69
2000-03-12,2.4,15.6
2000-03-13,1.11,15.89
2000-03-14,0.01,17.24
2000-03-15,0.0,16.89
2000-03-16,0.02,14.5
2000-03-17,0.0,14.27
2000-03-18,0.0,16.34
2000-03-19,0.0,15.61
2000-03-20,0.0,7.56
2000-03-21,0.34,8.19
2000-03-22,0.0,10.19
2000-03-23,0.62,10.2
2000-03-24,0.01,13.38
2000-03-25,0.04,14.3
2000-03-26,0.0,14.49
2000-03-27,0.22,10.68
2000-03-28,0.15,9.88
2000-03-29,0.22,10.96
2000-03-30,0.0,12.35
2000-03-31,0.0,10.48
2000-04-01,0.06,13.14
2000-04-02,0.0,15.88
2000-04-03,0.0,17.71
2000-04-04,0.03,19.49
2000-04-05,2.88,16.38
2000-04-06,0.07,13.98
2000-04-07,0.01,18.19
2000-04-08,0.0,18.9
2000-04-09,0.25,14.59
2000-04-10,0.0,15.16
2000-04-11,0.13,18.7
2000-04-12,1.28,19.9
2000-04-13,1.02,16.39
2000-04-14,1.0,9.5
2000-04-15,0.33,11.72
2000-04-16,1.02,11.37
2000-04-17,9.98,9.71
2000-04-18,2.48,7.57
2000-04-19,0.04,12.97
2000-04-20,1.41,16.69
2000-04-21,0.62,11.89
2000-04-22,0.19,11.59
2000-04-23,0.33,13.86
2000-04-24,0.5,18.51
2000-04-25,0.0,21.7
2000-04-26,0.01,23.25
2000-04-27,0.05,19.77
2000-04-28,0.21,13.21
2000-04-29,0.0,15.65
2000-04-30,0.02,19.72
2000-05-01,0.5,22.34
2000-05-02,0.0,21.42
2000-05-03,0.03,20.82
2000-05-04,0.02,20.35
2000-05-05,0.04,16.37
2000-05-06,0.19,15.55
2000-05-07,0.41,15.67
2000-05-08,0.02,17.28
2000-05-09,0.0,19.47
2000-05-10,0.0,14.38
2000-05-11,0.04,13.13
2000-05-12,0.0,16.3
2000-05-13,1.18,18.23
2000-05-14,0.18,15.56
2000-05-15,0.04,13.25
2000-05-16,0.11,10.79
2000-05-17,0.0,14.69
2000-05-18,0.0,19.63
2000-05-19,0.24,22.76
2000-05-20,0.0,25.7
2000-05-21,0.0,27.34
2000-05-22,0.11,27.21
2000-05-23,0.02,24.07
2000-05-24,0.06,21.45
2000-05-25,0.36,16.4
2000-05-26,0.03,21.48
2000-05-27,0.15,26.73
2000-05-28,0.02,26.37
2000-05-29,0.01,23.76
2000-05-30,0.19,20.57
2000-05-31,0.52,20.19
2000-06-01,0.0,21.8
2000-06-02,0.0,22.36
2000-06-03,0.0,22.56
2000-06-04,0.0,24.14
2000-06-05,0.0,22.06
2000-06-06,5.71,21.65
2000-06-07,0.0,19.73
2000-06-08,0.12,13.55
2000-06-09,0.0,16.72
2000-06-10,0.0,19.21
2000-06-11,0.0,22.02
2000-06-12,0.0,24.31
2000-06-13,0.0,28.15
2000-06-14,0.22,28.22
2000-06-15,0.01,24.81
2000-06-16,0.0,23.3
2000-06-17,0.0,24.5
2000-06-18,0.0,23.47
2000-06-19,0.01,21.97
2000-06-20,1.46,24.43
2000-06-21,0.35,26.36
2000-06-22,0.07,25.79
2000-06-23,0.2,23.45
2000-06-24,0.09,24.0
2000-06-25,0.01,24.53
2000-06-26,0.0,26.14
2000-06-27,0.0,26.3
2000-06-28,0.2,26.29
2000-06-29,0.12,26.03
2000-06-30,0.01,24.38
2000-07-01,0.01,22.44
2000-07-02,0.0,21.63
2000-07-03,0.01,18.65
2000-07-04,0.13,18.35
2000-07-05,0.02,19.51
2000-07-06,0.01,20.87
2000-07-07,0.0,20.52
2000-07-08,0.12,20.82
2000-07-09,0.05,21.46
2000-07-10,1.56,20.64
2000-07-11,0.0,22.53
2000-07-12,0.01,22.96
2000-07-13,0.45,24.03
2000-07-14,0.26,25.73
2000-07-15,0.0,23.72
2000-07-16,0.0,21.41
2000-07-17,0.0,25.0
2000-07-18,0.07,29.28
2000-07-19,0.0,29.72
2000-07-20,0.07,28.87
2000-07-21,0.0,27.87
2000-07-22,0.18,28.2
2000-07-23,0.07,28.91
2000-07-24,0.0,27.89
2000-07-25,0.49,28.25
2000-07-26,0.0,27.99
2000-07-27,0.0,28.42
2000-07-28,0.17,27.84
2000-07-29,0.11,29.36
2000-07-30,0.0,30.42
2000-07-31,0.0,30.31
2000-08-01,0.07,30.38
2000-08-02,0.01,28.9
2000-08-03,0.1,27.51
2000-08-04,0.01,28.63
2000-08-05,0.0,28.95
2000-08-06,0.0,27.28
2000-08-07,0.46,24.72
2000-08-08,0.08,25.12
2000-08-09,0.09,27.5
2000-08-10,0.0,29.29
2000-08-11,0.0,30.09
2000-08-12,0.0,29.68
2000-08-13,0.0,28.94
2000-08-14,0.0,29.62
2000-08-15,0.44,28.93
2000-08-16,0.41,29.42
2000-08-17,0.01,28.06
2000-08-18,0.0,25.87
2000-08-19,0.07,25.59
2000-08-20,0.0,23.56
2000-08-21,0.02,24.03
2000-08-22,0.01,25.69
2000-08-23,3.18,26.13
2000-08-24,3.93,25.79
2000-08-25,0.46,25.59
2000-08-26,0.01,25.56
2000-08-27,0.68,24.32
2000-08-28,4.56,21.65
2000-08-29,5.34,19.58
2000-08-30,6.84,18.62
2000-08-31,0.08,17.34
2000-09-01,1.61,14.49
2000-09-02,0.53,16.04
2000-09-03,0.05,17.45
2000-09-04,0.0,18.7
2000-09-05,0.0,20.06
2000-09-06,0.0,22.54
2000-09-07,1.46,24.59
2000-09-08,0.0,22.51
2000-09-09,0.62,20.96
2000-09-10,0.6,21.79
2000-09-11,0.05,25.5
2000-09-12,0.15,27.63
2000-09-13,0.0,27.62
2000-09-14,0.07,26.18
2000-09-15,0.46,27.55
2000-09-16,0.01,30.22
2000-09-17,0.0,29.23
2000-09-18,0.0,27.11
2000-09-19,0.25,27.62
2000-09-20,0.0,25.34
2000-09-21,0.77,17.42
2000-09-22,0.56,14.42
2000-09-23,0.41,17.04
2000-09-24,0.0,18.96
2000-09-25,0.02,20.93
2000-09-26,0.02,22.54
2000-09-27,0.04,21.15
2000-09-28,0.91,20.39
2000-09-29,0.09,20.24
2000-09-30,0.03,23.03
2000-10-01,0.0,24.11
2000-10-02,0.0,21.35
2000-10-03,0.06,19.22
2000-10-04,0.4,20.56
2000-10-05,0.0,21.86
2000-10-06,0.01,20.35
2000-10-07,0.16,17.91
2000-10-08,0.07,20.07
2000-10-09,0.06,18.21
2000-10-10,0.58,11.24
2000-10-11,0.8,9.73
2000-10-12,0.07,11.0
2000-10-13,0.0,13.57
2000-10-14,0.05,15.42
2000-10-15,0.01,17.31
2000-10-16,0.0,19.05
2000-10-17,0.0,20.04
2000-10-18,0.1,19.8
2000-10-19,0.12,19.69
2000-10-20,0.07,19.83
2000-10-21,0.14,13.38
2000-10-22,2.11,12.86
2000-10-23,1.62,12.5
2000-10-24,0.11,13.39
2000-10-25,0.15,13.7
2000-10-26,0.81,10.24
2000-10-27,1.42,9.76
2000-10-28,0.44,10.36
2000-10-29,3.09,10.67
2000-10-30,1.94,8.8
2000-10-31,0.0,9.18
2000-11-01,0.13,10.62
2000-11-02,0.0,11.3
2000-11-03,0.0,9.36
2000-11-04,0.09,10.69
2000-11-05,0.0,9.81
2000-11-06,0.0,10.06
2000-11-07,0.0,7.27
2000-11-08,0.01,8.74
2000-11-09,0.38,6.91
2000-11-10,0.9,5.7
2000-11-11,0.67,4.44
2000-11-12,0.13,4.93
2000-11-13,0.04,6.53
2000-11-14,0.01,4.75
2000-11-15,0.01,4.6
2000-11-16,0.0,5.37
2000-11-17,0.0,4.07
2000-11-18,0.0,6.27
2000-11-19,0.0,12.09
2000-11-20,0.02,11.53
2000-11-21,0.02,12.34
2000-11-22,0.0,6.51
2000-11-23,0.0,9.73
2000-11-24,0.0,12.88
2000-11-25,0.0,12.63
2000-11-26,0.09,14.55
2000-11-27,0.0,14.72
2000-11-28,0.0,15.52
2000-11-29,0.07,11.67
2000-11-30,0.02,11.79
2000-12-01,0.0,11.58
2000-12-02,0.0,12.59
2000-12-03,0.0,12.04
2000-12-04,0.0,12.42
2000-12-05,0.0,14.43
2000-12-06,0.0,13.45
2000-12-07,0.0,14.17
2000-12-08,0.0,9.69
2000-12-09,0.0,8.84
2000-12-10,0.0,9.0
2000-12-11,0.02,8.26
2000-12-12,0.18,5.43
2000-12-13,0.0,5.87
2000-12-14,0.06,6.63
2000-12-15,0.0,8.37
2000-12-16,0.0,9.36
2000-12-17,0.0,11.24
2000-12-18,0.0,7.89
2000-12-19,0.0,10.67
2000-12-20,0.0,12.56
2000-12-21,0.0,13.42
2000-12-22,0.03,11.34
2000-12-23,0.0,11.94
2000-12-24,0.0,11.4
2000-12-25,0.0,6.26
2000-12-26,0.0,6.12
2000-12-27,0.0,9.78
2000-12-28,0.0,10.65
2000-12-29,0.0,13.04
2000-12-30,0.0,14.5
2000-12-31,0.0,12.33
2001-01-01,0.0,11.8
2001-01-02,0.0,9.03
2001-01-03,0.0,9.79
2001-01-04,0.0,13.43
2001-01-05,0.23,13.57
2001-01-06,0.02,12.19
2001-01-07,0.12,12.12
2001-01-08,2.6,7.66
2001-01-09,0.91,6.65
2001-01-10,3.17,7.41
2001-01-11,16.09,4.22
2001-01-12,1.31,3.09
2001-01-13,0.03,5.06
2001-01-14,0.15,5.62
2001-01-15,1.82,2.83
2001-01-16,1.03,0.59
2001-01-17,0.05,1.05
2001-01-18,0.02,4.21
2001-01-19,0.04,7.02
2001-01-20,0.0,8.39
2001-01-21,0.07,8.57
2001-01-22,0.03,9.63
2001-01-23,0.12,7.66
2001-01-24,1.74,4.2
2001-01-25,0.32,3.49
2001-01-26,2.56,2.3
2001-01-27,1.33,2.19
2001-01-28,0.05,3.3
2001-01-29,0.56,3.62
2001-01-30,0.0,3.14
2001-01-31,1.61,3.44
2001-02-01,0.0,5.72
2001-02-02,0.0,10.23
2001-02-03,0.0,13.81
2001-02-04,0.0,15.4
2001-02-05,0.0,16.24
2001-02-06,0.15,10.45
2001-02-07,0.55,2.87
2001-02-08,0.07,1.86
2001-02-09,0.27,4.07
2001-02-10,1.27,2.96
2001-02-11,0.75,3.58
2001-02-12,5.74,4.66
2001-02-13,6.99,2.87
2001-02-14,0.7,3.62
2001-02-15,0.24,5.27
2001-02-16,0.41,7.49
2001-02-17,0.23,8.38
2001-02-18,0.13,8.36
2001-02-19,1.44,8.16
2001-02-20,0.87,7.76
2001-02-21,0.22,10.26
2001-02-22,0.56,9.12
2001-02-23,2.22,2.46
2001-02-24,2.02,2.79
2001-02-25,11.46,4.58
2001-02-26,5.91,6.68
2001-02-27,11.72,5.38
2001-02-28,4.62,5.3
2001-03-01,0.59,6.8
2001-03-02,0.13,6.92
2001-03-03,0.15,8.56
2001-03-04,0.64,8.26
2001-03-05,0.88,9.99
2001-03-06,6.68,7.06
2001-03-07,1.68,8.89
2001-03-08,0.18,11.35
2001-03-09,1.84,7.32
2001-03-10,1.63,6.67
2001-03-11,0.21,7.15
2001-03-12,0.05,8.95
2001-03-13,0.0,10.66
2001-03-14,0.0,11.48
2001-03-15,0.04,12.2
2001-03-16,0.0,11.0
2001-03-17,0.0,12.74
2001-03-18,0.0,17.0
2001-03-19,0.0,18.63
2001-03-20,0.0,18.51
2001-03-21,0.0,16.31
2001-03-22,0.0,12.15
2001-03-23,0.0,14.57
2001-03-24,0.04,15.23
2001-03-25,0.03,12.22
2001-03-26,0.0,13.9
2001-03-27,0.0,16.55
2001-03-28,0.0,17.04
2001-03-29,0.18,15.6
2001-03-30,0.0,17.5
2001-03-31,0.02,18.2
2001-04-01,0.1,13.14
2001-04-02,0.28,9.91
2001-04-03,0.08,7.12
2001-04-04,0.06,8.02
2001-04-05,0.04,7.21
2001-04-06,0.45,6.65
2001-04-07,3.46,5.03
2001-04-08,0.23,5.55
2001-04-09,2.4,3.32
2001-04-10,0.32,6.25
2001-04-11,0.22,7.29
2001-04-12,0.11,11.04
2001-04-13,0.0,12.76
2001-04-14,0.0,12.35
2001-04-15,0.01,14.83
2001-04-16,0.0,17.49
2001-04-17,0.03,18.48
2001-04-18,0.06,14.71
2001-04-19,0.16,10.31
2001-04-20,1.25,8.19
2001-04-21,3.57,6.91
2001-04-22,0.0,12.59
2001-04-23,0.07,16.92
2001-04-24,0.0,19.96
2001-04-25,0.01,22.12
2001-04-26,0.04,20.27
2001-04-27,0.02,18.25
2001-04-28,0.01,15.59
2001-04-29,0.0,17.31
2001-04-30,0.01,21.31
2001-05-01,0.02,20.4
2001-05-02,0.01,15.6
2001-05-03,0.0,13.82
2001-05-04,0.0,16.03
2001-05-05,0.02,17.57
2001-05-06,0.0,20.98
2001-05-07,0.0,24.07
2001-05-08,0.01,25.7
2001-05-09,0.01,25.39
2001-05-10,0.0,24.07
2001-05-11,0.03,25.24
2001-05-12,0.78,20.52
2001-05-13,0.0,18.9
2001-05-14,0.01,20.74
2001-05-15,0.05,21.25
2001-05-16,0.0,20.86
2001-05-17,0.0,21.04
2001-05-18,0.0,19.08
2001-05-19,0.0,21.98
2001-05-20,0.0,23.48
2001-05-21,0.0,24.61
2001-05-22,0.0,27.76
2001-05-23,0.0,28.67
2001-05-24,0.0,24.93
2001-05-25,0.13,23.35
2001-05-26,0.02,21.7
2001-05-27,0.06,17.66
2001-05-28,0.03,17.08
2001-05-29,0.0,22.8
2001-05-30,0.0,26.91
2001-05-31,0.02,27.81
2001-06-01,0.02,23.84
2001-06-02,0.01,18.36
2001-06-03,0.01,15.74
2001-06-04,0.01,18.79
2001-06-05,0.0,20.97
2001-06-06,0.0,24.06
2001-06-07,0.0,26.67
2001-06-08,0.0,25.99
2001-06-09,0.0,24.73
2001-06-10,0.0,22.03
2001-06-11,0.0,20.5
2001-06-12,0.0,18.47
2001-06-13,0.0,20.25
2001-06-14,0.0,23.28
2001-06-15,0.0,25.72
2001-06-16,0.0,26.31
2001-06-17,0.0,26.01
2001-06-18,0.0,26.94
2001-06-19,0.0,26.28
2001-06-20,0.0,26.19
2001-06-21,0.0,27.75
2001-06-22,0.0,27.53
2001-06-23,0.0,25.54
2001-06-24,0.0,22.97
2001-06-25,0.0,22.58
2001-06-26,0.0,21.57
2001-06-27,0.17,21.98
2001-06-28,0.02,24.21
2001-06-29,0.0,26.55
2001-06-30,0.0,27.57
2001-07-01,0.0,29.65
2001-07-02,0.25,31.61
2001-07-03,0.02,31.48
2001-07-04,0.33,29.58
2001-07-05,2.0,27.62
2001-07-06,4.6,22.4
2001-07-07,1.96,24.02
2001-07-08,0.01,24.63
2001-07-09,0.0,23.46
2001-07-10,0.0,22.27
2001-07-11,0.0,22.28
2001-07-12,0.0,24.89
2001-07-13,0.0,27.55
2001-07-14,0.01,25.14
2001-07-15,0.02,19.93
2001-07-16,0.0,18.27
2001-07-17,0.0,20.47
2001-07-18,0.22,21.91
2001-07-19,0.0,22.37
2001-07-20,0.1,22.11
2001-07-21,0.0,21.75
2001-07-22,0.0,22.64
2001-07-23,0.0,22.18
2001-07-24,0.0,22.03
2001-07-25,0.0,24.25
2001-07-26,0.0,27.92
2001-07-27,0.0,28.7
2001-07-28,0.0,27.65
2001-07-29,0.0,25.54
2001-07-30,0.0,21.45
2001-07-31,0.0,21.61
2001-08-01,0.0,25.1
2001-08-02,0.1,26.66
2001-08-03,0.0,25.74
2001-08-04,0.03,26.05
2001-08-05,0.0,28.38
2001-08-06,0.21,30.07
2001-08-07,0.9,30.65
2001-08-08,0.65,29.6
2001-08-09,0.08,27.41
2001-08-10,0.0,27.87
2001-08-11,0.01,28.97
2001-08-12,0.0,28.34
2001-08-13,0.19,28.54
2001-08-14,0.0,29.68
2001-08-15,0.0,29.98
2001-08-16,0.0,30.74
2001-08-17,0.0,31.06
2001-08-18,0.02,29.83
2001-08-19,0.0,26.74
2001-08-20,0.0,24.6
2001-08-21,0.01,20.81
2001-08-22,0.0,19.95
2001-08-23,0.0,22.98
2001-08-24,0.0,26.01
2001-08-25,0.01,28.96
2001-08-26,0.0,29.44
2001-08-27,0.0,29.32
2001-08-28,0.0,27.73
2001-08-29,0.16,24.13
2001-08-30,0.0,21.1
2001-08-31,0.0,23.32
2001-09-01,3.27,24.3
2001-09-02,2.03,25.05
2001-09-03,0.03,25.01
2001-09-04,0.0,26.0
2001-09-05,0.0,24.4
2001-09-06,0.0,21.4
2001-09-07,0.0,21.31
2001-09-08,0.01,22.14
2001-09-09,0.0,24.55
2001-09-10,0.0,25.45
2001-09-11,0.0,24.23
2001-09-12,0.0,21.6
2001-09-13,0.0,23.52
2001-09-14,0.0,25.85
2001-09-15,0.0,25.08
2001-09-16,0.0,21.03
2001-09-17,0.18,19.81
2001-09-18,0.0,22.48
2001-09-19,0.0,22.79
2001-09-20,0.0,24.51
2001-09-21,0.0,22.66
2001-09-22,0.0,24.2
2001-09-23,0.0,25.79
2001-09-24,0.0,28.47
2001-09-25,0.1,27.72
2001-09-26,0.0,27.58
2001-09-27,0.0,27.15
2001-09-28,0.0,24.85
2001-09-29,0.0,26.26
2001-09-30,0.03,26.12
2001-10-01,0.0,24.16
2001-10-02,0.0,24.75
2001-10-03,0.0,23.1
2001-10-04,0.0,19.96
2001-10-05,0.0,16.4
2001-10-06,0.0,14.65
2001-10-07,0.01,17.76
2001-10-08,0.0,16.96
2001-10-09,0.16,16.62
2001-10-10,0.04,18.64
2001-10-11,0.0,19.19
2001-10-12,0.0,17.02
2001-10-13,0.07,21.31
2001-10-14,0.0,22.44
2001-10-15,0.0,24.6
2001-10-16,0.0,23.56
2001-10-17,0.0,20.01
2001-10-18,0.0,20.94
2001-10-19,0.0,22.7
2001-10-20,0.0,20.98
2001-10-21,0.0,18.19
2001-10-22,0.0,17.29
2001-10-23,0.0,18.07
2001-10-24,0.0,19.54
2001-10-25,0.0,21.56
2001-10-26,0.0,21.23
2001-10-27,0.0,19.05
2001-10-28,0.01,15.33
2001-10-29,0.0,17.79
2001-10-30,0.14,16.58
2001-10-31,0.14,13.99
2001-11-01,0.0,15.32
2001-11-02,0.0,16.43
2001-11-03,0.03,18.48
2001-11-04,0.15,17.76
2001-11-05,0.01,17.22
2001-11-06,0.01,17.89
2001-11-07,0.0,17.9
2001-11-08,0.07,16.93
2001-11-09,0.0,16.71
2001-11-10,0.1,15.3
2001-11-11,0.18,12.8
2001-11-12,1.81,12.6
2001-11-13,0.78,9.82
2001-11-14,0.0,12.06
2001-11-15,0.0,15.19
2001-11-16,0.01,16.57
2001-11-17,0.03,15.72
2001-11-18,0.0,15.16
2001-11-19,0.0,14.52
2001-11-20,0.01,16.71
2001-11-21,0.07,15.01
2001-11-22,0.07,11.76
2001-11-23,0.1,9.88
2001-11-24,6.76,8.32
2001-11-25,1.27,6.44
2001-11-26,0.02,6.04
2001-11-27,0.01,2.85
2001-11-28,0.14,4.46
2001-11-29,0.91,5.48
2001-11-30,0.26,7.29
2001-12-01,0.18,7.99
2001-12-02,0.1,9.0
2001-12-03,0.74,7.83
2001-12-04,0.0,5.19
2001-12-05,0.13,5.88
2001-12-06,0.07,9.05
2001-12-07,0.0,10.08
2001-12-08,0.0,8.56
2001-12-09,0.2,6.09
2001-12-10,0.18,3.85
2001-12-11,0.29,3.01
2001-12-12,0.03,4.15
2001-12-13,0.03,6.06
2001-12-14,3.49,2.95
2001-12-15,0.0,1.21
2001-12-16,0.14,4.23
2001-12-17,0.15,7.82
2001-12-18,0.07,8.7
2001-12-19,0.06,11.1
2001-12-20,0.74,6.29
2001-12-21,3.13,4.62
2001-12-22,0.28,6.03
2001-12-23,0.08,5.02
2001-12-24,0.0,4.69
2001-12-25,0.03,7.8
2001-12-26,0.05,9.63
2001-12-27,0.02,10.75
2001-12-28,0.56,10.53
2001-12-29,1.53,8.09
2001-12-30,0.36,9.4
2001-12-31,0.11,9.77
2002-01-01,0.65,9.6
2002-01-02,0.34,9.79
2002-01-03,0.52,8.96
2002-01-04,0.0,7.06
2002-01-05,0.19,9.21
2002-01-06,0.11,11.47
2002-01-07,0.02,14.8
2002-01-08,0.02,16.1
2002-01-09,0.0,11.6
2002-01-10,0.0,8.49
2002-01-11,0.0,10.89
2002-01-12,0.0,14.69
2002-01-13,0.0,12.01
2002-01-14,0.0,10.61
2002-01-15,0.01,6.33
2002-01-16,0.0,4.65
2002-01-17,0.0,4.6
2002-01-18,0.0,4.24
2002-01-19,0.0,4.66
2002-01-20,0.0,4.79
2002-01-21,0.01,8.28
2002-01-22,0.06,4.47
2002-01-23,0.0,1.87
2002-01-24,0.0,4.9
2002-01-25,0.0,10.19
2002-01-26,0.07,9.49
2002-01-27,0.99,5.76
2002-01-28,1.37,3.64
2002-01-29,0.59,0.33
2002-01-30,0.0,-1.09
2002-01-31,0.09,1.71
2002-02-01,0.0,4.5
2002-02-02,0.0,6.22
2002-02-03,0.04,6.74
2002-02-04,0.01,7.44
2002-02-05,0.0,9.32
2002-02-06,0.0,11.6
2002-02-07,0.03,10.71
2002-02-08,0.13,8.84
2002-02-09,0.0,8.38
2002-02-10,0.0,7.41
2002-02-11,0.0,11.48
2002-02-12,0.01,14.55
2002-02-13,0.0,12.07
2002-02-14,0.0,11.93
2002-02-15,0.0,14.17
2002-02-16,0.18,10.83
2002-02-17,0.87,5.75
2002-02-18,0.08,5.42
2002-02-19,0.0,8.74
2002-02-20,0.06,12.54
2002-02-21,0.01,14.35
2002-02-22,0.0,16.58
2002-02-23,0.04,13.65
2002-02-24,0.0,12.75
2002-02-25,0.0,15.46
2002-02-26,0.0,14.68
2002-02-27,0.0,15.58
2002-02-28,0.01,13.15
2002-03-01,0.02,7.19
2002-03-02,0.0,5.26
2002-03-03,0.0,6.86
2002-03-04,0.0,10.78
2002-03-05,0.0,11.5
2002-03-06,1.0,10.58
2002-03-07,1.52,9.46
2002-03-08,0.19,8.19
2002-03-09,0.0,11.02
2002-03-10,0.04,12.61
2002-03-11,0.01,14.69
2002-03-12,0.01,15.87
2002-03-13,0.0,8.9
2002-03-14,0.01,5.74
2002-03-15,0.05,5.13
2002-03-16,0.2,4.48
2002-03-17,1.36,5.15
2002-03-18,2.13,5.01
2002-03-19,0.0,10.0
2002-03-20,0.04,15.81
2002-03-21,0.01,16.94
2002-03-22,0.0,12.03
2002-03-23,1.38,8.74
2002-03-24,0.79,8.32
2002-03-25,0.01,11.35
2002-03-26,0.0,14.17
2002-03-27,0.01,13.26
2002-03-28,0.25,11.29
2002-03-29,0.47,13.75
2002-03-30,0.01,17.54
2002-03-31,0.0,19.95
2002-04-01,0.01,19.29
2002-04-02,0.0,17.55
2002-04-03,0.0,15.83
2002-04-04,0.0,14.91
2002-04-05,0.02,11.27
2002-04-06,0.2,9.98
2002-04-07,0.01,14.01
2002-04-08,0.01,14.73
2002-04-09,0.08,16.75
2002-04-10,0.07,17.09
2002-04-11,0.01,19.49
2002-04-12,0.0,20.17
2002-04-13,0.0,23.17
2002-04-14,0.02,22.21
2002-04-15,0.07,11.02
2002-04-16,0.01,11.16
2002-04-17,0.11,8.84
2002-04-18,0.0,8.97
2002-04-19,0.21,8.74
2002-04-20,0.02,10.62
2002-04-21,0.03,15.31
2002-04-22,0.0,19.01
2002-04-23,0.0,17.84
2002-04-24,2.42,14.31
2002-04-25,0.14,12.18
2002-04-26,1.23,8.76
2002-04-27,0.14,8.94
2002-04-28,0.06,13.99
2002-04-29,0.02,12.1
2002-04-30,0.1,9.7
2002-05-01,0.0,10.21
2002-05-02,0.0,12.7
2002-05-03,0.0,15.1
2002-05-04,0.0,16.97
2002-05-05,0.0,16.88
2002-05-06,0.0,16.23
2002-05-07,0.0,13.34
2002-05-08,0.0,16.24
2002-05-09,0.0,17.53
2002-05-10,0.0,14.12
2002-05-11,0.0,15.32
2002-05-12,0.0,20.81
2002-05-13,0.0,23.21
2002-05-14,0.0,20.93
2002-05-15,0.04,17.25
2002-05-16,0.01,18.28
2002-05-17,0.0,21.08
2002-05-18,0.01,20.49
2002-05-19,0.05,15.02
2002-05-20,0.21,10.49
2002-05-21,0.0,10.83
2002-05-22,0.0,14.51
2002-05-23,0.0,16.87
2002-05-24,0.0,19.71
2002-05-25,0.0,19.7
2002-05-26,0.0,18.32
2002-05-27,0.0,18.94
2002-05-28,0.0,21.88
2002-05-29,0.0,26.27
2002-05-30,0.03,25.95
2002-05-31,0.0,22.59
2002-06-01,0.0,19.07
2002-06-02,0.0,16.16
2002-06-03,0.0,18.7
2002-06-04,0.01,24.62
2002-06-05,0.06,28.99
2002-06-06,0.0,28.91
2002-06-07,0.0,23.82
2002-06-08,0.0,18.94
2002-06-09,0.0,17.9
2002-06-10,0.0,21.34
2002-06-11,0.0,21.87
2002-06-12,0.0,21.58
2002-06-13,0.0,22.67
2002-06-14,0.0,23.12
2002-06-15,0.0,24.08
2002-06-16,0.0,24.43
2002-06-17,0.0,24.02
2002-06-18,0.0,24.66
2002-06-19,0.0,23.63
2002-06-20,0.0,21.0
2002-06-21,0.0,18.03
2002-06-22,0.0,21.33
2002-06-23,0.0,25.37
2002-06-24,0.0,25.16
2002-06-25,0.0,25.47
2002-06-26,0.12,23.61
2002-06-27,0.01,22.1
2002-06-28,0.0,23.31
2002-06-29,0.0,25.76
2002-06-30,0.06,27.97
2002-07-01,0.0,28.22
2002-07-02,0.0,26.9
2002-07-03,0.0,23.7
2002-07-04,0.0,23.56
2002-07-05,0.0,23.97
2002-07-06,0.0,25.54
2002-07-07,0.0,27.5
2002-07-08,0.0,30.38
2002-07-09,0.0,32.54
2002-07-10,0.03,31.83
2002-07-11,0.32,29.4
2002-07-12,0.02,30.28
2002-07-13,0.03,30.0
2002-07-14,0.02,30.01
2002-07-15,0.03,27.53
2002-07-16,0.03,25.84
2002-07-17,0.02,25.79
2002-07-18,0.13,25.68
2002-07-19,0.07,25.72
2002-07-20,0.0,25.02
2002-07-21,0.0,23.79
2002-07-22,0.0,24.82
2002-07-23,0.0,28.89
2002-07-24,1.1,28.91
2002-07-25,0.0,28.67
2002-07-26,0.0,26.4
2002-07-27,0.0,22.81
2002-07-28,0.0,22.19
2002-07-29,0.0,25.18
2002-07-30,0.0,26.32
2002-07-31,0.0,25.85
2002-08-01,0.0,26.8
2002-08-02,0.01,23.87
2002-08-03,0.0,22.59
2002-08-04,0.0,24.2
2002-08-05,0.0,24.07
2002-08-06,0.0,22.96
2002-08-07,0.0,23.25
2002-08-08,0.0,27.23
2002-08-09,0.0,29.12
2002-08-10,0.02,29.9
2002-08-11,0.0,30.5
2002-08-12,0.0,29.97
2002-08-13,0.0,28.35
2002-08-14,0.0,26.79
2002-08-15,0.0,26.91
2002-08-16,0.0,26.3
2002-08-17,0.0,27.08
2002-08-18,0.0,24.37
2002-08-19,0.0,22.84
2002-08-20,0.0,21.25
2002-08-21,0.0,20.01
2002-08-22,0.0,20.82
2002-08-23,0.0,22.31
2002-08-24,0.0,24.06
2002-08-25,0.0,25.34
2002-08-26,0.0,24.61
2002-08-27,0.0,24.81
2002-08-28,0.0,21.53
2002-08-29,0.0,23.42
2002-08-30,0.0,25.35
2002-08-31,0.0,28.19
2002-09-01,0.0,31.33
2002-09-02,0.0,29.35
2002-09-03,0.0,27.56
2002-09-04,0.05,27.88
2002-09-05,0.53,26.09
2002-09-06,1.06,22.89
2002-09-07,0.71,20.78
2002-09-08,0.0,20.98
2002-09-09,0.25,23.43
2002-09-10,0.09,24.76
2002-09-11,0.0,24.49
2002-09-12,0.0,25.33
2002-09-13,0.0,25.52
2002-09-14,0.06,27.84
2002-09-15,0.0,27.51
2002-09-16,0.01,21.92
2002-09-17,0.0,21.79
2002-09-18,0.1,22.24
2002-09-19,0.0,23.9
2002-09-20,0.0,25.96
2002-09-21,0.03,26.6
2002-09-22,0.0,28.62
2002-09-23,0.0,29.05
2002-09-24,0.07,27.75
2002-09-25,0.02,25.37
2002-09-26,0.0,22.25
2002-09-27,0.01,17.51
2002-09-28,0.05,14.92
2002-09-29,0.07,14.75
2002-09-30,0.02,14.4
2002-10-01,0.04,11.81
2002-10-02,0.11,11.51
2002-10-03,0.0,14.96
2002-10-04,0.0,17.8
2002-10-05,0.0,19.77
2002-10-06,0.0,21.2
2002-10-07,0.0,22.82
2002-10-08,0.0,23.63
2002-10-09,0.0,22.23
2002-10-10,0.0,19.02
2002-10-11,0.0,16.38
2002-10-12,0.0,19.77
2002-10-13,0.0,21.12
2002-10-14,0.0,20.98
2002-10-15,0.0,18.84
2002-10-16,0.06,14.26
2002-10-17,0.07,13.91
2002-10-18,0.02,13.94
2002-10-19,0.0,15.79
2002-10-20,0.0,17.12
2002-10-21,0.0,14.92
2002-10-22,0.0,13.41
2002-10-23,0.0,13.56
2002-10-24,0.01,12.92
2002-10-25,0.23,11.78
2002-10-26,0.08,10.69
2002-10-27,0.01,12.67
2002-10-28,0.0,13.43
2002-10-29,0.0,11.39
2002-10-30,0.07,12.23
2002-10-31,0.0,12.75
2002-11-01,0.0,12.48
2002-11-02,0.01,12.88
2002-11-03,0.0,13.02
2002-11-04,0.01,13.5
2002-11-05,0.0,15.78
2002-11-06,0.0,16.48
2002-11-07,1.86,11.58
2002-11-08,9.05,12.38
2002-11-09,7.45,13.49
2002-11-10,0.05,11.56
2002-11-11,0.83,11.84
2002-11-12,0.01,14.29
2002-11-13,0.04,16.5
2002-11-14,0.0,13.9
2002-11-15,0.0,12.66
2002-11-16,0.0,13.77
2002-11-17,0.01,14.35
2002-11-18,0.0,12.02
2002-11-19,0.0,13.44
2002-11-20,0.0,15.9
2002-11-21,0.0,17.95
2002-11-22,0.0,17.53
2002-11-23,0.0,10.49
2002-11-24,0.0,12.31
2002-11-25,0.06,8.79
2002-11-26,0.08,9.33
2002-11-27,0.21,10.0
2002-11-28,0.41,11.17
2002-11-29,2.34,9.78
2002-11-30,2.28,9.44
2002-12-01,0.03,8.82
2002-12-02,0.02,9.05
2002-12-03,0.05,9.66
2002-12-04,0.04,9.87
2002-12-05,0.0,10.95
2002-12-06,0.0,10.72
2002-12-07,0.01,9.38
2002-12-08,0.0,9.96
2002-12-09,0.0,10.28
2002-12-10,0.05,8.78
2002-12-11,0.0,8.85
2002-12-12,0.0,11.02
2002-12-13,0.58,10.27
2002-12-14,0.14,9.62
2002-12-15,1.03,8.69
2002-12-16,9.73,7.69
2002-12-17,3.76,5.6
2002-12-18,0.3,3.85
2002-12-19,0.29,4.65
2002-12-20,4.94,3.71
2002-12-21,0.61,4.58
2002-12-22,0.14,2.99
2002-12-23,0.07,2.58
2002-12-24,0.0,3.52
2002-12-25,0.01,4.3
2002-12-26,0.1,7.63
2002-12-27,0.19,7.39
2002-12-28,1.05,8.67
2002-12-29,0.87,4.78
2002-12-30,0.06,6.31
2002-12-31,0.14,5.22
2003-01-01,0.0,5.93
2003-01-02,0.01,8.95
2003-01-03,0.02,13.09
2003-01-04,0.0,16.3
2003-01-05,0.0,14.04
2003-01-06,0.01,10.74
2003-01-07,0.04,13.23
2003-01-08,3.85,10.59
2003-01-09,0.18,9.27
2003-01-10,0.01,7.27
2003-01-11,0.0,9.45
2003-01-12,0.0,11.97
2003-01-13,0.0,12.54
2003-01-14,0.0,12.9
2003-01-15,0.0,10.51
2003-01-16,0.0,11.07
2003-01-17,0.05,13.19
2003-01-18,0.0,13.98
2003-01-19,0.0,14.4
2003-01-20,0.48,11.68
2003-01-21,0.38,9.88
2003-01-22,0.0,12.68
2003-01-23,0.0,13.56
2003-01-24,0.0,13.7
2003-01-25,0.0,12.92
2003-01-26,0.0,14.85
2003-01-27,0.0,14.34
2003-01-28,0.0,14.71
2003-01-29,0.0,14.29
2003-01-30,0.0,15.04
2003-01-31,0.0,17.93
2003-02-01,0.0,16.33
2003-02-02,0.0,6.82
2003-02-03,0.0,7.98
2003-02-04,0.0,9.27
2003-02-05,0.0,5.04
2003-02-06,0.0,5.06
2003-02-07,0.0,4.39
2003-02-08,0.01,6.44
2003-02-09,0.0,7.42
2003-02-10,0.05,6.9
2003-02-11,9.81,6.51
2003-02-12,14.09,8.59
2003-02-13,6.69,10.14
2003-02-14,1.74,10.64
2003-02-15,0.27,11.09
2003-02-16,0.0,10.63
2003-02-17,0.0,10.1
2003-02-18,0.0,10.23
2003-02-19,0.14,10.23
2003-02-20,0.95,7.57
2003-02-21,0.01,10.41
2003-02-22,0.05,9.82
2003-02-23,0.54,9.58
2003-02-24,3.22,8.22
2003-02-25,16.16,5.88
2003-02-26,2.78,6.22
2003-02-27,2.53,5.46
2003-02-28,0.24,6.44
2003-03-01,0.58,6.65
2003-03-02,0.0,6.19
2003-03-03,0.19,6.33
2003-03-04,0.53,5.26
2003-03-05,0.0,7.73
2003-03-06,0.04,10.11
2003-03-07,0.0,10.86
2003-03-08,0.0,13.34
2003-03-09,0.0,15.14
2003-03-10,0.0,16.52
2003-03-11,0.0,16.05
2003-03-12,0.0,16.61
2003-03-13,0.03,16.17
2003-03-14,0.58,12.56
2003-03-15,19.93,10.6
2003-03-16,9.2,9.1
2003-03-17,0.94,7.1
2003-03-18,0.0,7.98
2003-03-19,0.0,9.11
2003-03-20,0.0,8.81
2003-03-21,0.0,12.25
2003-03-22,0.0,15.43
2003-03-23,0.04,13.86
2003-03-24,0.0,11.16
2003-03-25,0.0,15.77
2003-03-26,0.0,16.92
2003-03-27,0.0,12.68
2003-03-28,0.0,10.17
2003-03-29,0.0,11.78
2003-03-30,0.0,16.0
2003-03-31,0.0,18.12
2003-04-01,0.0,12.64
2003-04-02,0.1,7.89
2003-04-03,0.01,6.64
2003-04-04,0.3,6.94
2003-04-05,0.11,7.25
2003-04-06,0.0,9.19
2003-04-07,0.0,12.99
2003-04-08,0.05,15.7
2003-04-09,0.0,17.23
2003-04-10,0.0,15.12
2003-04-11,0.0,13.31
2003-04-12,0.39,11.22
2003-04-13,1.67,11.09
2003-04-14,11.79,9.08
2003-04-15,0.68,7.89
2003-04-16,0.0,10.25
2003-04-17,0.21,7.41
2003-04-18,0.05,9.15
2003-04-19,0.0,11.73
2003-04-20,0.0,13.9
2003-04-21,0.41,8.92
2003-04-22,0.32,6.54
2003-04-23,0.02,10.46
2003-04-24,0.0,11.28
2003-04-25,0.01,10.77
2003-04-26,0.0,11.68
2003-04-27,0.0,11.52
2003-04-28,0.02,10.3
2003-04-29,0.0,9.33
2003-04-30,0.0,11.87
2003-05-01,0.01,13.23
2003-05-02,0.05,11.34
2003-05-03,3.3,9.91
2003-05-04,0.25,11.55
2003-05-05,0.0,13.37
2003-05-06,0.03,11.86
2003-05-07,0.48,9.15
2003-05-08,0.13,9.04
2003-05-09,0.0,10.29
2003-05-10,0.0,12.96
2003-05-11,0.03,16.97
2003-05-12,0.0,18.89
2003-05-13,0.0,17.56
2003-05-14,0.0,14.35
2003-05-15,0.0,17.01
2003-05-16,0.0,21.24
2003-05-17,0.02,19.42
2003-05-18,0.0,18.58
2003-05-19,0.0,22.56
2003-05-20,0.0,24.98
2003-05-21,0.0,25.82
2003-05-22,0.0,25.69
2003-05-23,0.0,22.83
2003-05-24,0.0,19.42
2003-05-25,0.0,18.1
2003-05-26,0.0,21.45
2003-05-27,0.0,27.25
2003-05-28,0.4,29.45
2003-05-29,0.0,27.49
2003-05-30,0.0,24.26
2003-05-31,0.0,23.85
2003-06-01,0.0,25.57
2003-06-02,0.0,26.0
2003-06-03,0.0,22.68
2003-06-04,0.01,21.96
2003-06-05,0.0,22.21
2003-06-06,0.01,21.28
2003-06-07,0.02,21.9
2003-06-08,0.01,22.79
2003-06-09,0.01,21.6
2003-06-10,0.01,17.91
2003-06-11,0.0,15.94
2003-06-12,0.0,16.44
2003-06-13,0.0,19.57
2003-06-14,0.0,23.77
2003-06-15,0.0,24.36
2003-06-16,0.0,24.23
2003-06-17,0.0,25.41
2003-06-18,0.0,23.77
2003-06-19,0.02,19.11
2003-06-20,0.07,15.18
2003-06-21,0.01,16.08
2003-06-22,0.04,17.08
2003-06-23,0.01,15.81
2003-06-24,0.01,19.61
2003-06-25,0.0,25.14
2003-06-26,0.0,27.68
2003-06-27,0.0,27.71
2003-06-28,0.0,25.94
2003-06-29,0.0,25.88
2003-06-30,0.0,26.2
2003-07-01,0.0,26.36
2003-07-02,0.0,26.02
2003-07-03,0.0,26.4
2003-07-04,0.0,27.52
2003-07-05,0.0,26.57
2003-07-06,0.0,24.6
2003-07-07,0.0,24.69
2003-07-08,0.0,27.36
2003-07-09,0.0,29.43
2003-07-10,0.0,32.05
2003-07-11,0.0,31.25
2003-07-12,0.0,28.54
2003-07-13,0.0,28.83
2003-07-14,0.0,30.74
2003-07-15,0.02,32.08
2003-07-16,0.0,33.83
2003-07-17,0.11,32.01
2003-07-18,0.03,27.48
2003-07-19,0.0,26.33
2003-07-20,0.0,27.33
2003-07-21,0.0,28.82
2003-07-22,0.0,28.95
2003-07-23,0.0,28.6
2003-07-24,0.0,28.06
2003-07-25,0.0,27.0
2003-07-26,0.15,27.99
2003-07-27,0.14,28.31
2003-07-28,1.21,26.19
2003-07-29,0.92,26.36
2003-07-30,0.47,26.15
2003-07-31,3.57,25.3
2003-08-01,5.55,23.24
2003-08-02,0.0,23.37
2003-08-03,0.03,23.22
2003-08-04,0.0,24.05
2003-08-05,0.0,24.42
2003-08-06,0.0,23.16
2003-08-07,0.0,25.79
2003-08-08,0.01,28.13
2003-08-09,0.0,29.26
2003-08-10,0.0,29.53
2003-08-11,0.0,29.35
2003-08-12,0.0,29.69
2003-08-13,0.0,29.66
2003-08-14,0.31,29.82
2003-08-15,0.4,28.87
2003-08-16,0.01,28.56
2003-08-17,0.0,29.39
2003-08-18,0.0,29.52
2003-08-19,2.9,27.64
2003-08-20,6.28,26.06
2003-08-21,0.48,25.08
2003-08-22,0.0,22.69
2003-08-23,0.84,26.29
2003-08-24,1.18,27.77
2003-08-25,3.16,27.25
2003-08-26,4.32,27.08
2003-08-27,1.39,27.48
2003-08-28,0.09,27.22
2003-08-29,0.0,26.32
2003-08-30,0.0,28.05
2003-08-31,0.77,27.46
2003-09-01,0.55,27.27
2003-09-02,0.09,28.63
2003-09-03,0.56,28.7
2003-09-04,1.26,29.07
2003-09-05,0.18,28.71
2003-09-06,0.0,26.83
2003-09-07,0.0,24.93
2003-09-08,0.0,21.48
2003-09-09,0.0,17.39
2003-09-10,0.0,21.03
2003-09-11,0.0,25.32
2003-09-12,0.0,26.01
2003-09-13,0.0,26.29
2003-09-14,0.0,26.96
2003-09-15,0.0,24.89
2003-09-16,0.0,23.0
2003-09-17,0.0,20.86
2003-09-18,0.0,23.89
2003-09-19,0.0,25.58
2003-09-20,0.0,26.83
2003-09-21,0.01,28.05
2003-09-22,0.0,28.96
2003-09-23,0.0,27.61
2003-09-24,0.0,23.4
2003-09-25,0.0,25.83
2003-09-26,0.0,27.47
2003-09-27,0.0,27.93
2003-09-28,0.0,26.43
2003-09-29,0.34,25.34
2003-09-30,0.0,25.27
2003-10-01,0.0,22.57
2003-10-02,0.0,18.83
2003-10-03,0.0,17.78
2003-10-04,0.0,21.27
2003-10-05,0.0,22.44
2003-10-06,0.0,23.26
2003-10-07,0.0,23.08
2003-10-08,0.0,24.41
2003-10-09,0.0,23.76
2003-10-10,0.02,18.35
2003-10-11,0.0,22.2
2003-10-12,0.01,23.05
2003-10-13,0.0,23.36
2003-10-14,0.0,22.76
2003-10-15,0.0,20.19
2003-10-16,0.0,21.98
2003-10-17,0.0,24.59
2003-10-18,0.0,25.16
2003-10-19,0.0,26.17
2003-10-20,0.0,26.49
2003-10-21,0.0,26.16
2003-10-22,0.0,26.08
2003-10-23,0.0,25.32
2003-10-24,0.0,23.01
2003-10-25,0.0,19.92
2003-10-26,0.0,19.12
2003-10-27,0.0,21.32
2003-10-28,0.0,21.55
2003-10-29,0.0,15.09
2003-10-30,0.01,10.98
2003-10-31,0.65,8.2
2003-11-01,0.78,9.54
2003-11-02,0.01,7.41
2003-11-03,0.17,6.96
2003-11-04,0.02,8.59
2003-11-05,0.0,10.47
2003-11-06,0.01,12.84
2003-11-07,0.0,12.08
2003-11-08,0.0,12.86
2003-11-09,0.0,12.09
2003-11-10,0.01,13.22
2003-11-11,3.59,12.9
2003-11-12,19.58,9.87
2003-11-13,0.91,9.66
2003-11-14,0.02,9.96
2003-11-15,0.78,8.09
2003-11-16,0.51,7.78
2003-11-17,0.0,9.16
2003-11-18,0.0,12.66
2003-11-19,0.0,15.44
2003-11-20,0.0,13.41
2003-11-21,0.0,8.96
2003-11-22,0.0,4.11
2003-11-23,0.0,4.58
2003-11-24,0.0,7.71
2003-11-25,0.0,7.23
2003-11-26,0.0,6.73
2003-11-27,0.0,7.06
2003-11-28,0.0,8.04
2003-11-29,0.0,12.25
2003-11-30,0.0,12.21
2003-12-01,0.0,10.16
2003-12-02,0.0,10.4
2003-12-03,0.0,11.47
2003-12-04,0.0,12.41
2003-12-05,0.0,14.46
2003-12-06,0.02,13.37
2003-12-07,0.75,10.92
2003-12-08,0.01,6.11
2003-12-09,0.05,6.74
2003-12-10,0.24,6.19
2003-12-11,0.9,5.24
2003-12-12,0.0,6.36
2003-12-13,0.31,8.41
2003-12-14,0.3,4.67
2003-12-15,0.0,3.33
2003-12-16,0.04,4.2
2003-12-17,0.0,7.97
2003-12-18,0.04,12.17
2003-12-19,0.02,12.73
2003-12-20,0.04,11.14
2003-12-21,0.01,9.74
2003-12-22,0.01,8.76
2003-12-23,0.82,7.38
2003-12-24,0.65,8.55
2003-12-25,12.86,9.52
2003-12-26,1.46,2.25
2003-12-27,0.0,1.14
2003-12-28,0.0,3.0
2003-12-29,0.02,4.23
2003-12-30,0.02,4.72
2003-12-31,0.0,5.75
2004-01-01,0.12,5.73
2004-01-02,1.63,6.32
2004-01-03,0.57,3.56
2004-01-04,0.02,2.47
2004-01-05,0.0,3.34
2004-01-06,0.01,6.2
2004-01-07,0.01,10.06
2004-01-08,0.0,11.26
2004-01-09,0.0,10.95
2004-01-10,0.0,12.45
2004-01-11,0.0,12.5
2004-01-12,0.0,12.76
2004-01-13,0.0,12.24
2004-01-14,0.0,11.15
2004-01-15,0.0,10.99
2004-01-16,0.0,9.56
2004-01-17,0.0,8.54
2004-01-18,0.01,9.44
2004-01-19,0.73,8.74
2004-01-20,0.76,6.77
2004-01-21,0.2,5.5
2004-01-22,0.32,5.6
2004-01-23,0.0,8.12
2004-01-24,0.05,4.57
2004-01-25,0.08,6.49
2004-01-26,0.0,5.9
2004-01-27,0.0,7.51
2004-01-28,0.11,7.51
2004-01-29,0.0,9.13
2004-01-30,0.0,9.51
2004-01-31,0.03,7.57
2004-02-01,0.0,6.83
2004-02-02,2.46,8.05
2004-02-03,2.87,4.67
2004-02-04,0.06,5.28
2004-02-05,0.06,4.39
2004-02-06,0.0,6.55
2004-02-07,0.0,7.59
2004-02-08,0.0,5.83
2004-02-09,0.0,4.35
2004-02-10,0.0,4.5
2004-02-11,0.0,7.16
2004-02-12,0.0,4.44
2004-02-13,0.0,6.14
2004-02-14,0.0,8.35
2004-02-15,0.04,9.78
2004-02-16,0.0,12.53
2004-02-17,0.0,15.33
2004-02-18,2.23,9.27
2004-02-19,1.23,8.62
2004-02-20,2.94,8.38
2004-02-21,1.45,5.9
2004-02-22,15.63,7.25
2004-02-23,6.02,5.66
2004-02-24,0.37,7.14
2004-02-25,0.55,8.64
2004-02-26,10.35,7.6
2004-02-27,1.77,5.12
2004-02-28,0.22,5.45
2004-02-29,0.02,7.22
2004-03-01,0.73,6.75
2004-03-02,8.19,6.1
2004-03-03,0.19,9.56
2004-03-04,1.73,9.98
2004-03-05,0.0,10.84
2004-03-06,0.0,13.44
2004-03-07,0.0,15.12
2004-03-08,0.0,17.88
2004-03-09,0.0,19.11
2004-03-10,0.0,17.18
2004-03-11,0.0,17.96
2004-03-12,0.0,17.17
2004-03-13,0.0,17.32
2004-03-14,0.0,17.96
2004-03-15,0.0,18.84
2004-03-16,0.0,18.99
2004-03-17,0.0,19.65
2004-03-18,0.0,20.06
2004-03-19,0.0,20.31
2004-03-20,0.0,21.2
2004-03-21,0.0,21.68
2004-03-22,0.0,21.05
2004-03-23,0.0,15.04
2004-03-24,0.0,13.16
2004-03-25,0.0,12.94
2004-03-26,0.04,11.03
2004-03-27,0.0,13.87
2004-03-28,0.0,15.98
2004-03-29,0.0,18.81
2004-03-30,0.0,19.56
2004-03-31,0.0,16.44
2004-04-01,0.71,11.29
2004-04-02,1.77,9.16
2004-04-03,3.13,12.03
2004-04-04,0.1,13.45
2004-04-05,0.0,13.77
2004-04-06,0.0,12.26
2004-04-07,0.3,13.77
2004-04-08,2.6,16.02
2004-04-09,0.0,17.17
2004-04-10,0.0,16.84
2004-04-11,0.0,16.22
2004-04-12,0.0,17.8
2004-04-13,0.0,15.1
2004-04-14,0.0,12.97
2004-04-15,0.0,13.17
2004-04-16,0.0,12.22
2004-04-17,1.89,7.3
2004-04-18,0.02,10.45
2004-04-19,0.01,10.9
2004-04-20,0.0,13.02
2004-04-21,0.0,13.79
2004-04-22,0.0,13.44
2004-04-23,0.0,16.6
2004-04-24,0.0,20.4
2004-04-25,0.0,22.44
2004-04-26,0.0,23.61
2004-04-27,0.0,23.99
2004-04-28,0.0,18.52
2004-04-29,0.0,14.72
2004-04-30,0.0,17.12
2004-05-01,0.0,22.45
2004-05-02,0.0,25.04
2004-05-03,0.0,26.66
2004-05-04,0.0,25.28
2004-05-05,0.0,20.7
2004-05-06,0.0,20.19
2004-05-07,0.0,21.76
2004-05-08,0.0,20.6
2004-05-09,0.0,19.81
2004-05-10,0.0,15.06
2004-05-11,0.0,14.21
2004-05-12,0.0,15.33
2004-05-13,0.0,19.54
2004-05-14,0.0,21.98
2004-05-15,0.0,21.29
2004-05-16,0.0,18.79
2004-05-17,0.0,16.23
2004-05-18,0.0,15.7
2004-05-19,0.0,15.83
2004-05-20,0.0,14.71
2004-05-21,0.0,14.25
2004-05-22,0.01,15.46
2004-05-23,0.0,15.03
2004-05-24,0.0,13.66
2004-05-25,0.0,12.8
2004-05-26,0.0,16.28
2004-05-27,0.0,18.16
2004-05-28,0.01,16.22
2004-05-29,0.01,18.3
2004-05-30,0.04,23.13
2004-05-31,0.0,24.7
2004-06-01,0.0,24.0
2004-06-02,0.0,25.27
2004-06-03,0.0,26.06
2004-06-04,0.0,26.41
2004-06-05,0.0,25.1
2004-06-06,0.0,24.24
2004-06-07,0.0,20.27
2004-06-08,0.0,16.41
2004-06-09,0.0,13.73
2004-06-10,0.0,17.84
2004-06-11,0.0,20.59
2004-06-12,0.0,21.38
2004-06-13,0.0,23.89
2004-06-14,0.0,24.48
2004-06-15,0.0,24.36
2004-06-16,0.05,23.48
2004-06-17,0.06,21.78
2004-06-18,0.0,22.04
2004-06-19,0.01,21.27
2004-06-20,0.0,22.04
2004-06-21,0.0,22.5
2004-06-22,0.0,24.54
2004-06-23,0.0,24.67
2004-06-24,0.0,25.88
2004-06-25,0.0,25.94
2004-06-26,0.0,24.57
2004-06-27,0.0,23.79
2004-06-28,0.0,21.7
2004-06-29,0.0,20.01
2004-06-30,0.0,19.12
2004-07-01,0.0,19.89
2004-07-02,0.0,21.49
2004-07-03,0.0,21.63
2004-07-04,0.0,23.64
2004-07-05,0.0,25.38
2004-07-06,0.0,25.59
2004-07-07,0.0,21.95
2004-07-08,0.0,20.99
2004-07-09,0.0,23.37
2004-07-10,0.09,26.78
2004-07-11,0.01,29.11
2004-07-12,0.0,29.61
2004-07-13,0.0,28.59
2004-07-14,0.03,28.04
2004-07-15,0.1,26.55
2004-07-16,0.02,25.49
2004-07-17,0.0,27.17
2004-07-18,0.0,28.11
2004-07-19,0.0,28.03
2004-07-20,0.0,28.17
2004-07-21,0.0,27.38
2004-07-22,0.0,26.29
2004-07-23,0.0,26.55
2004-07-24,0.0,28.52
2004-07-25,0.03,29.49
2004-07-26,0.0,29.39
2004-07-27,0.0,25.85
2004-07-28,0.0,24.96
2004-07-29,0.0,25.73
2004-07-30,0.0,25.5
2004-07-31,0.01,25.78
2004-08-01,0.0,25.5
2004-08-02,0.0,22.91
2004-08-03,0.0,24.34
2004-08-04,0.0,25.55
2004-08-05,2.25,24.47
2004-08-06,0.0,25.9
2004-08-07,0.0,27.51
2004-08-08,0.0,29.15
2004-08-09,0.0,30.3
2004-08-10,0.0,31.23
2004-08-11,0.0,30.97
2004-08-12,0.06,29.14
2004-08-13,3.75,27.54
2004-08-14,2.44,25.6
2004-08-15,0.22,25.39
2004-08-16,0.11,26.47
2004-08-17,0.58,27.17
2004-08-18,0.01,26.37
2004-08-19,0.0,25.38
2004-08-20,0.0,25.24
2004-08-21,0.0,23.78
2004-08-22,0.0,20.21
2004-08-23,0.0,18.22
2004-08-24,0.02,18.76
2004-08-25,0.02,21.87
2004-08-26,0.0,20.66
2004-08-27,0.0,23.29
2004-08-28,0.0,26.72
2004-08-29,0.0,26.38
2004-08-30,0.0,26.97
2004-08-31,0.0,28.61
2004-09-01,0.0,29.08
2004-09-02,0.0,26.73
2004-09-03,0.0,19.47
2004-09-04,0.0,22.38
2004-09-05,0.0,25.32
2004-09-06,0.0,25.82
2004-09-07,0.0,26.78
2004-09-08,0.08,28.38
2004-09-09,0.24,27.03
2004-09-10,0.84,27.61
2004-09-11,7.69,26.67
2004-09-12,0.0,24.38
2004-09-13,0.0,20.55
2004-09-14,0.0,20.66
2004-09-15,0.0,23.15
2004-09-16,0.0,23.14
2004-09-17,0.0,21.77
2004-09-18,0.0,19.02
2004-09-19,0.04,14.53
2004-09-20,0.0,14.59
2004-09-21,0.0,16.58
2004-09-22,0.0,19.05
2004-09-23,0.0,22.61
2004-09-24,0.0,24.53
2004-09-25,0.0,25.51
2004-09-26,0.0,25.35
2004-09-27,0.0,23.78
2004-09-28,0.0,18.39
2004-09-29,0.0,15.33
2004-09-30,0.0,16.18
2004-10-01,0.0,18.71
2004-10-02,0.0,20.82
2004-10-03,0.0,22.01
2004-10-04,0.0,20.9
2004-10-05,0.0,22.39
2004-10-06,0.0,23.83
2004-10-07,0.0,23.56
2004-10-08,0.0,24.21
2004-10-09,0.0,20.32
2004-10-10,0.0,16.31
2004-10-11,0.01,18.71
2004-10-12,0.03,19.94
2004-10-13,0.0,20.98
2004-10-14,0.0,21.06
2004-10-15,0.0,20.27
2004-10-16,0.93,14.17
2004-10-17,5.08,12.97
2004-10-18,3.09,13.42
2004-10-19,10.11,13.4
2004-10-20,20.17,11.89
2004-10-21,0.77,9.95
2004-10-22,0.01,11.02
2004-10-23,0.0,12.42
2004-10-24,0.0,12.86
2004-10-25,0.0,11.72
2004-10-26,1.63,10.31
2004-10-27,20.4,8.42
2004-10-28,1.17,8.14
2004-10-29,0.0,9.54
2004-10-30,0.0,10.83
2004-10-31,0.0,10.26
2004-11-01,0.0,7.84
2004-11-02,0.0,10.94
2004-11-03,0.0,12.4
2004-11-04,0.0,9.81
2004-11-05,0.0,11.73
2004-11-06,0.0,12.61
2004-11-07,0.48,10.96
2004-11-08,1.19,8.84
2004-11-09,0.07,10.99
2004-11-10,0.0,11.43
2004-11-11,0.0,9.84
2004-11-12,0.02,10.49
2004-11-13,0.02,9.63
2004-11-14,0.0,9.88
2004-11-15,0.0,11.16
2004-11-16,0.0,13.4
2004-11-17,0.0,13.52
2004-11-18,0.0,13.67
2004-11-19,0.0,12.83
2004-11-20,0.11,8.79
2004-11-21,14.37,1.66
2004-11-22,0.87,2.9
2004-11-23,0.0,6.16
2004-11-24,0.0,8.2
2004-11-25,0.0,9.52
2004-11-26,0.0,9.71
2004-11-27,0.57,7.95
2004-11-28,0.01,3.19
2004-11-29,1.14,0.87
2004-11-30,0.0,4.29
2004-12-01,0.0,3.15
2004-12-02,0.0,2.96
2004-12-03,0.0,4.67
2004-12-04,0.09,5.24
2004-12-05,2.81,3.0
2004-12-06,0.29,4.1
2004-12-07,0.51,5.15
2004-12-08,0.58,7.66
2004-12-09,0.07,9.8
2004-12-10,0.0,13.09
2004-12-11,0.0,14.98
2004-12-12,0.0,14.27
2004-12-13,0.0,13.0
2004-12-14,0.0,13.02
2004-12-15,0.0,10.61
2004-12-16,0.0,9.42
2004-12-17,0.0,8.43
2004-12-18,0.0,9.15
2004-12-19,0.0,11.73
2004-12-20,0.0,12.05
2004-12-21,0.0,7.72
2004-12-22,0.0,4.69
2004-12-23,0.0,3.69
2004-12-24,0.0,5.36
2004-12-25,0.0,7.63
2004-12-26,0.0,7.69
2004-12-27,0.36,6.87
2004-12-28,23.13,8.19
2004-12-29,29.55,7.58
2004-12-30,0.92,5.64
2004-12-31,3.41,5.05
2005-01-01,0.15,4.29
2005-01-02,0.24,4.87
2005-01-03,15.32,4.71
2005-01-04,2.54,3.01
2005-01-05,0.41,4.08
2005-01-06,0.01,3.89
2005-01-07,7.67,4.44
2005-01-08,6.32,8.12
2005-01-09,26.9,10.41
2005-01-10,15.46,10.46
2005-01-11,15.38,6.91
2005-01-12,0.03,4.54
2005-01-13,0.35,5.24
2005-01-14,0.0,7.57
2005-01-15,0.0,9.88
2005-01-16,0.0,12.2
2005-01-17,0.0,9.88
2005-01-18,0.0,10.74
2005-01-19,0.0,13.06
2005-01-20,0.0,13.43
2005-01-21,0.0,12.64
2005-01-22,0.0,12.19
2005-01-23,0.0,12.6
2005-01-24,0.04,12.46
2005-01-25,0.51,10.98
2005-01-26,2.59,9.42
2005-01-27,0.53,7.04
2005-01-28,3.45,7.18
2005-01-29,1.48,5.76
2005-01-30,0.0,5.33
2005-01-31,0.0,5.2
2005-02-01,0.0,6.86
2005-02-02,0.0,6.26
2005-02-03,0.0,6.73
2005-02-04,0.0,9.21
2005-02-05,0.0,8.83
2005-02-06,0.34,6.61
2005-02-07,0.36,7.17
2005-02-08,0.04,7.99
2005-02-09,0.0,8.06
2005-02-10,2.46,8.43
2005-02-11,26.36,9.07
2005-02-12,3.26,9.18
2005-02-13,0.12,10.32
2005-02-14,0.01,9.79
2005-02-15,0.01,8.82
2005-02-16,0.04,10.87
2005-02-17,0.53,10.96
2005-02-18,11.2,8.03
2005-02-19,10.5,7.72
2005-02-20,3.55,8.14
2005-02-21,16.18,7.6
2005-02-22,7.4,7.16
2005-02-23,17.44,6.71
2005-02-24,0.46,8.02
2005-02-25,0.17,9.03
2005-02-26,0.4,9.1
2005-02-27,0.04,9.44
2005-02-28,0.0,9.52
2005-03-01,0.0,9.95
2005-03-02,0.01,9.12
2005-03-03,0.1,10.38
2005-03-04,1.73,8.92
2005-03-05,2.37,8.46
2005-03-06,0.15,10.55
2005-03-07,0.0,13.32
2005-03-08,0.0,16.09
2005-03-09,0.0,17.92
2005-03-10,0.0,18.64
2005-03-11,0.0,17.28
2005-03-12,0.0,15.99
2005-03-13,0.0,10.86
2005-03-14,0.08,9.07
2005-03-15,0.0,8.82
2005-03-16,0.0,11.12
2005-03-17,0.0,10.01
2005-03-18,0.31,9.07
2005-03-19,3.52,9.34
2005-03-20,1.01,8.54
2005-03-21,0.04,9.92
2005-03-22,3.01,9.35
2005-03-23,3.5,7.43
2005-03-24,0.49,6.16
2005-03-25,0.02,7.94
2005-03-26,0.05,10.76
2005-03-27,0.0,13.01
2005-03-28,0.22,8.86
2005-03-29,0.0,8.94
2005-03-30,0.0,9.75
2005-03-31,0.0,9.17
2005-04-01,0.0,12.63
2005-04-02,0.0,14.77
2005-04-03,0.0,10.85
2005-04-04,0.01,9.09
2005-04-05,0.0,13.86
2005-04-06,0.0,15.68
2005-04-07,0.01,12.48
2005-04-08,0.08,9.18
2005-04-09,0.23,8.14
2005-04-10,0.0,10.91
2005-04-11,0.0,14.73
2005-04-12,0.0,16.27
2005-04-13,0.0,13.74
2005-04-14,0.0,13.97
2005-04-15,0.0,17.57
2005-04-16,0.0,18.42
2005-04-17,0.0,16.38
2005-04-18,0.0,10.68
2005-04-19,0.0,9.48
2005-04-20,0.01,11.71
2005-04-21,0.0,15.58
2005-04-22,0.36,14.77
2005-04-23,0.26,12.21
2005-04-24,0.44,10.16
2005-04-25,0.06,12.67
2005-04-26,0.0,14.98
2005-04-27,0.0,11.33
2005-04-28,4.31,9.53
2005-04-29,0.17,12.53
2005-04-30,0.0,14.5
2005-05-01,0.0,13.56
2005-05-02,0.0,14.74
2005-05-03,0.0,16.66
2005-05-04,0.24,16.98
2005-05-05,1.44,12.06
2005-05-06,1.3,10.5
2005-05-07,0.04,12.45
2005-05-08,0.06,13.8
2005-05-09,0.09,11.7
2005-05-10,0.0,11.71
2005-05-11,0.0,14.33
2005-05-12,0.0,18.21
2005-05-13,0.0,20.37
2005-05-14,0.0,21.66
2005-05-15,0.0,21.99
2005-05-16,0.0,15.2
2005-05-17,0.0,15.8
2005-05-18,0.0,19.35
2005-05-19,0.0,22.79
2005-05-20,0.0,24.0
2005-05-21,0.0,24.66
2005-05-22,0.0,25.55
2005-05-23,0.0,22.81
2005-05-24,0.0,20.97
2005-05-25,0.0,22.53
2005-05-26,0.0,22.78
2005-05-27,0.0,21.83
2005-05-28,0.07,20.8
2005-05-29,0.15,16.11
2005-05-30,0.0,18.08
2005-05-31,0.0,20.67
2005-06-01,0.0,19.19
2005-06-02,0.01,16.52
2005-06-03,0.01,19.0
2005-06-04,0.0,19.77
2005-06-05,0.0,17.28
2005-06-06,0.0,14.94
2005-06-07,0.0,16.21
2005-06-08,0.0,17.33
2005-06-09,0.0,17.15
2005-06-10,0.0,19.17
2005-06-11,0.0,19.3
2005-06-12,0.0,20.59
2005-06-13,0.0,24.65
2005-06-14,0.0,24.82
2005-06-15,0.0,21.97
2005-06-16,0.0,18.48
2005-06-17,0.0,15.64
2005-06-18,0.0,15.79
2005-06-19,0.0,18.92
2005-06-20,0.0,23.69
2005-06-21,0.0,26.24
2005-06-22,0.0,26.25
2005-06-23,0.0,23.5
2005-06-24,0.0,22.31
2005-06-25,0.0,18.6
2005-06-26,0.0,18.92
2005-06-27,0.0,19.94
2005-06-28,0.0,19.71
2005-06-29,0.0,24.36
2005-06-30,0.0,25.98
2005-07-01,0.0,26.53
2005-07-02,0.0,24.29
2005-07-03,0.0,22.85
2005-07-04,0.0,23.83
2005-07-05,0.0,23.24
2005-07-06,0.0,23.63
2005-07-07,0.0,24.22
2005-07-08,0.0,23.73
2005-07-09,0.0,22.65
2005-07-10,0.0,23.2
2005-07-11,0.0,26.81
2005-07-12,0.0,29.0
2005-07-13,0.0,30.11
2005-07-14,0.0,31.07
2005-07-15,0.0,29.86
2005-07-16,0.0,29.89
2005-07-17,0.0,29.8
2005-07-18,0.0,32.28
2005-07-19,0.0,32.62
2005-07-20,0.35,29.76
2005-07-21,0.0,30.85
2005-07-22,1.3,30.92
2005-07-23,0.13,28.69
2005-07-24,35.34,25.33
2005-07-25,0.06,26.07
2005-07-26,0.01,27.65
2005-07-27,0.01,28.24
2005-07-28,0.02,28.66
2005-07-29,0.61,28.17
2005-07-30,1.1,27.87
2005-07-31,0.37,28.72
2005-08-01,0.07,27.9
2005-08-02,0.35,27.05
2005-08-03,0.02,26.64
2005-08-04,0.87,27.92
2005-08-05,0.48,28.55
2005-08-06,0.36,28.96
2005-08-07,0.72,25.69
2005-08-08,0.06,26.88
2005-08-09,2.44,25.25
2005-08-10,0.35,25.09
2005-08-11,0.08,25.66
2005-08-12,0.0,24.79
2005-08-13,0.0,22.44
2005-08-14,4.06,22.83
2005-08-15,6.62,22.74
2005-08-16,0.0,24.05
2005-08-17,0.0,24.75
2005-08-18,0.0,23.57
2005-08-19,0.0,23.1
2005-08-20,0.0,26.31
2005-08-21,0.0,27.64
2005-08-22,0.0,27.22
2005-08-23,0.0,26.07
2005-08-24,0.05,26.42
2005-08-25,0.0,27.75
2005-08-26,0.0,28.58
2005-08-27,0.0,28.64
2005-08-28,0.0,29.14
2005-08-29,0.0,28.14
2005-08-30,0.0,25.93
2005-08-31,0.0,25.27
2005-09-01,0.0,25.45
2005-09-02,0.0,26.61
2005-09-03,0.0,26.11
2005-09-04,0.0,24.08
2005-09-05,0.0,23.38
2005-09-06,0.0,23.98
2005-09-07,0.0,24.5
2005-09-08,0.0,21.96
2005-09-09,0.0,15.7
2005-09-10,0.05,15.69
2005-09-11,0.0,15.49
2005-09-12,0.0,15.72
2005-09-13,0.0,14.88
2005-09-14,0.0,17.86
2005-09-15,0.0,20.52
2005-09-16,0.0,16.91
2005-09-17,0.0,18.12
2005-09-18,0.0,20.89
2005-09-19,2.44,24.03
2005-09-20,2.16,23.38
2005-09-21,1.18,21.85
2005-09-22,0.02,22.76
2005-09-23,0.0,21.12
2005-09-24,0.0,16.48
2005-09-25,0.0,20.7
2005-09-26,0.01,24.31
2005-09-27,0.02,20.98
2005-09-28,0.0,21.22
2005-09-29,0.0,24.38
2005-09-30,0.0,24.95
2005-10-01,0.15,23.13
2005-10-02,1.23,19.64
2005-10-03,0.0,17.15
2005-10-04,0.0,15.98
2005-10-05,0.0,17.87
2005-10-06,0.0,20.03
2005-10-07,0.0,21.17
2005-10-08,0.0,13.71
2005-10-09,0.0,15.54
2005-10-10,0.0,16.42
2005-10-11,0.0,17.88
2005-10-12,0.0,18.81
2005-10-13,0.0,20.7
2005-10-14,0.0,22.25
2005-10-15,0.14,16.74
2005-10-16,4.56,14.48
2005-10-17,22.31,14.9
2005-10-18,4.96,10.51
2005-10-19,0.0,14.27
2005-10-20,0.0,17.2
2005-10-21,0.0,18.15
2005-10-22,0.0,17.89
2005-10-23,0.0,18.49
2005-10-24,0.04,16.49
2005-10-25,0.02,13.19
2005-10-26,0.0,14.16
2005-10-27,0.0,12.26
2005-10-28,0.0,11.97
2005-10-29,0.0,13.39
2005-10-30,0.0,15.02
2005-10-31,0.0,16.05
2005-11-01,0.0,18.17
2005-11-02,0.0,16.5
2005-11-03,0.0,12.34
2005-11-04,0.0,10.55
2005-11-05,0.0,13.82
2005-11-06,0.0,16.3
2005-11-07,0.0,15.15
2005-11-08,0.0,13.84
2005-11-09,0.03,12.06
2005-11-10,0.17,11.6
2005-11-11,0.02,9.04
2005-11-12,0.0,12.74
2005-11-13,0.0,15.53
2005-11-14,0.0,15.96
2005-11-15,0.0,12.48
2005-11-16,0.0,12.27
2005-11-17,0.0,13.13
2005-11-18,0.0,12.6
2005-11-19,0.0,13.41
2005-11-20,0.0,13.55
2005-11-21,0.0,14.68
2005-11-22,0.0,15.42
2005-11-23,0.0,14.46
2005-11-24,0.0,15.32
2005-11-25,0.0,12.85
2005-11-26,0.0,8.84
2005-11-27,0.01,4.87
2005-11-28,0.0,7.2
2005-11-29,0.0,8.99
2005-11-30,0.0,11.21
2005-12-01,0.0,11.94
2005-12-02,0.27,10.53
2005-12-03,0.0,6.96
2005-12-04,0.07,4.0
2005-12-05,0.0,4.84
2005-12-06,0.0,7.61
2005-12-07,0.0,8.62
2005-12-08,0.18,7.3
2005-12-09,0.16,8.29
2005-12-10,0.01,9.32
2005-12-11,0.0,10.95
2005-12-12,0.0,9.6
2005-12-13,0.0,9.44
2005-12-14,0.0,8.22
2005-12-15,0.0,5.77
2005-12-16,0.0,4.45
2005-12-17,0.0,4.81
2005-12-18,0.0,6.36
2005-12-19,0.0,10.26
2005-12-20,0.0,12.54
2005-12-21,0.0,16.09
2005-12-22,0.0,14.74
2005-12-23,0.0,14.06
2005-12-24,0.0,14.86
2005-12-25,0.0,13.22
2005-12-26,0.02,8.92
2005-12-27,0.0,10.81
2005-12-28,0.01,11.22
2005-12-29,0.02,8.45
2005-12-30,0.0,9.93
2005-12-31,1.29,8.25
2006-01-01,0.69,8.93
2006-01-02,10.9,8.89
2006-01-03,2.01,7.27
2006-01-04,0.0,10.87
2006-01-05,0.0,12.26
2006-01-06,0.0,12.62
2006-01-07,0.0,11.21
2006-01-08,0.0,9.93
2006-01-09,0.0,7.99
2006-01-10,0.0,9.76
2006-01-11,0.0,10.79
2006-01-12,0.0,10.2
2006-01-13,0.0,10.87
2006-01-14,0.07,7.7
2006-01-15,1.25,4.58
2006-01-16,0.0,3.75
2006-01-17,0.0,8.18
2006-01-18,0.0,7.23
2006-01-19,0.0,4.86
2006-01-20,0.01,5.06
2006-01-21,0.0,5.95
2006-01-22,0.0,5.69
2006-01-23,0.0,5.98
2006-01-24,0.0,7.86
2006-01-25,0.0,5.7
2006-01-26,0.0,6.87
2006-01-27,0.0,6.77
2006-01-28,0.0,8.07
2006-01-29,0.0,8.64
2006-01-30,0.0,10.76
2006-01-31,0.0,9.0
2006-02-01,0.0,11.01
2006-02-02,0.0,11.14
2006-02-03,0.01,14.19
2006-02-04,0.0,15.48
2006-02-05,0.0,12.9
2006-02-06,0.0,10.05
2006-02-07,0.0,11.68
2006-02-08,0.0,13.27
2006-02-09,0.0,14.2
2006-02-10,0.0,14.54
2006-02-11,0.0,11.88
2006-02-12,0.0,13.56
2006-02-13,0.0,15.48
2006-02-14,0.0,12.51
2006-02-15,0.0,5.99
2006-02-16,0.0,4.26
2006-02-17,0.28,4.83
2006-02-18,0.65,4.29
2006-02-19,1.63,2.66
2006-02-20,0.0,2.98
2006-02-21,0.0,3.67
2006-02-22,0.0,6.79
2006-02-23,0.04,10.23
2006-02-24,0.0,11.72
2006-02-25,0.0,13.18
2006-02-26,0.0,13.75
2006-02-27,4.28,11.93
2006-02-28,12.79,9.87
2006-03-01,0.0,7.67
2006-03-02,0.0,7.38
2006-03-03,0.96,4.15
2006-03-04,0.0,6.67
2006-03-05,0.0,10.05
2006-03-06,0.12,9.23
2006-03-07,0.68,8.28
2006-03-08,0.77,6.9
2006-03-09,0.24,6.6
2006-03-10,2.56,3.25
2006-03-11,6.42,1.36
2006-03-12,1.2,1.74
2006-03-13,0.38,5.57
2006-03-14,0.0,8.06
2006-03-15,0.0,8.13
2006-03-16,0.0,9.5
2006-03-17,0.49,6.17
2006-03-18,1.24,4.93
2006-03-19,0.53,5.49
2006-03-20,1.13,6.16
2006-03-21,2.62,5.33
2006-03-22,0.0,9.66
2006-03-23,0.0,13.83
2006-03-24,0.0,15.31
2006-03-25,0.07,13.02
2006-03-26,0.03,12.69
2006-03-27,0.05,12.76
2006-03-28,2.72,10.02
2006-03-29,3.05,6.95
2006-03-30,0.43,9.39
2006-03-31,0.02,7.01
2006-04-01,0.39,8.38
2006-04-02,0.03,12.27
2006-04-03,0.4,12.79
2006-04-04,6.21,12.32
2006-04-05,3.37,6.08
2006-04-06,0.0,9.35
2006-04-07,0.0,11.23
2006-04-08,0.0,10.74
2006-04-09,0.0,9.39
2006-04-10,0.06,9.19
2006-04-11,0.01,12.02
2006-04-12,0.0,14.43
2006-04-13,0.01,19.18
2006-04-14,3.79,11.47
2006-04-15,0.86,10.61
2006-04-16,0.05,10.23
2006-04-17,0.0,10.56
2006-04-18,0.0,12.97
2006-04-19,0.0,14.99
2006-04-20,0.0,17.18
2006-04-21,0.0,15.31
2006-04-22,0.32,9.25
2006-04-23,0.16,8.6
2006-04-24,0.01,12.01
2006-04-25,0.0,13.26
2006-04-26,0.06,10.64
2006-04-27,0.08,12.04
2006-04-28,0.01,16.29
2006-04-29,0.0,17.93
2006-04-30,0.0,19.84
2006-05-01,0.0,21.2
2006-05-02,0.0,18.99
2006-05-03,0.0,15.42
2006-05-04,0.0,12.32
2006-05-05,0.51,15.57
2006-05-06,1.18,15.81
2006-05-07,0.0,18.78
2006-05-08,0.0,18.83
2006-05-09,0.0,19.45
2006-05-10,0.0,23.94
2006-05-11,0.0,24.54
2006-05-12,0.0,22.94
2006-05-13,0.0,21.32
2006-05-14,0.0,24.15
2006-05-15,0.0,23.19
2006-05-16,0.0,24.43
2006-05-17,0.0,25.79
2006-05-18,0.0,25.63
2006-05-19,0.0,23.3
2006-05-20,0.0,21.62
2006-05-21,0.4,17.74
2006-05-22,2.07,12.31
2006-05-23,0.0,18.55
2006-05-24,0.0,22.78
2006-05-25,0.0,21.16
2006-05-26,0.01,17.18
2006-05-27,0.02,14.45
2006-05-28,0.0,15.49
2006-05-29,0.05,18.47
2006-05-30,0.0,21.28
2006-05-31,0.0,24.31
2006-06-01,0.0,25.25
2006-06-02,0.0,25.67
2006-06-03,0.02,27.09
2006-06-04,0.0,27.74
2006-06-05,0.0,24.5
2006-06-06,0.01,24.27
2006-06-07,0.01,25.03
2006-06-08,0.12,23.71
2006-06-09,0.01,20.98
2006-06-10,0.0,19.47
2006-06-11,0.0,18.67
2006-06-12,0.0,17.57
2006-06-13,0.0,18.45
2006-06-14,0.0,20.72
2006-06-15,0.0,21.75
2006-06-16,0.0,25.19
2006-06-17,0.0,27.28
2006-06-18,0.0,25.98
2006-06-19,0.0,24.31
2006-06-20,0.0,24.66
2006-06-21,0.0,25.9
2006-06-22,0.0,28.03
2006-06-23,0.0,29.01
2006-06-24,0.0,29.81
2006-06-25,0.0,31.33
2006-06-26,0.17,29.68
2006-06-27,0.54,28.35
2006-06-28,0.67,28.39
2006-06-29,0.04,28.69
2006-06-30,0.0,29.63
2006-07-01,0.12,30.64
2006-07-02,0.01,30.32
2006-07-03,0.14,28.51
2006-07-04,0.04,27.17
2006-07-05,0.07,27.17
2006-07-06,0.0,26.9
2006-07-07,0.02,29.09
2006-07-08,0.45,29.78
2006-07-09,0.08,29.14
2006-07-10,0.0,28.54
2006-07-11,0.0,26.77
2006-07-12,0.0,27.1
2006-07-13,0.0,29.53
2006-07-14,0.01,31.19
2006-07-15,2.83,32.35
2006-07-16,0.37,31.14
2006-07-17,0.45,29.14
2006-07-18,0.0,29.51
2006-07-19,0.0,29.51
2006-07-20,0.68,29.74
2006-07-21,0.0,32.39
2006-07-22,0.18,34.61
2006-07-23,0.15,33.63
2006-07-24,1.53,32.95
2006-07-25,1.11,32.27
2006-07-26,0.74,29.46
2006-07-27,0.0,27.19
2006-07-28,0.05,25.9
2006-07-29,0.02,23.91
2006-07-30,0.13,22.58
2006-07-31,0.04,21.48
2006-08-01,0.0,21.1
2006-08-02,0.0,23.21
2006-08-03,0.0,24.16
2006-08-04,0.0,22.85
2006-08-05,0.0,23.2
2006-08-06,0.0,23.22
2006-08-07,0.0,23.09
2006-08-08,0.01,27.11
2006-08-09,0.46,29.3
2006-08-10,2.78,28.24
2006-08-11,0.01,26.48
2006-08-12,0.0,24.39
2006-08-13,0.0,24.71
2006-08-14,0.0,24.18
2006-08-15,0.0,22.55
2006-08-16,0.0,22.45
2006-08-17,0.0,22.99
2006-08-18,0.0,25.03
2006-08-19,0.0,24.53
2006-08-20,0.0,25.61
2006-08-21,0.0,29.26
2006-08-22,0.02,29.45
2006-08-23,0.15,29.33
2006-08-24,0.02,27.23
2006-08-25,0.0,24.02
2006-08-26,0.0,22.85
2006-08-27,0.0,26.89
2006-08-28,0.0,29.48
2006-08-29,0.0,29.58
2006-08-30,0.0,27.83
2006-08-31,0.06,27.71
2006-09-01,0.0,28.88
2006-09-02,0.11,29.79
2006-09-03,1.12,28.82
2006-09-04,0.86,28.74
2006-09-05,0.82,28.86
2006-09-06,0.42,28.36
2006-09-07,0.02,25.84
2006-09-08,0.15,22.87
2006-09-09,0.03,20.44
2006-09-10,0.0,22.34
2006-09-11,0.0,25.56
2006-09-12,0.0,26.85
2006-09-13,0.0,25.93
2006-09-14,0.05,18.9
2006-09-15,0.0,14.86
2006-09-16,0.0,16.65
2006-09-17,0.0,20.64
2006-09-18,0.0,22.87
2006-09-19,0.0,22.03
2006-09-20,0.0,18.87
2006-09-21,0.0,19.15
2006-09-22,0.01,16.45
2006-09-23,0.0,17.6
2006-09-24,0.0,19.97
2006-09-25,0.0,22.62
2006-09-26,0.0,23.9
2006-09-27,0.0,24.44
2006-09-28,0.0,24.46
2006-09-29,0.0,25.07
2006-09-30,0.0,23.5
2006-10-01,0.0,22.09
2006-10-02,0.0,20.5
2006-10-03,0.0,19.1
2006-10-04,0.0,16.72
2006-10-05,0.0,15.44
2006-10-06,0.01,11.55
2006-10-07,0.01,14.6
2006-10-08,0.0,16.39
2006-10-09,0.0,16.53
2006-10-10,0.0,13.84
2006-10-11,0.0,17.11
2006-10-12,0.0,16.83
2006-10-13,1.45,13.96
2006-10-14,0.57,11.97
2006-10-15,0.02,14.18
2006-10-16,0.01,13.29
2006-10-17,0.0,12.89
2006-10-18,0.0,12.24
2006-10-19,0.0,15.4
2006-10-20,0.0,18.99
2006-10-21,0.92,17.88
2006-10-22,0.0,17.73
2006-10-23,0.0,19.45
2006-10-24,0.48,18.12
2006-10-25,0.0,14.99
2006-10-26,0.1,12.79
2006-10-27,0.0,15.07
2006-10-28,0.0,17.43
2006-10-29,0.0,14.4
2006-10-30,0.0,11.33
2006-10-31,0.0,12.22
2006-11-01,0.0,15.14
2006-11-02,0.0,17.02
2006-11-03,0.0,16.09
2006-11-04,0.0,14.92
2006-11-05,0.0,16.25
2006-11-06,0.0,17.89
2006-11-07,0.0,21.03
2006-11-08,0.0,18.46
2006-11-09,0.0,13.46
2006-11-10,0.0,13.16
2006-11-11,0.0,12.47
2006-11-12,0.0,9.75
2006-11-13,0.0,12.85
2006-11-14,0.02,12.64
2006-11-15,0.0,14.7
2006-11-16,0.0,18.52
2006-11-17,0.0,18.76
2006-11-18,0.0,18.13
2006-11-19,0.0,16.44
2006-11-20,0.0,17.3
2006-11-21,0.0,16.66
2006-11-22,0.0,14.51
2006-11-23,0.0,14.28
2006-11-24,0.0,11.72
2006-11-25,0.0,7.82
2006-11-26,0.0,6.98
2006-11-27,0.74,6.37
2006-11-28,0.14,6.25
2006-11-29,0.01,2.23
2006-11-30,0.0,3.74
2006-12-01,0.0,9.31
2006-12-02,0.0,8.21
2006-12-03,0.0,5.98
2006-12-04,0.0,7.99
2006-12-05,0.0,11.13
2006-12-06,0.0,11.65
2006-12-07,0.0,12.14
2006-12-08,0.0,10.39
2006-12-09,0.5,9.57
2006-12-10,2.69,7.47
2006-12-11,0.14,8.97
2006-12-12,0.03,9.93
2006-12-13,0.0,12.26
2006-12-14,0.0,15.15
2006-12-15,0.0,12.03
2006-12-16,0.66,5.56
2006-12-17,0.97,2.58
2006-12-18,0.6,0.43
2006-12-19,0.01,1.28
2006-12-20,0.0,3.84
2006-12-21,0.0,6.31
2006-12-22,0.27,5.48
2006-12-23,0.0,6.36
2006-12-24,0.0,8.98
2006-12-25,0.0,11.78
2006-12-26,0.0,13.2
2006-12-27,1.32,5.13
2006-12-28,0.0,3.88
2006-12-29,0.01,5.53
2006-12-30,0.0,7.95
2006-12-31,0.0,7.55
2007-01-01,0.0,5.79
2007-01-02,0.0,8.14
2007-01-03,0.0,10.67
2007-01-04,2.12,7.39
2007-01-05,0.11,3.13
2007-01-06,0.61,5.47
2007-01-07,0.0,8.27
2007-01-08,0.0,10.07
2007-01-09,0.0,12.79
2007-01-10,0.0,9.86
2007-01-11,0.19,5.59
2007-01-12,0.0,0.98
2007-01-13,0.33,-2.73
2007-01-14,0.0,-1.04
2007-01-15,0.0,0.26
2007-01-16,0.0,2.72
2007-01-17,0.0,2.91
2007-01-18,0.0,2.84
2007-01-19,0.94,4.22
2007-01-20,0.0,4.15
2007-01-21,0.0,2.51
2007-01-22,0.0,3.86
2007-01-23,0.0,7.9
2007-01-24,0.0,9.94
2007-01-25,0.0,10.85
2007-01-26,0.15,10.1
2007-01-27,0.03,6.83
2007-01-28,0.01,7.43
2007-01-29,0.01,9.15
2007-01-30,0.68,7.38
2007-01-31,0.99,5.6
2007-02-01,0.05,6.2
2007-02-02,0.01,6.62
2007-02-03,0.0,9.53
2007-02-04,0.0,13.44
2007-02-05,0.0,15.64
2007-02-06,0.0,16.61
2007-02-07,0.0,12.24
2007-02-08,0.0,11.7
2007-02-09,0.0,12.92
2007-02-10,0.0,13.28
2007-02-11,1.6,8.15
2007-02-12,0.21,7.83
2007-02-13,1.22,6.48
2007-02-14,0.01,6.07
2007-02-15,0.51,9.27
2007-02-16,0.0,12.73
2007-02-17,0.0,14.58
2007-02-18,0.16,13.16
2007-02-19,2.7,7.2
2007-02-20,0.04,7.98
2007-02-21,0.0,9.68
2007-02-22,0.44,6.09
2007-02-23,2.57,3.31
2007-02-24,0.0,6.04
2007-02-25,0.34,6.21
2007-02-26,0.14,7.75
2007-02-27,2.58,5.24
2007-02-28,0.89,3.04
2007-03-01,0.0,4.61
2007-03-02,0.0,5.99
2007-03-03,0.0,7.68
2007-03-04,0.0,9.04
2007-03-05,0.0,14.14
2007-03-06,0.0,17.17
2007-03-07,0.04,15.68
2007-03-08,0.01,13.69
2007-03-09,0.0,14.05
2007-03-10,0.0,16.37
2007-03-11,0.0,17.68
2007-03-12,0.0,19.98
2007-03-13,0.0,18.73
2007-03-14,0.0,16.8
2007-03-15,0.0,20.55
2007-03-16,0.0,21.64
2007-03-17,0.0,19.28
2007-03-18,0.0,13.12
2007-03-19,0.0,13.81
2007-03-20,0.09,11.38
2007-03-21,0.85,9.84
2007-03-22,1.01,12.29
2007-03-23,0.44,13.67
2007-03-24,0.07,13.97
2007-03-25,0.0,15.15
2007-03-26,0.04,12.66
2007-03-27,1.41,6.72
2007-03-28,0.0,7.4
2007-03-29,0.01,10.74
2007-03-30,0.03,12.87
2007-03-31,0.0,16.37
2007-04-01,0.0,17.11
2007-04-02,0.0,15.93
2007-04-03,0.0,17.29
2007-04-04,0.0,19.85
2007-04-05,0.0,18.72
2007-04-06,0.0,16.83
2007-04-07,0.0,13.04
2007-04-08,0.0,13.21
2007-04-09,0.0,13.22
2007-04-10,0.05,14.94
2007-04-11,0.04,12.97
2007-04-12,0.14,9.01
2007-04-13,0.0,12.79
2007-04-14,0.0,13.26
2007-04-15,1.41,7.97
2007-04-16,1.83,10.54
2007-04-17,0.04,12.27
2007-04-18,0.0,9.35
2007-04-19,0.0,10.44
2007-04-20,3.07,6.41
2007-04-21,0.04,9.52
2007-04-22,0.45,9.5
2007-04-23,0.13,11.26
2007-04-24,0.0,15.94
2007-04-25,0.0,18.12
2007-04-26,0.0,18.05
2007-04-27,0.0,22.88
2007-04-28,0.0,24.62
2007-04-29,0.0,23.04
2007-04-30,0.0,21.03
2007-05-01,0.0,17.27
2007-05-02,0.0,14.51
2007-05-03,0.0,13.08
2007-05-04,0.0,11.01
2007-05-05,0.0,11.32
2007-05-06,0.0,15.74
2007-05-07,0.09,19.15
2007-05-08,0.0,22.33
2007-05-09,0.0,23.19
2007-05-10,0.0,21.96
2007-05-11,0.0,19.98
2007-05-12,0.0,17.22
2007-05-13,0.0,17.76
2007-05-14,0.0,19.92
2007-05-15,0.0,20.49
2007-05-16,0.0,20.48
2007-05-17,0.0,21.53
2007-05-18,0.0,22.22
2007-05-19,0.0,22.26
2007-05-20,0.0,21.45
2007-05-21,0.0,16.95
2007-05-22,0.02,16.73
2007-05-23,0.01,18.24
2007-05-24,0.0,20.78
2007-05-25,0.0,21.63
2007-05-26,0.0,21.16
2007-05-27,0.0,20.14
2007-05-28,0.0,17.9
2007-05-29,0.0,18.78
2007-05-30,0.0,18.85
2007-05-31,0.0,19.29
2007-06-01,0.0,20.54
2007-06-02,0.0,19.3
2007-06-03,0.0,23.52
2007-06-04,0.04,23.57
2007-06-05,0.0,17.7
2007-06-06,0.0,13.74
2007-06-07,0.0,16.28
2007-06-08,0.0,19.43
2007-06-09,0.0,20.93
2007-06-10,0.0,23.14
2007-06-11,0.0,21.12
2007-06-12,0.0,24.02
2007-06-13,0.0,26.66
2007-06-14,0.0,27.15
2007-06-15,0.0,24.93
2007-06-16,0.0,22.77
2007-06-17,0.0,21.53
2007-06-18,0.0,24.04
2007-06-19,0.0,24.38
2007-06-20,0.0,24.75
2007-06-21,0.0,25.62
2007-06-22,0.0,27.25
2007-06-23,0.0,25.64
2007-06-24,0.0,23.99
2007-06-25,0.0,24.29
2007-06-26,0.0,24.27
2007-06-27,0.0,24.05
2007-06-28,0.0,25.27
2007-06-29,0.0,25.98
2007-06-30,0.0,26.74
2007-07-01,0.0,28.55
2007-07-02,0.0,28.57
2007-07-03,0.0,29.84
2007-07-04,0.0,31.37
2007-07-05,0.0,32.6
2007-07-06,0.0,32.15
2007-07-07,0.0,29.57
2007-07-08,0.0,26.83
2007-07-09,0.0,25.15
2007-07-10,0.0,22.6
2007-07-11,0.0,22.43
2007-07-12,0.0,23.6
2007-07-13,0.0,27.16
2007-07-14,0.0,28.7
2007-07-15,0.0,27.41
2007-07-16,0.0,26.96
2007-07-17,0.0,25.82
2007-07-18,0.0,25.41
2007-07-19,0.0,25.89
2007-07-20,0.0,26.69
2007-07-21,0.0,27.02
2007-07-22,0.01,28.21
2007-07-23,0.02,27.86
2007-07-24,0.06,28.26
2007-07-25,0.4,28.03
2007-07-26,0.12,28.33
2007-07-27,0.37,27.81
2007-07-28,0.0,27.3
2007-07-29,0.01,27.57
2007-07-30,0.0,27.62
2007-07-31,0.49,27.01
2007-08-01,0.25,27.38
2007-08-02,2.16,27.19
2007-08-03,0.02,28.12
2007-08-04,0.0,26.25
2007-08-05,0.0,24.12
2007-08-06,0.0,21.38
2007-08-07,0.05,20.45
2007-08-08,0.0,23.62
2007-08-09,0.0,24.75
2007-08-10,0.0,26.02
2007-08-11,0.61,26.77
2007-08-12,0.0,27.87
2007-08-13,0.0,29.06
2007-08-14,0.07,30.0
2007-08-15,0.0,30.0
2007-08-16,0.0,30.08
2007-08-17,0.08,29.28
2007-08-18,0.03,28.45
2007-08-19,0.0,27.77
2007-08-20,0.0,28.14
2007-08-21,0.0,27.93
2007-08-22,0.0,25.93
2007-08-23,0.0,23.7
2007-08-24,0.0,26.94
2007-08-25,0.07,27.11
2007-08-26,0.43,26.39
2007-08-27,0.26,26.31
2007-08-28,0.0,28.89
2007-08-29,0.01,31.75
2007-08-30,0.05,32.91
2007-08-31,2.41,31.33
2007-09-01,2.23,31.49
2007-09-02,0.97,31.39
2007-09-03,0.28,31.6
2007-09-04,0.01,28.48
2007-09-05,0.0,24.65
2007-09-06,0.0,23.25
2007-09-07,0.0,22.83
2007-09-08,0.0,24.6
2007-09-09,0.0,22.78
2007-09-10,0.0,25.03
2007-09-11,0.0,26.33
2007-09-12,0.0,27.18
2007-09-13,0.0,25.61
2007-09-14,0.0,22.72
2007-09-15,0.0,22.03
2007-09-16,0.0,19.37
2007-09-17,0.0,16.04
2007-09-18,0.0,19.3
2007-09-19,0.0,14.65
2007-09-20,0.16,13.34
2007-09-21,2.84,15.2
2007-09-22,0.44,13.47
2007-09-23,0.08,13.45
2007-09-24,0.0,16.86
2007-09-25,0.0,19.23
2007-09-26,0.0,21.41
2007-09-27,0.0,22.11
2007-09-28,0.03,15.17
2007-09-29,0.0,15.3
2007-09-30,0.0,19.35
2007-10-01,0.0,19.92
2007-10-02,0.0,21.36
2007-10-03,0.0,21.37
2007-10-04,0.0,16.4
2007-10-05,0.0,11.36
2007-10-06,0.0,10.57
2007-10-07,0.0,13.62
2007-10-08,0.0,17.16
2007-10-09,0.0,18.21
2007-10-10,0.0,13.91
2007-10-11,0.0,15.34
2007-10-12,0.05,11.65
2007-10-13,0.96,14.32
2007-10-14,0.0,17.22
2007-10-15,0.0,15.93
2007-10-16,0.0,11.67
2007-10-17,0.01,12.32
2007-10-18,0.0,15.97
2007-10-19,0.0,20.89
2007-10-20,0.0,17.31
2007-10-21,0.01,14.09
2007-10-22,0.0,15.14
2007-10-23,0.0,19.18
2007-10-24,0.0,20.67
2007-10-25,0.0,21.3
2007-10-26,0.0,20.6
2007-10-27,0.0,20.27
2007-10-28,0.0,21.4
2007-10-29,0.0,19.48
2007-10-30,0.0,13.1
2007-10-31,0.0,17.06
2007-11-01,0.0,17.59
2007-11-02,0.0,15.99
2007-11-03,0.0,16.19
2007-11-04,0.0,18.94
2007-11-05,0.0,19.19
2007-11-06,0.0,19.7
2007-11-07,0.0,19.34
2007-11-08,0.0,17.27
2007-11-09,0.0,11.02
2007-11-10,0.0,10.83
2007-11-11,0.0,10.95
2007-11-12,0.0,13.49
2007-11-13,0.01,16.66
2007-11-14,0.0,17.4
2007-11-15,0.0,18.15
2007-11-16,0.0,17.61
2007-11-17,0.0,17.4
2007-11-18,0.0,18.73
2007-11-19,0.0,17.33
2007-11-20,0.0,14.37
2007-11-21,0.05,10.36
2007-11-22,0.0,8.6
2007-11-23,0.0,6.76
2007-11-24,0.0,9.24
2007-11-25,0.0,11.03
2007-11-26,0.0,11.74
2007-11-27,0.0,12.83
2007-11-28,0.0,10.66
2007-11-29,0.0,12.69
2007-11-30,38.03,10.06
2007-12-01,7.15,5.83
2007-12-02,0.92,5.35
2007-12-03,0.01,9.75
2007-12-04,0.0,12.5
2007-12-05,0.0,15.97
2007-12-06,0.13,10.53
2007-12-07,7.53,7.18
2007-12-08,3.59,4.02
2007-12-09,2.65,3.12
2007-12-10,0.0,3.91
2007-12-11,0.0,3.07
2007-12-12,0.0,3.95
2007-12-13,0.0,4.17
2007-12-14,0.0,4.59
2007-12-15,0.0,4.87
2007-12-16,0.0,6.78
2007-12-17,0.0,5.3
2007-12-18,0.48,7.06
2007-12-19,1.53,8.22
2007-12-20,0.49,6.78
2007-12-21,0.0,2.15
2007-12-22,0.3,2.81
2007-12-23,0.0,7.18
2007-12-24,0.0,10.16
2007-12-25,0.0,4.05
2007-12-26,0.02,4.07
2007-12-27,0.0,0.28
2007-12-28,0.0,2.47
2007-12-29,0.0,3.98
2007-12-30,0.0,5.77
2007-12-31,0.0,5.87
2008-01-01,0.0,5.84
2008-01-02,0.0,8.97
2008-01-03,0.0,8.28
2008-01-04,1.66,7.57
2008-01-05,20.02,7.99
2008-01-06,9.05,5.93
2008-01-07,6.24,6.54
2008-01-08,0.0,5.72
2008-01-09,0.0,7.47
2008-01-10,0.0,9.37
2008-01-11,0.0,11.43
2008-01-12,0.0,10.55
2008-01-13,0.0,7.6
2008-01-14,0.0,7.23
2008-01-15,0.0,9.49
2008-01-16,0.0,3.21
2008-01-17,0.0,1.81
2008-01-18,0.0,3.38
2008-01-19,0.0,6.01
2008-01-20,0.0,5.77
2008-01-21,0.49,4.14
2008-01-22,0.34,4.62
2008-01-23,2.26,5.2
2008-01-24,1.65,3.19
2008-01-25,2.06,4.6
2008-01-26,3.83,6.34
2008-01-27,32.8,8.15
2008-01-28,8.74,4.08
2008-01-29,0.0,2.77
2008-01-30,0.12,3.88
2008-01-31,0.0,3.98
2008-02-01,0.0,4.88
2008-02-02,0.0,5.03
2008-02-03,5.87,4.3
2008-02-04,1.44,2.7
2008-02-05,0.0,2.7
2008-02-06,0.0,5.9
2008-02-07,0.0,9.24
2008-02-08,0.0,11.27
2008-02-09,0.0,11.82
2008-02-10,0.0,13.25
2008-02-11,0.0,13.12
2008-02-12,0.0,13.02
2008-02-13,0.09,11.39
2008-02-14,1.34,3.38
2008-02-15,0.0,4.7
2008-02-16,0.01,8.1
2008-02-17,0.0,9.91
2008-02-18,0.0,10.17
2008-02-19,0.0,8.58
2008-02-20,3.27,6.04
2008-02-21,0.77,6.32
2008-02-22,8.64,6.47
2008-02-23,0.11,6.9
2008-02-24,4.52,5.92
2008-02-25,0.04,8.63
2008-02-26,0.0,11.16
2008-02-27,0.0,13.96
2008-02-28,0.0,14.99
2008-02-29,0.0,14.11
2008-03-01,0.0,10.42
2008-03-02,0.0,7.55
2008-03-03,0.0,8.95
2008-03-04,0.0,11.34
2008-03-05,0.0,7.63
2008-03-06,0.01,9.38
2008-03-07,0.0,12.16
2008-03-08,0.0,12.2
2008-03-09,0.02,11.23
2008-03-10,0.0,14.19
2008-03-11,0.0,16.39
2008-03-12,0.0,15.3
2008-03-13,0.0,13.71
2008-03-14,0.01,9.48
2008-03-15,0.59,5.25
2008-03-16,1.53,4.93
2008-03-17,0.0,6.65
2008-03-18,0.01,12.09
2008-03-19,0.0,12.75
2008-03-20,0.0,12.13
2008-03-21,0.0,15.02
2008-03-22,0.0,14.84
2008-03-23,0.01,15.75
2008-03-24,0.0,17.16
2008-03-25,0.0,15.13
2008-03-26,0.0,13.24
2008-03-27,0.0,12.31
2008-03-28,0.0,12.33
2008-03-29,0.01,9.91
2008-03-30,0.1,7.14
2008-03-31,0.0,9.57
2008-04-01,0.0,10.43
2008-04-02,0.01,9.24
2008-04-03,0.05,12.0
2008-04-04,0.0,13.58
2008-04-05,0.0,11.3
2008-04-06,0.0,11.13
2008-04-07,0.03,11.05
2008-04-08,0.01,8.06
2008-04-09,0.01,8.69
2008-04-10,0.04,13.06
2008-04-11,0.04,14.95
2008-04-12,0.0,16.78
2008-04-13,0.0,19.77
2008-04-14,0.0,19.59
2008-04-15,0.0,10.34
2008-04-16,0.0,11.69
2008-04-17,0.0,14.86
2008-04-18,0.01,17.0
2008-04-19,0.0,9.25
2008-04-20,0.0,9.52
2008-04-21,0.0,10.7
2008-04-22,0.0,13.91
2008-04-23,0.0,10.87
2008-04-24,0.0,13.39
2008-04-25,0.0,17.77
2008-04-26,0.01,19.93
2008-04-27,0.0,19.98
2008-04-28,0.0,22.07
2008-04-29,0.0,18.15
2008-04-30,0.0,11.72
2008-05-01,0.0,13.03
2008-05-02,0.0,17.37
2008-05-03,0.0,17.59
2008-05-04,0.0,14.28
2008-05-05,0.0,13.31
2008-05-06,0.01,14.76
2008-05-07,0.05,14.08
2008-05-08,0.0,16.41
2008-05-09,0.0,14.65
2008-05-10,0.0,17.92
2008-05-11,0.0,16.87
2008-05-12,0.01,11.68
2008-05-13,0.0,15.21
2008-05-14,0.04,20.68
2008-05-15,0.0,22.97
2008-05-16,0.02,23.24
2008-05-17,0.0,27.02
2008-05-18,0.0,27.91
2008-05-19,0.0,26.71
2008-05-20,0.01,21.43
2008-05-21,0.01,15.89
2008-05-22,0.81,11.51
2008-05-23,2.28,9.61
2008-05-24,0.11,10.55
2008-05-25,0.0,10.6
2008-05-26,0.0,11.37
2008-05-27,0.0,13.56
2008-05-28,0.0,13.66
2008-05-29,0.0,14.95
2008-05-30,0.0,17.23
2008-05-31,0.0,16.98
2008-06-01,0.0,18.43
2008-06-02,0.0,17.73
2008-06-03,0.0,18.26
2008-06-04,0.02,14.59
2008-06-05,0.0,18.35
2008-06-06,0.01,21.23
2008-06-07,0.0,20.52
2008-06-08,0.01,23.19
2008-06-09,0.0,25.58
2008-06-10,0.0,22.62
2008-06-11,0.0,21.65
2008-06-12,0.0,24.28
2008-06-13,0.0,26.19
2008-06-14,0.0,26.25
2008-06-15,0.0,26.1
2008-06-16,0.0,27.23
2008-06-17,0.0,28.07
2008-06-18,0.0,27.47
2008-06-19,0.0,29.18
2008-06-20,0.0,30.42
2008-06-21,0.0,31.34
2008-06-22,0.0,29.87
2008-06-23,0.02,26.17
2008-06-24,0.0,24.42
2008-06-25,0.0,23.85
2008-06-26,0.0,23.5
2008-06-27,0.0,25.36
2008-06-28,0.0,27.21
2008-06-29,0.0,28.01
2008-06-30,0.0,28.42
2008-07-01,0.0,28.13
2008-07-02,0.0,28.7
2008-07-03,0.0,29.43
2008-07-04,0.0,29.24
2008-07-05,0.0,28.42
2008-07-06,0.0,28.21
2008-07-07,0.0,29.91
2008-07-08,0.0,31.6
2008-07-09,0.0,30.0
2008-07-10,0.97,28.44
2008-07-11,0.06,25.95
2008-07-12,3.64,25.58
2008-07-13,0.08,25.43
2008-07-14,0.0,25.42
2008-07-15,0.0,26.01
2008-07-16,0.02,27.37
2008-07-17,0.0,27.92
2008-07-18,0.0,27.67
2008-07-19,0.0,27.42
2008-07-20,0.02,26.17
2008-07-21,4.11,26.04
2008-07-22,0.02,24.66
2008-07-23,0.0,23.96
2008-07-24,0.05,27.22
2008-07-25,0.09,29.37
2008-07-26,0.02,27.79
2008-07-27,0.0,25.02
2008-07-28,0.0,24.04
2008-07-29,0.0,24.84
2008-07-30,0.0,25.85
2008-07-31,0.0,26.15
2008-08-01,0.0,27.27
2008-08-02,0.0,28.3
2008-08-03,1.05,27.46
2008-08-04,5.42,26.17
2008-08-05,0.0,26.24
2008-08-06,0.0,27.82
2008-08-07,0.4,28.19
2008-08-08,0.22,26.16
2008-08-09,0.01,26.2
2008-08-10,0.08,25.23
2008-08-11,0.03,26.2
2008-08-12,0.0,26.84
2008-08-13,0.0,28.15
2008-08-14,0.0,28.13
2008-08-15,0.01,26.98
2008-08-16,0.0,25.85
2008-08-17,0.0,25.13
2008-08-18,0.0,24.65
2008-08-19,0.0,22.55
2008-08-20,0.0,23.26
2008-08-21,0.0,25.03
2008-08-22,0.0,25.63
2008-08-23,0.0,26.7
2008-08-24,0.37,29.1
2008-08-25,2.35,28.83
2008-08-26,0.68,26.53
2008-08-27,0.0,26.73
2008-08-28,0.0,28.76
2008-08-29,0.07,29.3
2008-08-30,2.38,26.23
2008-08-31,0.13,22.57
2008-09-01,0.01,23.05
2008-09-02,0.0,25.6
2008-09-03,0.0,27.21
2008-09-04,0.01,27.79
2008-09-05,0.0,27.95
2008-09-06,0.0,28.51
2008-09-07,0.0,27.19
2008-09-08,0.01,26.5
2008-09-09,0.37,23.54
2008-09-10,0.0,20.3
2008-09-11,0.19,22.98
2008-09-12,1.0,23.16
2008-09-13,0.11,22.79
2008-09-14,0.0,25.75
2008-09-15,0.0,28.2
2008-09-16,0.53,25.95
2008-09-17,0.02,24.83
2008-09-18,0.0,24.13
2008-09-19,0.0,23.19
2008-09-20,0.0,19.12
2008-09-21,0.0,17.97
2008-09-22,0.0,20.27
2008-09-23,0.0,24.25
2008-09-24,0.0,26.22
2008-09-25,0.0,26.84
2008-09-26,0.0,25.96
2008-09-27,0.0,25.27
2008-09-28,0.0,25.73
2008-09-29,0.01,26.6
2008-09-30,0.11,27.61
2008-10-01,0.0,27.5
2008-10-02,0.0,22.95
2008-10-03,0.0,17.6
2008-10-04,0.08,13.62
2008-10-05,0.01,17.09
2008-10-06,0.06,20.91
2008-10-07,0.0,23.14
2008-10-08,0.0,24.18
2008-10-09,0.0,19.72
2008-10-10,0.0,12.67
2008-10-11,0.0,9.13
2008-10-12,0.0,9.43
2008-10-13,0.0,11.16
2008-10-14,0.0,15.65
2008-10-15,0.0,19.64
2008-10-16,0.0,21.12
2008-10-17,0.0,21.81
2008-10-18,0.0,20.43
2008-10-19,0.0,18.55
2008-10-20,0.0,18.55
2008-10-21,0.0,21.25
2008-10-22,0.0,18.32
2008-10-23,0.0,19.28
2008-10-24,0.0,21.31
2008-10-25,0.0,22.43
2008-10-26,0.0,22.95
2008-10-27,0.0,23.12
2008-10-28,0.0,23.04
2008-10-29,0.0,23.92
2008-10-30,0.0,20.67
2008-10-31,0.04,20.99
2008-11-01,1.02,20.22
2008-11-02,0.04,13.58
2008-11-03,0.03,11.36
2008-11-04,0.41,10.4
2008-11-05,0.0,8.79
2008-11-06,0.0,12.29
2008-11-07,0.0,14.37
2008-11-08,0.01,15.66
2008-11-09,0.99,9.42
2008-11-10,0.0,10.45
2008-11-11,0.0,12.55
2008-11-12,0.0,15.1
2008-11-13,0.0,16.76
2008-11-14,0.0,17.37
2008-11-15,0.0,16.01
2008-11-16,0.0,16.47
2008-11-17,0.0,18.25
2008-11-18,0.0,18.86
2008-11-19,0.0,19.35
2008-11-20,0.0,18.41
2008-11-21,0.0,17.16
2008-11-22,0.0,16.84
2008-11-23,0.0,15.57
2008-11-24,0.0,14.31
2008-11-25,1.79,14.68
2008-11-26,15.78,11.64
2008-11-27,2.21,9.34
2008-11-28,0.03,9.45
2008-11-29,0.0,11.33
2008-11-30,0.0,13.26
2008-12-01,0.0,16.41
2008-12-02,0.0,12.66
2008-12-03,0.0,11.61
2008-12-04,0.0,11.38
2008-12-05,0.0,9.72
2008-12-06,0.0,11.78
2008-12-07,0.01,11.84
2008-12-08,0.01,7.96
2008-12-09,0.0,5.61
2008-12-10,0.0,8.85
2008-12-11,0.0,13.61
2008-12-12,0.0,11.19
2008-12-13,0.31,5.41
2008-12-14,0.0,1.55
2008-12-15,20.5,3.81
2008-12-16,0.54,3.95
2008-12-17,26.37,1.05
2008-12-18,1.3,-0.45
2008-12-19,1.7,1.06
2008-12-20,0.0,3.24
2008-12-21,0.0,5.73
2008-12-22,1.65,4.36
2008-12-23,0.1,3.51
2008-12-24,0.14,3.72
2008-12-25,3.15,4.85
2008-12-26,0.22,-0.02
2008-12-27,0.0,1.26
2008-12-28,0.0,4.53
2008-12-29,0.0,9.63
2008-12-30,0.0,11.53
2008-12-31,0.0,12.55
2009-01-01,0.0,10.84
2009-01-02,0.02,9.08
2009-01-03,0.18,5.54
2009-01-04,0.0,0.88
2009-01-05,0.0,2.42
2009-01-06,0.0,7.17
2009-01-07,0.0,12.61
2009-01-08,0.0,13.0
2009-01-09,0.0,7.43
2009-01-10,0.0,7.04
2009-01-11,0.0,9.4
2009-01-12,0.0,10.75
2009-01-13,0.0,11.6
2009-01-14,0.0,10.67
2009-01-15,0.0,10.44
2009-01-16,0.0,10.3
2009-01-17,0.0,11.44
2009-01-18,0.0,10.71
2009-01-19,0.0,12.46
2009-01-20,0.01,13.95
2009-01-21,0.25,14.49
2009-01-22,0.24,14.26
2009-01-23,0.53,12.6
2009-01-24,0.19,9.75
2009-01-25,0.16,7.0
2009-01-26,0.27,4.37
2009-01-27,0.0,2.4
2009-01-28,0.09,6.83
2009-01-29,0.0,8.5
2009-01-30,0.0,10.14
2009-01-31,0.0,12.51
2009-02-01,0.0,10.76
2009-02-02,0.0,11.13
2009-02-03,0.0,12.48
2009-02-04,0.0,12.4
2009-02-05,1.92,9.95
2009-02-06,4.97,8.06
2009-02-07,8.85,5.72
2009-02-08,1.63,5.33
2009-02-09,7.51,2.99
2009-02-10,0.0,2.67
2009-02-11,0.2,4.8
2009-02-12,0.04,4.43
2009-02-13,1.58,3.51
2009-02-14,0.31,4.2
2009-02-15,0.01,3.54
2009-02-16,11.1,3.73
2009-02-17,1.22,4.26
2009-02-18,0.05,6.24
2009-02-19,0.0,8.03
2009-02-20,0.0,11.03
2009-02-21,0.0,12.85
2009-02-22,0.01,14.47
2009-02-23,0.05,14.04
2009-02-24,0.01,11.14
2009-02-25,0.0,8.09
2009-02-26,0.0,9.56
2009-02-27,0.0,10.25
2009-02-28,0.0,13.1
2009-03-01,0.0,17.08
2009-03-02,0.01,16.27
2009-03-03,0.0,10.95
2009-03-04,0.19,7.58
2009-03-05,0.02,7.31
2009-03-06,0.0,5.57
2009-03-07,0.0,7.38
2009-03-08,0.0,8.67
2009-03-09,0.0,6.55
2009-03-10,0.0,7.89
2009-03-11,0.0,8.9
2009-03-12,0.0,9.23
2009-03-13,0.0,10.21
2009-03-14,0.0,10.48
2009-03-15,0.0,9.08
2009-03-16,0.0,13.38
2009-03-17,0.0,17.68
2009-03-18,0.0,19.14
2009-03-19,0.0,17.25
2009-03-20,0.0,15.5
2009-03-21,0.0,10.85
2009-03-22,1.56,6.7
2009-03-23,0.0,6.16
2009-03-24,0.0,10.46
2009-03-25,0.0,12.77
2009-03-26,0.0,12.31
2009-03-27,0.0,11.5
2009-03-28,0.0,14.11
2009-03-29,0.0,10.5
2009-03-30,0.0,9.19
2009-03-31,0.0,12.11
2009-04-01,0.0,12.51
2009-04-02,0.01,13.21
2009-04-03,0.02,8.85
2009-04-04,0.0,9.03
2009-04-05,0.0,11.66
2009-04-06,0.0,15.2
2009-04-07,0.05,13.72
2009-04-08,0.11,8.6
2009-04-09,0.0,10.77
2009-04-10,1.89,8.44
2009-04-11,0.26,8.9
2009-04-12,0.0,13.84
2009-04-13,0.0,16.53
2009-04-14,0.01,10.71
2009-04-15,0.0,5.02
2009-04-16,0.0,9.11
2009-04-17,0.0,13.59
2009-04-18,0.0,17.28
2009-04-19,0.0,20.54
2009-04-20,0.0,23.61
2009-04-21,0.0,24.34
2009-04-22,0.0,19.76
2009-04-23,0.0,14.6
2009-04-24,0.0,12.53
2009-04-25,0.0,11.02
2009-04-26,0.0,12.09
2009-04-27,0.0,11.58
2009-04-28,0.0,9.77
2009-04-29,0.0,11.63
2009-04-30,0.0,16.38
2009-05-01,0.0,17.93
2009-05-02,0.0,14.2
2009-05-03,0.0,17.48
2009-05-04,0.0,18.86
2009-05-05,0.0,18.9
2009-05-06,0.0,22.42
2009-05-07,0.0,24.28
2009-05-08,0.0,24.6
2009-05-09,0.0,22.3
2009-05-10,0.0,21.54
2009-05-11,0.0,20.74
2009-05-12,0.0,19.1
2009-05-13,0.0,20.56
2009-05-14,0.0,22.77
2009-05-15,0.0,24.31
2009-05-16,0.0,27.04
2009-05-17,0.0,27.47
2009-05-18,0.0,24.61
2009-05-19,0.0,23.83
2009-05-20,0.0,22.91
2009-05-21,0.0,21.31
2009-05-22,0.0,20.22
2009-05-23,0.0,18.49
2009-05-24,0.0,17.8
2009-05-25,0.0,17.94
2009-05-26,0.0,20.14
2009-05-27,0.0,22.49
2009-05-28,0.0,23.42
2009-05-29,0.03,22.96
2009-05-30,0.31,21.16
2009-05-31,0.02,21.5
2009-06-01,0.0,19.56
2009-06-02,0.0,20.4
2009-06-03,0.39,20.19
2009-06-04,0.02,14.08
2009-06-05,0.03,12.92
2009-06-06,0.01,13.5
2009-06-07,0.0,16.05
2009-06-08,0.0,15.68
2009-06-09,0.01,15.43
2009-06-10,0.0,13.57
2009-06-11,0.0,16.03
2009-06-12,0.0,16.04
2009-06-13,0.0,15.7
2009-06-14,0.0,16.62
2009-06-15,0.0,16.46
2009-06-16,0.0,18.08
2009-06-17,0.0,20.12
2009-06-18,0.0,23.64
2009-06-19,0.0,25.41
2009-06-20,0.0,18.18
2009-06-21,0.0,17.1
2009-06-22,0.0,20.58
2009-06-23,0.0,23.01
2009-06-24,0.0,24.2
2009-06-25,0.0,24.57
2009-06-26,0.0,25.04
2009-06-27,0.0,27.85
2009-06-28,0.0,28.57
2009-06-29,0.0,27.6
2009-06-30,0.0,27.27
2009-07-01,0.0,27.07
2009-07-02,0.07,27.39
2009-07-03,0.0,27.36
2009-07-04,0.0,25.89
2009-07-05,0.0,24.42
2009-07-06,0.0,24.37
2009-07-07,0.0,23.3
2009-07-08,0.0,22.64
2009-07-09,0.0,23.75
2009-07-10,0.0,25.86
2009-07-11,0.0,28.48
2009-07-12,0.0,27.92
2009-07-13,0.0,27.5
2009-07-14,0.0,27.46
2009-07-15,0.0,29.32
2009-07-16,0.0,29.98
2009-07-17,0.04,29.92
2009-07-18,0.0,33.02
2009-07-19,0.05,31.73
2009-07-20,0.01,30.26
2009-07-21,0.0,29.66
2009-07-22,0.03,29.66
2009-07-23,0.0,29.58
2009-07-24,0.28,26.3
2009-07-25,0.15,27.66
2009-07-26,0.0,29.09
2009-07-27,0.0,29.05
2009-07-28,0.0,27.11
2009-07-29,0.0,24.56
2009-07-30,0.0,25.4
2009-07-31,0.0,27.15
2009-08-01,0.0,26.51
2009-08-02,0.0,26.25
2009-08-03,0.0,27.22
2009-08-04,0.0,29.41
2009-08-05,0.0,27.48
2009-08-06,0.0,21.57
2009-08-07,0.0,19.32
2009-08-08,0.0,22.39
2009-08-09,0.0,25.18
2009-08-10,0.0,26.3
2009-08-11,0.0,27.68
2009-08-12,0.0,27.94
2009-08-13,0.0,26.75
2009-08-14,0.0,22.74
2009-08-15,0.0,21.6
2009-08-16,0.0,23.38
2009-08-17,0.0,25.27
2009-08-18,0.0,26.71
2009-08-19,0.0,26.29
2009-08-20,0.0,27.02
2009-08-21,0.01,25.74
2009-08-22,0.33,25.94
2009-08-23,0.4,24.62
2009-08-24,0.0,24.3
2009-08-25,0.0,25.84
2009-08-26,0.0,27.0
2009-08-27,0.0,28.91
2009-08-28,0.0,30.36
2009-08-29,0.0,30.46
2009-08-30,0.0,29.38
2009-08-31,0.0,29.36
2009-09-01,0.03,29.07
2009-09-02,0.48,28.62
2009-09-03,0.22,28.48
2009-09-04,0.0,27.97
2009-09-05,0.47,25.96
2009-09-06,0.04,24.01
2009-09-07,0.0,23.06
2009-09-08,0.0,23.02
2009-09-09,0.0,24.69
2009-09-10,0.0,27.43
2009-09-11,0.0,28.27
2009-09-12,0.0,24.44
2009-09-13,0.0,19.91
2009-09-14,0.0,16.66
2009-09-15,0.0,20.54
2009-09-16,0.0,24.5
2009-09-17,0.0,27.27
2009-09-18,0.0,27.72
2009-09-19,0.0,25.88
2009-09-20,0.0,23.69
2009-09-21,0.0,26.21
2009-09-22,0.0,24.73
2009-09-23,0.0,24.7
2009-09-24,0.0,26.59
2009-09-25,0.0,28.02
2009-09-26,0.0,28.43
2009-09-27,0.0,26.64
2009-09-28,0.0,23.27
2009-09-29,0.0,19.03
2009-09-30,0.0,16.26
2009-10-01,0.0,18.5
2009-10-02,0.0,20.12
2009-10-03,0.0,16.34
2009-10-04,0.0,10.6
2009-10-05,0.0,11.6
2009-10-06,0.0,12.84
2009-10-07,0.0,12.63
2009-10-08,0.0,14.65
2009-10-09,0.0,16.89
2009-10-10,0.0,16.87
2009-10-11,0.0,14.02
2009-10-12,0.01,11.12
2009-10-13,0.57,12.37
2009-10-14,0.84,15.53
2009-10-15,0.01,20.26
2009-10-16,0.0,22.41
2009-10-17,0.0,23.65
2009-10-18,0.0,20.86
2009-10-19,0.0,14.74
2009-10-20,0.0,13.91
2009-10-21,0.0,16.45
2009-10-22,0.0,19.62
2009-10-23,0.0,20.15
2009-10-24,0.0,20.27
2009-10-25,0.0,17.58
2009-10-26,0.0,17.33
2009-10-27,0.0,13.18
2009-10-28,0.0,7.17
2009-10-29,0.14,8.33
2009-10-30,0.0,13.86
2009-10-31,0.0,15.41
2009-11-01,0.0,18.18
2009-11-02,0.0,20.33
2009-11-03,0.0,20.95
2009-11-04,0.0,19.96
2009-11-05,0.0,14.85
2009-11-06,0.0,14.24
2009-11-07,0.0,13.22
2009-11-08,0.0,14.89
2009-11-09,0.0,17.26
2009-11-10,0.0,18.75
2009-11-11,0.0,17.67
2009-11-12,0.05,13.14
2009-11-13,0.33,10.27
2009-11-14,0.06,9.02
2009-11-15,0.06,7.23
2009-11-16,0.0,10.2
2009-11-17,0.0,13.33
2009-11-18,0.0,11.57
2009-11-19,0.0,11.92
2009-11-20,0.0,12.29
2009-11-21,0.0,8.67
2009-11-22,0.0,10.93
2009-11-23,0.0,9.8
2009-11-24,0.0,9.25
2009-11-25,0.0,10.3
2009-11-26,0.01,12.9
2009-11-27,0.03,12.55
2009-11-28,2.64,6.16
2009-11-29,0.95,6.98
2009-11-30,0.97,8.89
2009-12-01,0.0,10.42
2009-12-02,0.0,8.73
2009-12-03,0.0,6.48
2009-12-04,0.0,6.11
2009-12-05,0.0,5.53
2009-12-06,0.05,5.16
2009-12-07,22.44,3.83
2009-12-08,0.61,0.31
2009-12-09,0.18,2.89
2009-12-10,0.04,5.54
2009-12-11,1.2,5.91
2009-12-12,8.33,8.79
2009-12-13,6.7,7.01
2009-12-14,0.96,6.92
2009-12-15,0.0,7.97
2009-12-16,0.0,9.97
2009-12-17,0.0,9.3
2009-12-18,0.0,10.06
2009-12-19,0.0,10.17
2009-12-20,0.0,10.92
2009-12-21,0.01,9.82
2009-12-22,2.1,4.83
2009-12-23,0.0,3.7
2009-12-24,0.09,5.26
2009-12-25,0.0,4.73
2009-12-26,0.0,4.43
2009-12-27,0.0,4.92
2009-12-28,0.0,6.05
2009-12-29,0.0,6.57
2009-12-30,0.3,4.86
2009-12-31,0.0,5.74
2010-01-01,0.03,7.74
2010-01-02,0.0,9.79
2010-01-03,0.0,8.16
2010-01-04,0.0,8.63
2010-01-05,0.0,10.35
2010-01-06,0.0,11.86
2010-01-07,0.0,12.29
2010-01-08,0.0,10.51
2010-01-09,0.0,9.86
2010-01-10,0.0,12.29
2010-01-11,0.0,11.72
2010-01-12,0.0,12.65
2010-01-13,0.37,6.97
2010-01-14,0.0,6.74
2010-01-15,0.0,9.0
2010-01-16,0.0,9.86
2010-01-17,1.16,7.13
2010-01-18,22.68,8.35
2010-01-19,12.17,5.5
2010-01-20,13.89,6.05
2010-01-21,42.57,4.83
2010-01-22,12.72,3.23
2010-01-23,0.82,3.05
2010-01-24,0.0,5.29
2010-01-25,0.0,7.79
2010-01-26,1.34,7.86
2010-01-27,0.5,6.2
2010-01-28,0.1,6.98
2010-01-29,0.0,8.02
2010-01-30,0.0,7.79
2010-01-31,0.0,7.6
2010-02-01,0.0,8.84
2010-02-02,0.0,8.78
2010-02-03,0.0,8.33
2010-02-04,0.0,7.74
2010-02-05,0.76,6.67
2010-02-06,17.33,7.1
2010-02-07,0.53,5.76
2010-02-08,0.01,7.2
2010-02-09,4.26,4.9
2010-02-10,5.09,5.19
2010-02-11,0.0,6.81
2010-02-12,0.0,9.65
2010-02-13,0.0,11.39
2010-02-14,0.0,11.92
2010-02-15,0.0,13.04
2010-02-16,0.0,12.97
2010-02-17,0.0,13.09
2010-02-18,0.0,11.34
2010-02-19,0.32,7.16
2010-02-20,1.45,6.88
2010-02-21,1.28,7.37
2010-02-22,1.65,5.33
2010-02-23,0.0,6.72
2010-02-24,0.05,8.34
2010-02-25,0.03,10.43
2010-02-26,0.0,10.28
2010-02-27,8.72,6.75
2010-02-28,0.26,8.45
2010-03-01,0.4,10.53
2010-03-02,0.0,8.81
2010-03-03,0.07,7.55
2010-03-04,0.38,5.96
2010-03-05,0.0,7.6
2010-03-06,1.38,7.36
2010-03-07,7.4,6.26
2010-03-08,0.39,7.81
2010-03-09,0.1,4.4
2010-03-10,0.0,4.22
2010-03-11,0.0,6.88
2010-03-12,0.0,10.02
2010-03-13,0.0,7.29
2010-03-14,0.0,8.11
2010-03-15,0.0,11.24
2010-03-16,0.0,13.58
2010-03-17,0.0,15.46
2010-03-18,0.0,14.65
2010-03-19,0.0,12.75
2010-03-20,0.0,13.83
2010-03-21,0.0,14.62
2010-03-22,0.0,13.47
2010-03-23,0.0,11.71
2010-03-24,0.0,12.77
2010-03-25,0.0,8.89
2010-03-26,0.0,10.2
2010-03-27,0.0,10.87
2010-03-28,0.0,13.79
2010-03-29,0.0,15.47
2010-03-30,0.0,10.12
2010-03-31,0.08,7.93
2010-04-01,0.15,7.3
2010-04-02,0.0,8.56
2010-04-03,0.0,8.51
2010-04-04,0.01,7.73
2010-04-05,1.72,7.45
2010-04-06,0.0,9.23
2010-04-07,0.0,11.83
2010-04-08,0.0,14.4
2010-04-09,0.0,14.4
2010-04-10,0.0,10.35
2010-04-11,0.22,9.3
2010-04-12,5.05,7.88
2010-04-13,0.02,9.61
2010-04-14,0.0,11.92
2010-04-15,0.0,14.24
2010-04-16,0.0,13.76
2010-04-17,0.0,16.67
2010-04-18,0.01,17.55
2010-04-19,0.01,14.84
2010-04-20,1.18,10.92
2010-04-21,2.05,5.17
2010-04-22,1.97,6.13
2010-04-23,0.0,10.34
2010-04-24,0.0,14.77
2010-04-25,0.0,17.82
2010-04-26,0.0,18.95
2010-04-27,0.01,15.75
2010-04-28,0.28,10.44
2010-04-29,0.02,8.14
2010-04-30,0.0,9.54
2010-05-01,0.0,11.87
2010-05-02,0.0,13.51
2010-05-03,0.0,16.8
2010-05-04,0.0,18.18
2010-05-05,0.0,15.91
2010-05-06,0.0,16.26
2010-05-07,0.0,17.94
2010-05-08,0.0,17.11
2010-05-09,0.0,10.58
2010-05-10,0.0,10.63
2010-05-11,0.0,10.3
2010-05-12,0.0,14.01
2010-05-13,0.0,16.8
2010-05-14,0.0,18.5
2010-05-15,0.0,19.83
2010-05-16,0.0,20.05
2010-05-17,0.01,12.05
2010-05-18,0.03,12.38
2010-05-19,0.0,18.06
2010-05-20,0.0,18.85
2010-05-21,0.0,15.01
2010-05-22,0.0,11.06
2010-05-23,0.57,8.01
2010-05-24,0.04,11.87
2010-05-25,0.0,13.87
2010-05-26,0.0,13.42
2010-05-27,0.01,12.62
2010-05-28,0.0,12.46
2010-05-29,0.0,17.32
2010-05-30,0.0,20.71
2010-05-31,0.0,20.32
2010-06-01,0.0,17.1
2010-06-02,0.0,20.5
2010-06-03,0.0,22.53
2010-06-04,0.0,24.98
2010-06-05,0.0,26.49
2010-06-06,0.0,25.61
2010-06-07,0.0,22.67
2010-06-08,0.0,21.28
2010-06-09,0.0,19.28
2010-06-10,0.0,16.76
2010-06-11,0.0,16.15
2010-06-12,0.0,17.04
2010-06-13,0.0,21.41
2010-06-14,0.0,24.77
2010-06-15,0.0,23.08
2010-06-16,0.0,18.29
2010-06-17,0.0,20.45
2010-06-18,0.0,19.58
2010-06-19,0.0,18.47
2010-06-20,0.0,18.96
2010-06-21,0.0,17.12
2010-06-22,0.0,21.42
2010-06-23,0.0,23.48
2010-06-24,0.0,23.89
2010-06-25,0.0,22.19
2010-06-26,0.0,21.23
2010-06-27,0.0,25.45
2010-06-28,0.0,26.67
2010-06-29,0.0,24.73
2010-06-30,0.0,24.8
2010-07-01,0.0,24.96
2010-07-02,0.0,22.84
2010-07-03,0.0,20.08
2010-07-04,0.0,21.66
2010-07-05,0.0,23.03
2010-07-06,0.02,21.01
2010-07-07,0.01,21.89
2010-07-08,0.0,24.04
2010-07-09,0.0,27.33
2010-07-10,0.03,26.79
2010-07-11,0.01,24.44
2010-07-12,0.0,25.27
2010-07-13,0.0,26.48
2010-07-14,0.01,29.43
2010-07-15,0.96,31.26
2010-07-16,0.02,30.19
2010-07-17,0.0,29.79
2010-07-18,0.0,30.02
2010-07-19,0.0,27.93
2010-07-20,0.0,26.41
2010-07-21,0.0,24.65
2010-07-22,0.0,25.18
2010-07-23,0.0,27.75
2010-07-24,0.0,27.9
2010-07-25,0.0,26.2
2010-07-26,0.0,24.33
2010-07-27,0.0,24.22
2010-07-28,0.0,24.29
2010-07-29,0.0,25.54
2010-07-30,0.0,26.22
2010-07-31,0.0,24.09
2010-08-01,0.0,23.71
2010-08-02,0.0,25.6
2010-08-03,0.0,27.26
2010-08-04,0.0,26.53
2010-08-05,0.0,26.31
2010-08-06,0.0,24.37
2010-08-07,0.0,22.57
2010-08-08,0.0,21.17
2010-08-09,0.0,23.34
2010-08-10,0.0,22.9
2010-08-11,0.0,21.51
2010-08-12,0.0,22.59
2010-08-13,0.0,23.89
2010-08-14,0.0,24.25
2010-08-15,0.0,27.14
2010-08-16,0.02,29.8
2010-08-17,0.13,29.13
2010-08-18,0.0,28.15
2010-08-19,0.0,26.93
2010-08-20,0.0,27.36
2010-08-21,0.0,27.83
2010-08-22,0.0,27.05
2010-08-23,0.0,29.04
2010-08-24,0.67,31.35
2010-08-25,1.9,30.85
2010-08-26,2.18,31.24
2010-08-27,0.0,27.32
2010-08-28,0.0,17.89
2010-08-29,0.0,15.57
2010-08-30,0.0,17.31
2010-08-31,0.0,22.21
2010-09-01,0.0,25.87
2010-09-02,0.0,27.52
2010-09-03,0.0,29.09
2010-09-04,0.0,29.2
2010-09-05,0.0,26.1
2010-09-06,0.0,24.64
2010-09-07,0.0,22.53
2010-09-08,0.0,16.35
2010-09-09,0.01,16.65
2010-09-10,0.0,20.12
2010-09-11,0.0,23.68
2010-09-12,0.0,24.35
2010-09-13,0.0,24.17
2010-09-14,0.0,22.5
2010-09-15,0.0,21.56
2010-09-16,0.0,23.17
2010-09-17,0.0,22.78
2010-09-18,0.0,22.8
2010-09-19,0.0,22.66
2010-09-20,0.0,21.77
2010-09-21,0.0,18.71
2010-09-22,0.0,14.18
2010-09-23,0.0,21.48
2010-09-24,0.0,25.31
2010-09-25,0.0,27.06
2010-09-26,0.0,29.07
2010-09-27,0.0,30.67
2010-09-28,0.0,28.41
2010-09-29,0.01,26.14
2010-09-30,1.31,26.03
2010-10-01,1.09,26.24
2010-10-02,3.79,23.22
2010-10-03,0.87,21.56
2010-10-04,0.13,15.08
2010-10-05,0.04,11.86
2010-10-06,0.58,11.81
2010-10-07,0.0,12.87
2010-10-08,0.0,17.21
2010-10-09,0.0,20.08
2010-10-10,0.0,21.9
2010-10-11,0.0,23.79
2010-10-12,0.0,24.07
2010-10-13,0.0,23.51
2010-10-14,0.0,24.02
2010-10-15,0.0,22.64
2010-10-16,0.02,20.03
2010-10-17,0.15,15.34
2010-10-18,1.41,14.91
2010-10-19,8.84,15.27
2010-10-20,5.97,13.14
2010-10-21,0.88,12.23
2010-10-22,0.1,12.51
2010-10-23,0.04,12.63
2010-10-24,0.08,13.81
2010-10-25,1.31,14.07
2010-10-26,0.0,12.21
2010-10-27,0.0,10.96
2010-10-28,0.0,14.57
2010-10-29,0.0,16.6
2010-10-30,0.58,10.05
2010-10-31,0.0,11.68
2010-11-01,0.0,15.48
2010-11-02,0.0,18.09
2010-11-03,0.0,19.85
2010-11-04,0.0,20.6
2010-11-05,0.0,19.67
2010-11-06,0.0,15.45
2010-11-07,0.02,11.9
2010-11-08,0.7,10.1
2010-11-09,0.0,8.95
2010-11-10,0.0,7.65
2010-11-11,0.0,7.51
2010-11-12,0.0,10.0
2010-11-13,0.0,10.51
2010-11-14,0.0,11.67
2010-11-15,0.0,14.16
2010-11-16,0.0,13.8
2010-11-17,0.0,12.94
2010-11-18,0.0,14.51
2010-11-19,0.06,9.73
2010-11-20,6.77,8.58
2010-11-21,2.38,4.98
2010-11-22,0.0,4.71
2010-11-23,0.54,5.23
2010-11-24,0.31,4.74
2010-11-25,0.0,1.15
2010-11-26,0.0,5.68
2010-11-27,0.47,6.62
2010-11-28,0.17,3.24
2010-11-29,0.0,1.16
2010-11-30,0.0,4.56
2010-12-01,0.0,9.22
2010-12-02,0.0,14.32
2010-12-03,0.0,14.04
2010-12-04,0.0,11.39
2010-12-05,1.93,11.9
2010-12-06,0.05,10.53
2010-12-07,0.0,10.36
2010-12-08,0.0,13.19
2010-12-09,0.0,13.57
2010-12-10,0.0,13.18
2010-12-11,0.0,12.81
2010-12-12,0.0,14.73
2010-12-13,0.0,16.5
2010-12-14,0.0,12.19
2010-12-15,0.27,7.73
2010-12-16,1.46,6.57
2010-12-17,2.62,7.29
2010-12-18,1.98,9.29
2010-12-19,17.45,9.57
2010-12-20,24.77,10.64
2010-12-21,31.37,8.92
2010-12-22,46.3,8.04
2010-12-23,0.08,7.48
2010-12-24,0.0,7.81
2010-12-25,1.45,7.94
2010-12-26,0.89,7.42
2010-12-27,0.0,6.22
2010-12-28,0.0,7.74
2010-12-29,5.93,4.95
2010-12-30,0.0,0.11
2010-12-31,0.0,0.74
2011-01-01,0.0,1.18
2011-01-02,2.1,1.73
2011-01-03,1.64,3.85
2011-01-04,0.0,3.27
2011-01-05,0.0,4.62
2011-01-06,0.0,7.13
2011-01-07,0.0,7.27
2011-01-08,0.0,5.48
2011-01-09,0.0,4.84
2011-01-10,0.0,2.84
2011-01-11,0.0,3.83
2011-01-12,0.0,7.19
2011-01-13,0.0,10.14
2011-01-14,0.0,9.79
2011-01-15,0.0,11.75
2011-01-16,0.0,14.72
2011-01-17,0.0,15.52
2011-01-18,0.0,15.55
2011-01-19,0.0,11.85
2011-01-20,0.0,7.33
2011-01-21,0.0,10.48
2011-01-22,0.0,12.87
2011-01-23,0.0,8.12
2011-01-24,0.0,9.74
2011-01-25,0.0,10.7
2011-01-26,0.0,8.59
2011-01-27,0.0,9.41
2011-01-28,0.0,10.91
2011-01-29,0.0,8.7
2011-01-30,2.07,5.41
2011-01-31,0.09,6.11
2011-02-01,0.16,4.32
2011-02-02,0.0,-0.01
2011-02-03,0.0,3.39
2011-02-04,0.0,7.82
2011-02-05,0.0,9.95
2011-02-06,0.0,11.0
2011-02-07,0.0,12.36
2011-02-08,0.0,6.44
2011-02-09,0.0,5.03
2011-02-10,0.0,5.15
2011-02-11,0.0,8.41
2011-02-12,0.0,11.82
2011-02-13,0.0,12.41
2011-02-14,0.0,6.61
2011-02-15,0.06,8.81
2011-02-16,3.11,7.39
2011-02-17,0.0,4.13
2011-02-18,10.06,6.43
2011-02-19,16.03,4.37
2011-02-20,1.51,3.28
2011-02-21,0.0,4.39
2011-02-22,0.0,5.17
2011-02-23,0.0,4.77
2011-02-24,0.0,5.65
2011-02-25,2.35,4.69
2011-02-26,9.2,2.41
2011-02-27,0.0,3.04
2011-02-28,0.0,6.47
2011-03-01,0.0,8.73
2011-03-02,0.03,8.78
2011-03-03,0.03,9.77
2011-03-04,0.0,10.73
2011-03-05,0.0,12.97
2011-03-06,0.09,10.77
2011-03-07,0.77,7.86
2011-03-08,0.0,8.83
2011-03-09,0.0,13.87
2011-03-10,0.0,15.56
2011-03-11,0.0,12.56
2011-03-12,0.0,10.51
2011-03-13,0.0,13.19
2011-03-14,0.0,14.52
2011-03-15,0.0,14.9
2011-03-16,0.0,13.71
2011-03-17,0.0,12.03
2011-03-18,0.0,9.37
2011-03-19,0.18,6.36
2011-03-20,9.89,6.49
2011-03-21,2.98,4.26
2011-03-22,0.18,5.96
2011-03-23,1.75,7.69
2011-03-24,0.56,5.7
2011-03-25,1.28,6.62
2011-03-26,0.11,6.53
2011-03-27,0.16,8.96
2011-03-28,0.0,10.88
2011-03-29,0.0,14.66
2011-03-30,0.0,17.1
2011-03-31,0.0,20.32
2011-04-01,0.0,21.6
2011-04-02,0.0,13.04
2011-04-03,0.0,11.91
2011-04-04,0.0,15.2
2011-04-05,0.0,16.0
2011-04-06,0.74,12.23
2011-04-07,0.7,7.54
2011-04-08,0.97,3.32
2011-04-09,0.26,4.46
2011-04-10,0.0,9.08
2011-04-11,0.0,12.29
2011-04-12,0.0,12.14
2011-04-13,0.0,8.77
2011-04-14,0.0,12.24
2011-04-15,0.0,17.36
2011-04-16,0.0,20.51
2011-04-17,0.0,18.54
2011-04-18,0.02,13.08
2011-04-19,0.01,14.28
2011-04-20,0.02,14.3
2011-04-21,0.0,12.65
2011-04-22,0.0,13.33
2011-04-23,0.01,12.19
2011-04-24,0.07,10.57
2011-04-25,0.0,14.69
2011-04-26,0.0,14.45
2011-04-27,0.0,17.85
2011-04-28,0.0,18.24
2011-04-29,0.0,13.87
2011-04-30,0.0,11.26
2011-05-01,0.0,13.02
2011-05-02,0.0,16.64
2011-05-03,0.0,19.83
2011-05-04,0.0,22.47
2011-05-05,0.0,22.28
2011-05-06,0.0,19.93
2011-05-07,0.0,15.23
2011-05-08,0.21,10.58
2011-05-09,0.1,8.61
2011-05-10,0.03,11.89
2011-05-11,0.0,15.48
2011-05-12,0.0,19.73
2011-05-13,0.0,19.68
2011-05-14,0.0,13.03
2011-05-15,0.45,8.71
2011-05-16,0.0,8.52
2011-05-17,0.93,7.7
2011-05-18,1.53,9.5
2011-05-19,0.0,12.43
2011-05-20,0.0,15.95
2011-05-21,0.0,17.63
2011-05-22,0.0,15.36
2011-05-23,0.0,11.41
2011-05-24,0.0,14.7
2011-05-25,0.0,18.38
2011-05-26,0.0,15.47
2011-05-27,0.0,18.27
2011-05-28,0.01,14.33
2011-05-29,0.3,11.24
2011-05-30,0.0,15.58
2011-05-31,0.0,17.74
2011-06-01,0.0,12.07
2011-06-02,0.0,15.01
2011-06-03,0.0,16.52
2011-06-04,0.0,14.97
2011-06-05,0.03,15.59
2011-06-06,0.06,13.66
2011-06-07,0.02,15.25
2011-06-08,0.0,15.98
2011-06-09,0.0,18.74
2011-06-10,0.0,18.92
2011-06-11,0.0,17.1
2011-06-12,0.0,17.08
2011-06-13,0.0,20.42
2011-06-14,0.0,24.91
2011-06-15,0.0,24.05
2011-06-16,0.0,18.0
2011-06-17,0.0,16.97
2011-06-18,0.0,19.03
2011-06-19,0.0,19.49
2011-06-20,0.0,25.81
2011-06-21,0.0,28.36
2011-06-22,0.0,27.62
2011-06-23,0.0,25.26
2011-06-24,0.0,22.7
2011-06-25,0.0,22.48
2011-06-26,0.0,24.3
2011-06-27,0.0,25.86
2011-06-28,0.0,24.2
2011-06-29,0.0,19.63
2011-06-30,0.0,23.13
2011-07-01,0.0,27.88
2011-07-02,0.0,29.77
2011-07-03,0.0,29.82
2011-07-04,0.42,27.27
2011-07-05,1.81,26.86
2011-07-06,1.98,26.34
2011-07-07,0.01,27.21
2011-07-08,0.02,26.74
2011-07-09,0.21,26.42
2011-07-10,0.0,26.39
2011-07-11,0.0,22.34
2011-07-12,0.0,20.27
2011-07-13,0.0,19.19
2011-07-14,0.0,18.32
2011-07-15,0.0,18.61
2011-07-16,0.0,20.22
2011-07-17,0.0,23.75
2011-07-18,0.0,26.79
2011-07-19,0.0,27.36
2011-07-20,0.0,26.0
2011-07-21,0.0,23.82
2011-07-22,0.0,22.92
2011-07-23,0.0,25.62
2011-07-24,0.01,27.7
2011-07-25,0.0,27.26
2011-07-26,0.0,26.12
2011-07-27,0.0,25.48
2011-07-28,0.0,26.3
2011-07-29,0.06,26.96
2011-07-30,1.0,25.75
2011-07-31,3.17,26.54
2011-08-01,1.45,28.0
2011-08-02,0.03,29.34
2011-08-03,0.01,27.99
2011-08-04,0.0,25.54
2011-08-05,0.0,23.88
2011-08-06,0.0,23.9
2011-08-07,0.0,25.85
2011-08-08,0.0,25.95
2011-08-09,0.0,24.79
2011-08-10,0.0,22.5
2011-08-11,0.0,22.45
2011-08-12,0.0,25.21
2011-08-13,0.06,27.17
2011-08-14,0.0,27.23
2011-08-15,0.0,25.85
2011-08-16,0.0,26.3
2011-08-17,0.0,28.33
2011-08-18,0.0,27.0
2011-08-19,0.0,25.23
2011-08-20,0.0,22.56
2011-08-21,0.0,23.45
2011-08-22,0.0,26.45
2011-08-23,0.0,29.06
2011-08-24,0.0,29.99
2011-08-25,0.0,31.02
2011-08-26,0.01,32.18
2011-08-27,0.32,32.2
2011-08-28,0.04,30.38
2011-08-29,1.2,29.71
2011-08-30,0.0,26.77
2011-08-31,0.0,23.72
2011-09-01,0.0,24.96
2011-09-02,0.0,27.26
2011-09-03,0.0,27.03
2011-09-04,0.01,27.92
2011-09-05,1.09,25.79
2011-09-06,0.04,28.58
2011-09-07,0.1,29.91
2011-09-08,0.0,27.87
2011-09-09,0.13,26.8
2011-09-10,1.24,23.4
2011-09-11,0.0,21.71
2011-09-12,0.02,23.74
2011-09-13,5.34,22.48
2011-09-14,0.31,21.67
2011-09-15,0.0,22.12
2011-09-16,0.0,19.62
2011-09-17,0.0,19.74
2011-09-18,0.0,24.47
2011-09-19,0.0,25.21
2011-09-20,0.0,24.76
2011-09-21,0.0,25.17
2011-09-22,0.0,27.24
2011-09-23,0.01,27.52
2011-09-24,0.03,21.85
2011-09-25,0.0,19.09
2011-09-26,0.0,21.19
2011-09-27,0.0,25.27
2011-09-28,0.0,26.23
2011-09-29,0.0,24.64
2011-09-30,0.27,23.59
2011-10-01,0.16,25.34
2011-10-02,0.0,23.98
2011-10-03,0.0,20.46
2011-10-04,0.51,13.06
2011-10-05,5.67,10.88
2011-10-06,0.03,10.2
2011-10-07,0.0,12.12
2011-10-08,0.0,15.59
2011-10-09,0.02,17.37
2011-10-10,0.0,18.31
2011-10-11,0.0,21.42
2011-10-12,0.0,23.16
2011-10-13,0.0,24.3
2011-10-14,0.0,24.27
2011-10-15,0.0,21.91
2011-10-16,0.04,21.45
2011-10-17,0.0,22.05
2011-10-18,0.0,22.32
2011-10-19,0.0,21.04
2011-10-20,0.0,19.86
2011-10-21,0.0,20.26
2011-10-22,0.0,21.78
2011-10-23,0.0,21.16
2011-10-24,0.02,18.43
2011-10-25,0.06,13.35
2011-10-26,0.03,12.71
2011-10-27,0.0,12.7
2011-10-28,0.0,15.66
2011-10-29,0.0,18.36
2011-10-30,0.0,19.56
2011-10-31,0.0,19.77
2011-11-01,0.0,16.47
2011-11-02,0.0,12.23
2011-11-03,0.0,13.33
2011-11-04,6.16,7.43
2011-11-05,0.0,5.03
2011-11-06,3.16,4.74
2011-11-07,0.0,6.67
2011-11-08,0.01,7.14
2011-11-09,0.0,8.19
2011-11-10,0.0,10.73
2011-11-11,0.01,12.56
2011-11-12,4.32,7.06
2011-11-13,0.05,11.06
2011-11-14,0.0,9.93
2011-11-15,0.0,11.4
2011-11-16,0.0,12.84
2011-11-17,0.0,12.47
2011-11-18,0.0,8.72
2011-11-19,0.01,7.82
2011-11-20,4.76,6.52
2011-11-21,0.7,8.2
2011-11-22,0.0,9.76
2011-11-23,0.0,10.94
2011-11-24,0.0,7.79
2011-11-25,0.0,9.81
2011-11-26,0.0,11.77
2011-11-27,0.0,12.56
2011-11-28,0.0,15.49
2011-11-29,0.0,15.73
2011-11-30,0.0,12.48
2011-12-01,0.48,5.66
2011-12-02,0.06,5.43
2011-12-03,0.0,2.31
2011-12-04,0.0,3.94
2011-12-05,0.0,2.37
2011-12-06,0.0,3.29
2011-12-07,0.0,6.07
2011-12-08,0.0,8.21
2011-12-09,0.0,8.36
2011-12-10,0.0,9.67
2011-12-11,0.0,7.04
2011-12-12,2.94,4.35
2011-12-13,1.69,4.21
2011-12-14,0.02,5.47
2011-12-15,0.42,4.59
2011-12-16,0.05,5.04
2011-12-17,0.54,6.73
2011-12-18,0.12,5.55
2011-12-19,0.0,6.69
2011-12-20,0.0,5.35
2011-12-21,0.0,6.97
2011-12-22,0.0,2.56
2011-12-23,0.0,4.4
2011-12-24,0.0,6.52
2011-12-25,0.0,8.9
2011-12-26,0.0,11.16
2011-12-27,0.0,10.11
2011-12-28,0.0,12.28
2011-12-29,0.0,14.51
2011-12-30,0.0,14.93
2011-12-31,0.0,13.67
2012-01-01,0.0,12.52
2012-01-02,0.0,13.61
2012-01-03,0.0,16.41
2012-01-04,0.0,15.03
2012-01-05,0.0,15.36
2012-01-06,0.0,14.47
2012-01-07,0.0,10.6
2012-01-08,0.0,7.47
2012-01-09,0.0,10.55
2012-01-10,0.0,12.0
2012-01-11,0.0,10.91
2012-01-12,0.0,8.52
2012-01-13,0.0,7.93
2012-01-14,0.0,9.74
2012-01-15,0.23,8.56
2012-01-16,0.45,5.58
2012-01-17,0.0,5.69
2012-01-18,0.0,9.37
2012-01-19,0.0,9.49
2012-01-20,0.0,9.08
2012-01-21,2.09,5.97
2012-01-22,0.0,6.24
2012-01-23,2.57,4.96
2012-01-24,0.01,6.74
2012-01-25,0.0,11.18
2012-01-26,0.0,14.49
2012-01-27,0.0,9.56
2012-01-28,0.0,8.0
2012-01-29,0.0,11.19
2012-01-30,0.0,11.79
2012-01-31,0.0,11.19
2012-02-01,0.0,10.48
2012-02-02,0.0,6.85
2012-02-03,0.0,6.21
2012-02-04,0.0,7.53
2012-02-05,0.0,8.78
2012-02-06,0.0,9.15
2012-02-07,0.1,8.48
2012-02-08,0.0,10.47
2012-02-09,0.0,13.63
2012-02-10,0.0,13.73
2012-02-11,0.1,7.19
2012-02-12,0.06,7.73
2012-02-13,0.76,5.4
2012-02-14,0.12,5.35
2012-02-15,7.06,3.6
2012-02-16,0.89,5.82
2012-02-17,0.0,9.09
2012-02-18,0.0,9.34
2012-02-19,0.0,5.59
2012-02-20,0.0,6.4
2012-02-21,0.0,9.45
2012-02-22,0.0,13.84
2012-02-23,0.0,15.04
2012-02-24,0.0,13.35
2012-02-25,0.0,11.81
2012-02-26,0.0,9.18
2012-02-27,2.46,4.45
2012-02-28,0.91,3.76
2012-02-29,0.02,5.11
2012-03-01,0.01,7.86
2012-03-02,0.0,6.25
2012-03-03,0.0,10.79
2012-03-04,0.0,15.48
2012-03-05,0.0,15.69
2012-03-06,0.33,7.22
2012-03-07,0.0,3.65
2012-03-08,0.03,8.62
2012-03-09,0.0,13.26
2012-03-10,0.0,13.4
2012-03-11,0.0,9.37
2012-03-12,0.0,9.79
2012-03-13,0.0,9.74
2012-03-14,0.0,10.31
2012-03-15,0.0,12.73
2012-03-16,0.04,11.38
2012-03-17,10.96,6.09
2012-03-18,2.44,2.34
2012-03-19,0.14,4.43
2012-03-20,0.0,10.16
2012-03-21,0.0,14.97
2012-03-22,0.0,15.63
2012-03-23,0.0,12.13
2012-03-24,0.0,11.5
2012-03-25,4.6,8.0
2012-03-26,0.75,8.52
2012-03-27,0.0,10.18
2012-03-28,0.0,11.13
2012-03-29,0.0,13.54
2012-03-30,0.0,16.0
2012-03-31,0.68,11.43
2012-04-01,0.05,8.82
2012-04-02,0.0,11.58
2012-04-03,0.0,14.69
2012-04-04,0.0,13.29
2012-04-05,0.0,9.86
2012-04-06,0.0,9.66
2012-04-07,0.0,14.87
2012-04-08,0.0,17.5
2012-04-09,0.0,17.82
2012-04-10,0.01,13.4
2012-04-11,2.44,7.95
2012-04-12,0.16,8.34
2012-04-13,7.48,6.13
2012-04-14,0.82,6.28
2012-04-15,0.0,11.88
2012-04-16,0.0,16.32
2012-04-17,0.0,18.76
2012-04-18,0.0,18.53
2012-04-19,0.0,20.95
2012-04-20,0.0,24.0
2012-04-21,0.0,24.7
2012-04-22,0.0,23.38
2012-04-23,0.07,16.55
2012-04-24,0.0,16.44
2012-04-25,1.75,18.63
2012-04-26,1.88,12.05
2012-04-27,0.04,16.26
2012-04-28,0.0,19.39
2012-04-29,0.0,20.61
2012-04-30,0.0,20.21
2012-05-01,0.03,14.28
2012-05-02,0.06,13.23
2012-05-03,0.01,13.69
2012-05-04,0.01,14.89
2012-05-05,0.0,16.87
2012-05-06,0.0,18.69
2012-05-07,0.0,19.06
2012-05-08,0.0,20.55
2012-05-09,0.0,22.83
2012-05-10,0.0,19.42
2012-05-11,0.0,18.69
2012-05-12,0.0,20.84
2012-05-13,0.0,22.79
2012-05-14,0.0,21.51
2012-05-15,0.0,19.79
2012-05-16,0.0,24.53
2012-05-17,0.0,21.91
2012-05-18,0.0,16.8
2012-05-19,0.0,21.42
2012-05-20,0.0,25.24
2012-05-21,0.0,25.62
2012-05-22,0.0,23.31
2012-05-23,0.0,19.86
2012-05-24,0.0,17.89
2012-05-25,0.06,11.42
2012-05-26,0.01,10.7
2012-05-27,0.02,16.74
2012-05-28,0.0,20.98
2012-05-29,0.0,20.85
2012-05-30,0.0,21.32
2012-05-31,0.0,26.09
2012-06-01,0.0,25.95
2012-06-02,0.0,21.53
2012-06-03,0.0,22.3
2012-06-04,0.0,19.22
2012-06-05,0.0,16.53
2012-06-06,0.0,19.52
2012-06-07,0.0,23.62
2012-06-08,0.0,21.99
2012-06-09,0.0,18.71
2012-06-10,0.0,21.03
2012-06-11,0.0,24.39
2012-06-12,0.0,25.13
2012-06-13,0.0,23.07
2012-06-14,0.0,21.41
2012-06-15,0.0,22.42
2012-06-16,0.0,25.62
2012-06-17,0.0,27.42
2012-06-18,0.0,24.29
2012-06-19,0.0,21.0
2012-06-20,0.0,24.33
2012-06-21,0.0,23.46
2012-06-22,0.0,20.54
2012-06-23,0.0,20.42
2012-06-24,0.0,21.2
2012-06-25,0.0,20.23
2012-06-26,0.0,21.92
2012-06-27,0.0,24.43
2012-06-28,0.0,25.63
2012-06-29,0.0,24.61
2012-06-30,0.0,23.74
2012-07-01,0.0,22.08
2012-07-02,0.0,23.52
2012-07-03,0.0,24.19
2012-07-04,0.28,23.72
2012-07-05,0.46,23.73
2012-07-06,0.0,25.13
2012-07-07,0.0,25.59
2012-07-08,0.0,26.79
2012-07-09,0.0,29.88
2012-07-10,0.0,30.94
2012-07-11,0.0,31.14
2012-07-12,2.23,27.13
2012-07-13,2.65,25.77
2012-07-14,0.19,26.05
2012-07-15,0.04,24.94
2012-07-16,0.0,21.01
2012-07-17,0.0,19.44
2012-07-18,0.0,23.06
2012-07-19,0.0,27.28
2012-07-20,0.0,27.2
2012-07-21,0.0,28.9
2012-07-22,0.13,28.51
2012-07-23,0.0,27.11
2012-07-24,0.0,25.16
2012-07-25,0.0,24.15
2012-07-26,0.0,23.22
2012-07-27,0.0,22.49
2012-07-28,0.0,24.68
2012-07-29,0.0,27.59
2012-07-30,0.88,26.09
2012-07-31,9.98,25.14
2012-08-01,0.04,26.38
2012-08-02,0.0,27.27
2012-08-03,0.0,26.44
2012-08-04,0.82,26.95
2012-08-05,0.05,29.23
2012-08-06,0.13,30.48
2012-08-07,0.04,31.13
2012-08-08,0.01,31.58
2012-08-09,0.0,32.71
2012-08-10,0.24,32.72
2012-08-11,0.09,31.83
2012-08-12,1.69,31.38
2012-08-13,0.82,31.42
2012-08-14,0.22,29.92
2012-08-15,0.0,28.47
2012-08-16,0.1,28.99
2012-08-17,1.4,28.03
2012-08-18,0.55,27.22
2012-08-19,0.0,27.8
2012-08-20,0.1,28.13
2012-08-21,0.34,26.52
2012-08-22,2.5,24.36
2012-08-23,0.04,25.1
2012-08-24,0.0,25.4
2012-08-25,0.0,24.74
2012-08-26,0.0,23.15
2012-08-27,0.0,26.92
2012-08-28,0.0,29.37
2012-08-29,1.55,29.21
2012-08-30,1.69,26.92
2012-08-31,0.26,25.03
2012-09-01,0.0,23.89
2012-09-02,0.0,24.93
2012-09-03,0.0,26.83
2012-09-04,0.17,27.51
2012-09-05,0.01,25.83
2012-09-06,0.04,25.11
2012-09-07,0.0,25.69
2012-09-08,0.02,27.8
2012-09-09,1.36,27.01
2012-09-10,4.98,24.06
2012-09-11,1.07,22.48
2012-09-12,0.0,24.42
2012-09-13,0.0,26.19
2012-09-14,0.0,26.43
2012-09-15,0.0,26.51
2012-09-16,0.0,25.48
2012-09-17,0.0,23.13
2012-09-18,0.0,24.86
2012-09-19,0.0,26.4
2012-09-20,0.0,27.51
2012-09-21,0.0,26.9
2012-09-22,0.0,25.93
2012-09-23,0.0,26.94
2012-09-24,0.0,23.08
2012-09-25,0.0,20.58
2012-09-26,0.0,22.9
2012-09-27,0.0,24.66
2012-09-28,0.0,24.53
2012-09-29,0.0,25.45
2012-09-30,0.0,27.61
2012-10-01,0.0,28.41
2012-10-02,0.0,27.78
2012-10-03,0.0,22.96
2012-10-04,0.0,19.14
2012-10-05,0.0,18.95
2012-10-06,0.0,18.85
2012-10-07,0.0,19.72
2012-10-08,0.0,18.26
2012-10-09,0.0,16.54
2012-10-10,0.01,14.17
2012-10-11,1.32,11.57
2012-10-12,0.1,11.44
2012-10-13,0.0,16.57
2012-10-14,0.0,20.48
2012-10-15,0.0,22.13
2012-10-16,0.0,23.62
2012-10-17,0.0,23.75
2012-10-18,0.0,21.2
2012-10-19,0.0,20.37
2012-10-20,0.04,15.96
2012-10-21,0.11,14.26
2012-10-22,0.03,13.35
2012-10-23,0.02,10.76
2012-10-24,0.0,12.31
2012-10-25,0.0,14.28
2012-10-26,0.0,14.27
2012-10-27,0.0,17.73
2012-10-28,0.0,19.37
2012-10-29,0.0,20.06
2012-10-30,0.0,19.46
2012-10-31,0.0,18.07
2012-11-01,0.0,14.69
2012-11-02,0.0,15.18
2012-11-03,0.0,17.73
2012-11-04,0.0,18.05
2012-11-05,0.0,20.09
2012-11-06,0.0,21.11
2012-11-07,0.0,17.47
2012-11-08,0.59,12.0
2012-11-09,1.08,7.72
2012-11-10,0.04,4.81
2012-11-11,0.0,5.35
2012-11-12,0.0,7.92
2012-11-13,0.0,12.49
2012-11-14,0.0,14.32
2012-11-15,0.01,13.35
2012-11-16,0.09,11.79
2012-11-17,0.49,11.48
2012-11-18,0.07,11.3
2012-11-19,0.0,12.37
2012-11-20,0.0,13.88
2012-11-21,0.0,13.16
2012-11-22,0.0,14.41
2012-11-23,0.0,14.83
2012-11-24,0.0,17.4
2012-11-25,0.0,16.29
2012-11-26,0.0,15.53
2012-11-27,0.0,14.87
2012-11-28,0.09,11.62
2012-11-29,0.54,10.98
2012-11-30,1.23,12.26
2012-12-01,0.06,11.85
2012-12-02,0.33,11.48
2012-12-03,0.38,12.46
2012-12-04,0.0,14.42
2012-12-05,0.0,15.48
2012-12-06,0.0,13.93
2012-12-07,0.0,12.13
2012-12-08,0.0,12.43
2012-12-09,0.0,10.61
2012-12-10,0.0,10.94
2012-12-11,0.0,11.5
2012-12-12,0.69,8.01
2012-12-13,8.83,6.84
2012-12-14,0.6,4.08
2012-12-15,1.92,4.75
2012-12-16,0.08,5.99
2012-12-17,0.29,8.13
2012-12-18,2.89,6.48
2012-12-19,0.0,1.53
2012-12-20,0.0,2.88
2012-12-21,0.0,7.05
2012-12-22,0.0,6.99
2012-12-23,0.01,5.99
2012-12-24,1.34,7.11
2012-12-25,0.0,4.37
2012-12-26,1.23,4.11
2012-12-27,0.01,3.79
2012-12-28,0.0,4.09
2012-12-29,1.13,4.31
2012-12-30,0.56,2.8
2012-12-31,0.0,2.45
2013-01-01,0.0,3.06
2013-01-02,0.0,3.81
2013-01-03,0.0,4.07
2013-01-04,0.0,5.25
2013-01-05,0.0,6.86
2013-01-06,0.7,4.02
2013-01-07,0.01,4.53
2013-01-08,0.02,8.83
2013-01-09,0.0,10.84
2013-01-10,0.61,4.78
2013-01-11,0.0,0.31
2013-01-12,0.0,0.06
2013-01-13,0.0,-0.25
2013-01-14,0.0,-1.88
2013-01-15,0.0,1.56
2013-01-16,0.0,4.66
2013-01-17,0.0,7.0
2013-01-18,0.0,8.24
2013-01-19,0.0,8.44
2013-01-20,0.0,9.47
2013-01-21,0.0,9.63
2013-01-22,0.0,12.02
2013-01-23,0.06,13.29
2013-01-24,1.95,11.26
2013-01-25,10.5,11.2
2013-01-26,2.96,11.09
2013-01-27,0.61,7.2
2013-01-28,0.12,2.77
2013-01-29,0.04,4.74
2013-01-30,0.0,8.87
2013-01-31,0.0,10.79
2013-02-01,0.0,12.77
2013-02-02,0.19,14.22
2013-02-03,0.05,12.63
2013-02-04,0.03,12.82
2013-02-05,0.0,11.45
2013-02-06,0.0,9.2
2013-02-07,0.05,9.41
2013-02-08,2.91,2.98
2013-02-09,0.08,2.68
2013-02-10,0.07,3.25
2013-02-11,0.14,2.93
2013-02-12,0.0,5.57
2013-02-13,0.0,9.06
2013-02-14,0.0,10.25
2013-02-15,0.0,10.21
2013-02-16,0.0,12.0
2013-02-17,0.0,9.64
2013-02-18,0.0,8.61
2013-02-19,1.56,3.99
2013-02-20,1.52,2.85
2013-02-21,0.05,3.86
2013-02-22,0.0,7.09
2013-02-23,0.02,7.57
2013-02-24,0.0,4.87
2013-02-25,0.0,7.22
2013-02-26,0.0,7.38
2013-02-27,0.0,7.35
2013-02-28,0.0,10.89
2013-03-01,0.0,13.93
2013-03-02,0.0,15.52
2013-03-03,0.0,12.12
2013-03-04,0.0,12.31
2013-03-05,0.0,11.89
2013-03-06,0.01,7.99
2013-03-07,0.72,6.66
2013-03-08,7.1,3.88
2013-03-09,0.28,7.46
2013-03-10,0.0,9.96
2013-03-11,0.0,14.66
2013-03-12,0.0,16.95
2013-03-13,0.0,19.89
2013-03-14,0.0,21.18
2013-03-15,0.0,19.02
2013-03-16,0.0,16.2
2013-03-17,0.0,14.42
2013-03-18,0.0,14.75
2013-03-19,0.0,14.22
2013-03-20,0.0,15.21
2013-03-21,0.0,14.07
2013-03-22,0.0,12.65
2013-03-23,0.0,12.72
2013-03-24,0.0,15.58
2013-03-25,0.0,16.91
2013-03-26,0.0,14.59
2013-03-27,0.0,12.98
2013-03-28,0.0,14.66
2013-03-29,0.0,17.25
2013-03-30,0.0,16.02
2013-03-31,0.0,12.13
2013-04-01,0.0,11.66
2013-04-02,0.0,14.48
2013-04-03,0.0,18.07
2013-04-04,0.0,16.33
2013-04-05,0.0,14.45
2013-04-06,0.0,14.84
2013-04-07,0.0,15.06
2013-04-08,0.36,10.49
2013-04-09,0.0,10.52
2013-04-10,0.0,13.85
2013-04-11,0.0,14.57
2013-04-12,0.0,17.93
2013-04-13,0.0,14.99
2013-04-14,0.03,12.48
2013-04-15,0.08,8.48
2013-04-16,0.0,8.96
2013-04-17,0.0,9.29
2013-04-18,0.0,11.43
2013-04-19,0.0,15.74
2013-04-20,0.0,19.16
2013-04-21,0.0,20.7
2013-04-22,0.0,17.88
2013-04-23,0.0,17.6
2013-04-24,0.04,16.72
2013-04-25,0.03,14.88
2013-04-26,0.0,18.23
2013-04-27,0.0,22.13
2013-04-28,0.0,22.6
2013-04-29,0.0,21.73
2013-04-30,0.0,15.85
2013-05-01,0.0,18.99
2013-05-02,0.0,18.49
2013-05-03,0.0,21.24
2013-05-04,0.0,17.82
2013-05-05,0.18,11.85
2013-05-06,1.56,12.24
2013-05-07,0.4,11.58
2013-05-08,0.21,13.86
2013-05-09,1.3,15.54
2013-05-10,0.0,20.02
2013-05-11,0.0,24.32
2013-05-12,0.0,26.73
2013-05-13,0.0,27.8
2013-05-14,0.0,22.15
2013-05-15,0.0,18.58
2013-05-16,0.0,16.82
2013-05-17,0.0,15.41
2013-05-18,0.0,17.11
2013-05-19,0.0,20.08
2013-05-20,0.0,22.53
2013-05-21,0.0,22.35
2013-05-22,0.0,16.37
2013-05-23,0.0,14.31
2013-05-24,0.0,15.41
2013-05-25,0.0,15.23
2013-05-26,0.0,15.43
2013-05-27,0.0,18.19
2013-05-28,0.0,17.55
2013-05-29,0.0,20.83
2013-05-30,0.0,21.81
2013-05-31,0.0,24.89
2013-06-01,0.0,27.42
2013-06-02,0.0,23.5
2013-06-03,0.0,20.68
2013-06-04,0.0,19.7
2013-06-05,0.0,22.54
2013-06-06,0.0,23.5
2013-06-07,0.0,26.72
2013-06-08,0.0,26.96
2013-06-09,0.0,23.51
2013-06-10,0.0,18.53
2013-06-11,0.0,24.01
2013-06-12,0.0,22.5
2013-06-13,0.0,22.25
2013-06-14,0.0,21.6
2013-06-15,0.0,20.04
2013-06-16,0.0,21.42
2013-06-17,0.0,23.14
2013-06-18,0.0,21.61
2013-06-19,0.0,20.8
2013-06-20,0.0,21.31
2013-06-21,0.0,21.26
2013-06-22,0.0,21.6
2013-06-23,0.0,19.2
2013-06-24,0.0,18.13
2013-06-25,0.01,22.77
2013-06-26,0.0,27.3
2013-06-27,0.0,29.33
2013-06-28,0.0,29.95
2013-06-29,0.0,31.99
2013-06-30,0.0,32.47
2013-07-01,0.0,27.58
2013-07-02,0.0,28.09
2013-07-03,0.0,28.18
2013-07-04,0.0,27.87
2013-07-05,0.0,25.83
2013-07-06,0.0,26.64
2013-07-07,0.0,28.0
2013-07-08,0.0,29.65
2013-07-09,0.0,30.32
2013-07-10,0.0,29.19
2013-07-11,0.2,24.53
2013-07-12,0.4,25.32
2013-07-13,0.0,27.86
2013-07-14,0.0,28.45
2013-07-15,0.0,27.35
2013-07-16,0.0,24.19
2013-07-17,0.0,25.7
2013-07-18,0.0,27.58
2013-07-19,0.02,28.79
2013-07-20,5.77,24.46
2013-07-21,1.38,23.1
2013-07-22,1.28,23.41
2013-07-23,0.0,24.62
2013-07-24,0.0,26.08
2013-07-25,0.08,27.44
2013-07-26,0.82,26.09
2013-07-27,0.14,26.86
2013-07-28,0.0,24.01
2013-07-29,0.02,23.05
2013-07-30,0.0,24.41
2013-07-31,0.0,23.87
2013-08-01,0.0,22.64
2013-08-02,0.0,22.01
2013-08-03,0.0,24.07
2013-08-04,0.0,24.91
2013-08-05,0.0,25.22
2013-08-06,0.0,23.57
2013-08-07,0.0,22.24
2013-08-08,0.0,21.64
2013-08-09,0.0,21.06
2013-08-10,0.0,21.64
2013-08-11,0.0,23.24
2013-08-12,0.0,24.66
2013-08-13,0.0,26.38
2013-08-14,0.0,28.84
2013-08-15,0.0,28.67
2013-08-16,0.0,28.38
2013-08-17,0.0,28.99
2013-08-18,0.23,29.74
2013-08-19,0.11,27.95
2013-08-20,0.0,28.51
2013-08-21,0.0,28.7
2013-08-22,0.1,28.3
2013-08-23,0.15,27.56
2013-08-24,5.41,27.15
2013-08-25,6.47,24.91
2013-08-26,4.87,23.5
2013-08-27,0.0,25.71
2013-08-28,0.06,27.65
2013-08-29,0.8,26.26
2013-08-30,1.08,25.55
2013-08-31,0.9,25.48
2013-09-01,0.01,25.66
2013-09-02,0.05,26.71
2013-09-03,1.06,27.7
2013-09-04,0.48,27.61
2013-09-05,1.29,28.05
2013-09-06,0.14,28.78
2013-09-07,2.42,26.37
2013-09-08,0.9,26.11
2013-09-09,0.72,24.3
2013-09-10,0.04,21.92
2013-09-11,0.0,21.81
2013-09-12,0.0,23.72
2013-09-13,0.0,25.43
2013-09-14,0.0,27.8
2013-09-15,0.0,27.88
2013-09-16,0.0,27.27
2013-09-17,0.0,22.72
2013-09-18,0.0,20.95
2013-09-19,0.0,23.8
2013-09-20,0.0,21.15
2013-09-21,0.0,17.13
2013-09-22,0.0,16.84
2013-09-23,0.0,22.12
2013-09-24,0.0,21.88
2013-09-25,0.0,15.92
2013-09-26,0.0,13.19
2013-09-27,0.01,15.1
2013-09-28,0.0,19.07
2013-09-29,0.0,20.34
2013-09-30,0.0,20.46
2013-10-01,0.0,19.57
2013-10-02,0.0,16.55
2013-10-03,0.0,14.65
2013-10-04,0.0,14.97
2013-10-05,0.0,16.11
2013-10-06,0.0,19.71
2013-10-07,0.0,18.81
2013-10-08,0.0,14.16
2013-10-09,4.35,8.86
2013-10-10,0.15,10.14
2013-10-11,0.0,14.63
2013-10-12,0.0,15.82
2013-10-13,0.0,12.04
2013-10-14,0.0,14.71
2013-10-15,0.0,15.63
2013-10-16,0.0,15.94
2013-10-17,0.0,17.63
2013-10-18,0.0,18.47
2013-10-19,0.0,19.7
2013-10-20,0.0,18.89
2013-10-21,0.0,19.45
2013-10-22,0.0,20.09
2013-10-23,0.0,18.88
2013-10-24,0.0,16.55
2013-10-25,0.0,19.85
2013-10-26,0.0,21.5
2013-10-27,0.02,17.83
2013-10-28,1.4,9.23
2013-10-29,0.1,8.39
2013-10-30,0.04,10.74
2013-10-31,0.0,13.33
2013-11-01,0.0,15.35
2013-11-02,0.0,14.3
2013-11-03,0.0,11.8
2013-11-04,0.0,10.73
2013-11-05,0.0,9.08
2013-11-06,0.0,12.45
2013-11-07,0.0,15.97
2013-11-08,0.0,17.93
2013-11-09,0.0,16.98
2013-11-10,0.0,16.61
2013-11-11,0.0,17.37
2013-11-12,0.0,17.13
2013-11-13,0.0,18.99
2013-11-14,0.0,17.63
2013-11-15,0.04,11.99
2013-11-16,0.2,10.11
2013-11-17,0.02,11.46
2013-11-18,0.0,11.17
2013-11-19,0.0,10.68
2013-11-20,0.24,11.09
2013-11-21,5.65,10.55
2013-11-22,7.84,5.96
2013-11-23,0.83,6.29
2013-11-24,0.0,7.02
2013-11-25,0.0,9.48
2013-11-26,0.0,10.21
2013-11-27,0.0,9.91
2013-11-28,0.0,9.2
2013-11-29,0.64,10.74
2013-11-30,0.0,10.91
2013-12-01,0.0,11.28
2013-12-02,0.0,11.81
2013-12-03,0.33,9.07
2013-12-04,0.03,5.33
2013-12-05,0.01,3.16
2013-12-06,0.0,3.63
2013-12-07,1.33,2.5
2013-12-08,0.0,0.82
2013-12-09,0.0,-0.15
2013-12-10,0.0,4.02
2013-12-11,0.0,5.98
2013-12-12,0.0,7.1
2013-12-13,0.41,6.95
2013-12-14,0.0,6.47
2013-12-15,0.0,9.6
2013-12-16,0.0,13.18
2013-12-17,0.0,15.25
2013-12-18,0.0,12.75
2013-12-19,2.27,5.61
2013-12-20,0.0,4.88
2013-12-21,0.0,6.29
2013-12-22,0.0,7.92
2013-12-23,0.0,9.34
2013-12-24,0.0,10.7
2013-12-25,0.0,8.66
2013-12-26,0.0,9.2
2013-12-27,0.0,12.47
2013-12-28,0.0,12.37
2013-12-29,0.0,7.02
2013-12-30,0.0,11.13
2013-12-31,0.0,12.76
2014-01-01,0.0,11.28
2014-01-02,0.0,12.95
2014-01-03,0.0,13.74
2014-01-04,0.0,11.69
2014-01-05,0.0,7.87
2014-01-06,0.0,9.16
2014-01-07,0.0,11.98
2014-01-08,0.0,10.86
2014-01-09,0.0,10.33
2014-01-10,0.0,12.51
2014-01-11,0.0,13.74
2014-01-12,0.0,9.63
2014-01-13,0.0,9.23
2014-01-14,0.0,10.85
2014-01-15,0.0,12.25
2014-01-16,0.0,11.7
2014-01-17,0.0,13.51
2014-01-18,0.0,13.86
2014-01-19,0.0,13.88
2014-01-20,0.0,14.55
2014-01-21,0.0,13.56
2014-01-22,0.0,14.99
2014-01-23,0.0,11.37
2014-01-24,0.0,10.62
2014-01-25,0.0,13.43
2014-01-26,0.0,12.02
2014-01-27,0.0,12.46
2014-01-28,0.0,15.05
2014-01-29,0.0,15.6
2014-01-30,0.32,10.08
2014-01-31,0.81,7.46
2014-02-01,0.0,4.11
2014-02-02,0.05,5.98
2014-02-03,0.04,5.67
2014-02-04,0.0,6.37
2014-02-05,0.0,6.58
2014-02-06,1.11,6.18
2014-02-07,0.21,7.7
2014-02-08,0.01,9.61
2014-02-09,0.0,10.61
2014-02-10,0.0,11.52
2014-02-11,0.0,13.76
2014-02-12,0.0,16.98
2014-02-13,0.0,18.13
2014-02-14,0.0,18.99
2014-02-15,0.0,18.37
2014-02-16,0.0,15.47
2014-02-17,0.0,14.49
2014-02-18,0.0,14.61
2014-02-19,0.0,13.57
2014-02-20,0.0,13.5
2014-02-21,0.0,15.62
2014-02-22,0.0,15.04
2014-02-23,0.0,14.94
2014-02-24,0.0,15.08
2014-02-25,0.0,13.5
2014-02-26,0.03,10.5
2014-02-27,1.49,10.71
2014-02-28,26.05,10.55
2014-03-01,4.75,7.68
2014-03-02,0.82,8.2
2014-03-03,0.11,10.88
2014-03-04,0.0,12.47
2014-03-05,0.0,15.65
2014-03-06,0.0,15.17
2014-03-07,0.0,12.36
2014-03-08,0.0,12.35
2014-03-09,0.0,14.88
2014-03-10,0.0,16.03
2014-03-11,0.0,12.66
2014-03-12,0.0,11.66
2014-03-13,0.05,12.5
2014-03-14,0.01,13.39
2014-03-15,0.0,15.76
2014-03-16,0.0,18.0
2014-03-17,0.0,14.7
2014-03-18,0.0,11.99
2014-03-19,0.0,13.32
2014-03-20,0.0,14.57
2014-03-21,0.0,12.64
2014-03-22,0.0,12.88
2014-03-23,0.0,15.7
2014-03-24,0.0,17.36
2014-03-25,0.01,14.12
2014-03-26,0.82,9.48
2014-03-27,0.06,9.64
2014-03-28,0.0,13.58
2014-03-29,0.0,16.17
2014-03-30,0.03,11.85
2014-03-31,0.04,9.64
2014-04-01,1.2,8.1
2014-04-02,1.27,6.17
2014-04-03,0.0,9.75
2014-04-04,0.0,9.27
2014-04-05,0.0,10.17
2014-04-06,0.0,14.96
2014-04-07,0.0,19.74
2014-04-08,0.0,21.77
2014-04-09,0.0,20.64
2014-04-10,0.0,20.04
2014-04-11,0.0,18.29
2014-04-12,0.0,11.95
2014-04-13,0.0,15.39
2014-04-14,0.0,18.0
2014-04-15,0.0,19.74
2014-04-16,0.0,18.19
2014-04-17,0.0,18.28
2014-04-18,0.07,15.47
2014-04-19,0.0,17.79
2014-04-20,0.0,19.61
2014-04-21,0.0,20.63
2014-04-22,0.0,14.26
2014-04-23,0.0,14.94
2014-04-24,0.0,17.97
2014-04-25,2.53,12.19
2014-04-26,1.86,9.51
2014-04-27,0.0,12.88
2014-04-28,0.0,16.56
2014-04-29,0.0,17.6
2014-04-30,0.0,17.14
2014-05-01,0.0,20.11
2014-05-02,0.0,23.87
2014-05-03,0.0,22.97
2014-05-04,0.0,19.75
2014-05-05,0.0,14.28
2014-05-06,0.13,10.38
2014-05-07,0.0,11.09
2014-05-08,0.0,14.37
2014-05-09,0.0,15.9
2014-05-10,0.0,15.09
2014-05-11,0.0,14.5
2014-05-12,0.0,18.38
2014-05-13,0.0,18.82
2014-05-14,0.0,21.5
2014-05-15,0.0,24.98
2014-05-16,0.0,25.26
2014-05-17,0.0,22.69
2014-05-18,0.0,18.62
2014-05-19,0.0,15.61
2014-05-20,0.0,11.99
2014-05-21,0.0,14.27
2014-05-22,1.12,14.67
2014-05-23,0.02,17.42
2014-05-24,0.0,18.72
2014-05-25,0.0,22.79
2014-05-26,0.0,24.66
2014-05-27,0.0,25.48
2014-05-28,0.0,22.64
2014-05-29,0.0,21.54
2014-05-30,0.0,23.62
2014-05-31,0.0,22.3
2014-06-01,0.0,22.69
2014-06-02,0.0,21.65
2014-06-03,0.0,22.35
2014-06-04,0.0,21.7
2014-06-05,0.0,23.41
2014-06-06,0.0,21.72
2014-06-07,0.0,22.54
2014-06-08,0.0,27.53
2014-06-09,0.0,29.1
2014-06-10,0.0,23.53
2014-06-11,0.0,20.48
2014-06-12,0.0,21.91
2014-06-13,0.0,20.54
2014-06-14,0.0,20.93
2014-06-15,0.0,18.78
2014-06-16,0.0,17.52
2014-06-17,0.0,16.67
2014-06-18,0.04,19.76
2014-06-19,0.0,24.06
2014-06-20,0.0,25.89
2014-06-21,0.0,24.76
2014-06-22,0.0,22.2
2014-06-23,0.0,21.9
2014-06-24,0.0,24.24
2014-06-25,0.0,23.51
2014-06-26,0.0,21.31
2014-06-27,0.0,22.99
2014-06-28,0.0,24.9
2014-06-29,0.0,27.47
2014-06-30,0.0,27.97
2014-07-01,0.0,27.52
2014-07-02,0.0,27.17
2014-07-03,0.0,28.04
2014-07-04,0.3,27.27
2014-07-05,2.15,27.07
2014-07-06,0.0,27.6
2014-07-07,0.0,28.02
2014-07-08,0.01,27.75
2014-07-09,0.21,26.64
2014-07-10,0.04,24.72
2014-07-11,0.0,23.77
2014-07-12,0.0,26.34
2014-07-13,0.0,29.23
2014-07-14,0.51,26.83
2014-07-15,0.0,25.6
2014-07-16,0.0,22.57
2014-07-17,0.0,20.42
2014-07-18,0.0,22.18
2014-07-19,0.0,24.5
2014-07-20,0.0,22.86
2014-07-21,0.0,23.65
2014-07-22,0.0,25.94
2014-07-23,0.0,28.17
2014-07-24,0.0,31.06
2014-07-25,0.29,26.98
2014-07-26,0.23,28.69
2014-07-27,0.46,27.14
2014-07-28,0.15,26.51
2014-07-29,0.0,28.11
2014-07-30,0.0,28.73
2014-07-31,0.0,30.24
2014-08-01,0.07,29.88
2014-08-02,3.12,26.2
2014-08-03,6.37,23.47
2014-08-04,0.08,22.83
2014-08-05,0.0,22.65
2014-08-06,0.0,22.09
2014-08-07,0.0,22.84
2014-08-08,0.0,25.5
2014-08-09,0.0,26.24
2014-08-10,0.0,26.51
2014-08-11,0.04,26.93
2014-08-12,1.93,26.55
2014-08-13,0.0,24.81
2014-08-14,0.0,24.95
2014-08-15,0.0,26.08
2014-08-16,0.0,26.95
2014-08-17,0.0,28.17
2014-08-18,0.98,27.14
2014-08-19,0.07,22.05
2014-08-20,0.68,21.97
2014-08-21,0.54,22.78
2014-08-22,0.0,23.04
2014-08-23,0.0,21.92
2014-08-24,0.0,22.44
2014-08-25,0.0,21.63
2014-08-26,0.0,23.53
2014-08-27,0.0,25.46
2014-08-28,0.0,27.47
2014-08-29,0.0,27.87
2014-08-30,0.0,28.05
2014-08-31,0.0,25.53
2014-09-01,0.0,26.14
2014-09-02,0.0,25.94
2014-09-03,0.0,24.36
2014-09-04,0.0,23.46
2014-09-05,0.0,26.51
2014-09-06,0.25,28.03
2014-09-07,2.05,27.18
2014-09-08,4.5,24.69
2014-09-09,0.02,23.59
2014-09-10,0.0,25.46
2014-09-11,0.0,26.9
2014-09-12,0.0,28.2
2014-09-13,0.0,29.64
2014-09-14,0.0,30.47
2014-09-15,0.0,31.12
2014-09-16,0.32,28.63
2014-09-17,0.1,26.85
2014-09-18,0.0,22.14
2014-09-19,0.0,21.43
2014-09-20,0.0,22.14
2014-09-21,0.0,21.08
2014-09-22,0.0,24.29
2014-09-23,0.0,25.66
2014-09-24,0.0,26.72
2014-09-25,0.0,25.6
2014-09-26,0.02,21.54
2014-09-27,0.0,15.23
2014-09-28,0.0,15.63
2014-09-29,0.0,19.18
2014-09-30,0.0,21.09
2014-10-01,0.0,20.88
2014-10-02,0.0,21.56
2014-10-03,0.0,22.94
2014-10-04,0.0,25.2
2014-10-05,0.0,26.01
2014-10-06,0.0,25.87
2014-10-07,0.0,24.21
2014-10-08,0.0,22.28
2014-10-09,0.0,19.65
2014-10-10,0.0,20.53
2014-10-11,0.0,22.47
2014-10-12,0.0,21.74
2014-10-13,0.0,21.47
2014-10-14,0.0,20.8
2014-10-15,0.0,15.98
2014-10-16,0.0,16.51
2014-10-17,0.0,16.74
2014-10-18,0.0,17.87
2014-10-19,0.0,20.15
2014-10-20,0.0,19.25
2014-10-21,0.0,18.5
2014-10-22,0.0,21.29
2014-10-23,0.0,23.38
2014-10-24,0.0,22.79
2014-10-25,0.0,18.95
2014-10-26,0.0,14.03
2014-10-27,0.0,15.85
2014-10-28,0.0,18.6
2014-10-29,0.0,20.26
2014-10-30,0.0,19.32
2014-10-31,0.52,14.96
2014-11-01,2.42,10.15
2014-11-02,0.01,9.79
2014-11-03,0.01,9.29
2014-11-04,0.0,11.06
2014-11-05,0.0,15.34
2014-11-06,0.0,18.16
2014-11-07,0.0,19.07
2014-11-08,0.0,20.15
2014-11-09,0.0,19.03
2014-11-10,0.0,13.12
2014-11-11,0.0,11.97
2014-11-12,0.0,13.32
2014-11-13,0.01,13.2
2014-11-14,0.01,13.54
2014-11-15,0.0,11.74
2014-11-16,0.0,9.13
2014-11-17,0.0,10.09
2014-11-18,0.0,11.72
2014-11-19,0.0,12.38
2014-11-20,0.12,11.44
2014-11-21,1.79,11.35
2014-11-22,0.0,11.71
2014-11-23,0.0,10.2
2014-11-24,0.0,10.22
2014-11-25,0.0,13.18
2014-11-26,0.0,16.38
2014-11-27,0.0,18.1
2014-11-28,0.0,17.24
2014-11-29,0.0,13.64
2014-11-30,0.34,10.44
2014-12-01,0.0,11.74
2014-12-02,10.21,11.17
2014-12-03,8.51,13.45
2014-12-04,2.15,12.18
2014-12-05,0.01,11.05
2014-12-06,0.0,12.76
2014-12-07,0.0,13.27
2014-12-08,0.0,14.48
2014-12-09,0.0,14.05
2014-12-10,0.0,14.15
2014-12-11,0.04,12.43
2014-12-12,9.83,8.17
2014-12-13,0.18,7.04
2014-12-14,0.0,7.33
2014-12-15,0.0,7.03
2014-12-16,1.17,7.52
2014-12-17,3.22,7.18
2014-12-18,0.11,7.84
2014-12-19,0.0,8.68
2014-12-20,0.0,8.82
2014-12-21,0.0,11.31
2014-12-22,0.0,13.35
2014-12-23,0.0,11.76
2014-12-24,0.0,9.95
2014-12-25,0.02,5.02
2014-12-26,0.0,2.17
2014-12-27,0.0,2.59
2014-12-28,0.0,5.44
2014-12-29,0.0,4.24
2014-12-30,2.56,3.31
2014-12-31,0.43,-0.21
2015-01-01,0.0,1.22
2015-01-02,0.0,4.47
2015-01-03,0.0,6.28
2015-01-04,0.0,8.16
2015-01-05,0.0,10.31
2015-01-06,0.0,13.02
2015-01-07,0.0,14.6
2015-01-08,0.0,14.85
2015-01-09,0.0,13.4
2015-01-10,0.39,12.69
2015-01-11,7.44,9.5
2015-01-12,0.04,9.89
2015-01-13,0.0,8.12
2015-01-14,0.0,8.12
2015-01-15,0.0,9.62
2015-01-16,0.0,11.68
2015-01-17,0.0,12.99
2015-01-18,0.0,14.6
2015-01-19,0.0,15.25
2015-01-20,0.0,13.38
2015-01-21,0.0,9.2
2015-01-22,0.0,8.48
2015-01-23,0.0,8.94
2015-01-24,0.0,9.38
2015-01-25,0.0,12.11
2015-01-26,4.98,11.09
2015-01-27,0.1,11.38
2015-01-28,0.0,12.11
2015-01-29,0.12,12.21
2015-01-30,3.58,10.21
2015-01-31,0.49,9.25
2015-02-01,0.0,12.14
2015-02-02,0.0,15.39
2015-02-03,0.0,16.08
2015-02-04,0.0,16.99
2015-02-05,0.0,17.01
2015-02-06,0.0,14.97
2015-02-07,0.04,12.76
2015-02-08,0.0,15.16
2015-02-09,0.0,13.75
2015-02-10,0.0,13.2
2015-02-11,0.0,12.62
2015-02-12,0.0,13.87
2015-02-13,0.0,15.83
2015-02-14,0.0,16.92
2015-02-15,0.0,17.1
2015-02-16,0.0,16.26
2015-02-17,0.0,15.32
2015-02-18,0.0,17.28
2015-02-19,0.0,15.64
2015-02-20,0.0,14.03
2015-02-21,0.0,11.53
2015-02-22,8.93,9.24
2015-02-23,5.77,7.56
2015-02-24,0.0,8.03
2015-02-25,0.06,12.09
2015-02-26,0.01,11.48
2015-02-27,0.08,9.32
2015-02-28,0.42,7.69
2015-03-01,8.86,6.86
2015-03-02,3.98,5.67
2015-03-03,0.13,7.62
2015-03-04,0.0,8.0
2015-03-05,0.0,9.69
2015-03-06,0.0,11.22
2015-03-07,0.0,15.18
2015-03-08,0.0,15.87
2015-03-09,0.0,15.9
2015-03-10,0.0,17.47
2015-03-11,0.01,16.79
2015-03-12,0.0,15.44
2015-03-13,0.0,16.31
2015-03-14,0.0,18.73
2015-03-15,0.0,19.89
2015-03-16,0.0,19.03
2015-03-17,0.0,16.96
2015-03-18,0.12,14.1
2015-03-19,0.14,15.58
2015-03-20,0.0,17.09
2015-03-21,0.0,15.71
2015-03-22,0.0,12.57
2015-03-23,0.0,12.69
2015-03-24,0.0,14.45
2015-03-25,0.0,15.96
2015-03-26,0.0,19.3
2015-03-27,0.0,21.56
2015-03-28,0.0,20.24
2015-03-29,0.0,20.17
2015-03-30,0.0,20.41
2015-03-31,0.0,17.37
2015-04-01,0.0,14.56
2015-04-02,0.0,13.7
2015-04-03,0.0,15.75
2015-04-04,0.0,16.86
2015-04-05,0.0,11.42
2015-04-06,0.0,9.21
2015-04-07,1.11,8.06
2015-04-08,0.04,10.79
2015-04-09,0.0,13.52
2015-04-10,0.0,13.15
2015-04-11,0.0,15.2
2015-04-12,0.0,17.39
2015-04-13,0.0,17.66
2015-04-14,0.0,15.44
2015-04-15,0.0,13.47
2015-04-16,0.0,14.23
2015-04-17,0.0,16.87
2015-04-18,0.0,17.87
2015-04-19,0.0,18.09
2015-04-20,0.0,16.37
2015-04-21,0.01,13.14
2015-04-22,0.2,13.18
2015-04-23,0.76,12.74
2015-04-24,0.67,11.43
2015-04-25,3.41,9.55
2015-04-26,0.01,13.42
2015-04-27,0.01,17.01
2015-04-28,0.0,21.1
2015-04-29,0.0,23.11
2015-04-30,0.0,23.42
2015-05-01,0.0,22.03
2015-05-02,0.0,21.12
2015-05-03,0.0,18.39
2015-05-04,0.0,14.9
2015-05-05,0.0,13.48
2015-05-06,0.01,12.78
2015-05-07,0.86,10.04
2015-05-08,4.08,8.05
2015-05-09,0.09,13.22
2015-05-10,0.0,18.39
2015-05-11,0.0,19.74
2015-05-12,0.0,15.2
2015-05-13,0.06,12.2
2015-05-14,5.71,9.51
2015-05-15,3.38,8.74
2015-05-16,0.15,12.18
2015-05-17,0.0,14.75
2015-05-18,0.0,13.21
2015-05-19,0.0,14.19
2015-05-20,0.0,14.13
2015-05-21,0.13,12.33
2015-05-22,0.63,10.6
2015-05-23,0.17,13.0
2015-05-24,0.16,16.41
2015-05-25,0.1,17.76
2015-05-26,0.0,17.96
2015-05-27,0.0,19.32
2015-05-28,0.0,22.11
2015-05-29,0.0,24.61
2015-05-30,0.0,26.2
2015-05-31,0.0,24.05
2015-06-01,0.0,19.54
2015-06-02,0.0,18.15
2015-06-03,0.0,16.35
2015-06-04,0.0,15.68
2015-06-05,0.0,15.32
2015-06-06,0.0,19.01
2015-06-07,0.0,24.23
2015-06-08,0.0,27.66
2015-06-09,0.11,24.53
2015-06-10,0.02,21.12
2015-06-11,0.01,22.78
2015-06-12,1.23,24.52
2015-06-13,0.64,23.56
2015-06-14,0.08,25.12
2015-06-15,0.0,26.19
2015-06-16,0.0,27.14
2015-06-17,0.0,27.66
2015-06-18,0.0,26.0
2015-06-19,0.0,25.91
2015-06-20,0.0,26.61
2015-06-21,0.0,25.94
2015-06-22,0.0,25.64
2015-06-23,0.0,25.34
2015-06-24,0.0,25.92
2015-06-25,0.0,27.65
2015-06-26,0.0,28.49
2015-06-27,0.0,27.06
2015-06-28,0.14,26.38
2015-06-29,0.0,26.01
2015-06-30,0.33,28.57
2015-07-01,1.61,24.93
2015-07-02,0.0,25.64
2015-07-03,0.0,26.35
2015-07-04,0.0,26.15
2015-07-05,0.0,24.37
2015-07-06,0.81,24.18
2015-07-07,0.02,23.03
2015-07-08,0.0,19.49
2015-07-09,0.01,17.19
2015-07-10,0.0,18.16
2015-07-11,0.0,21.17
2015-07-12,0.0,22.95
2015-07-13,0.0,23.78
2015-07-14,0.0,23.38
2015-07-15,0.0,22.54
2015-07-16,0.0,24.88
2015-07-17,0.0,26.8
2015-07-18,11.42,22.69
2015-07-19,11.07,23.32
2015-07-20,2.12,22.93
2015-07-21,0.01,23.91
2015-07-22,0.01,21.77
2015-07-23,0.0,21.99
2015-07-24,0.0,23.15
2015-07-25,0.0,23.62
2015-07-26,0.0,22.11
2015-07-27,0.0,22.04
2015-07-28,0.0,26.4
2015-07-29,1.26,27.98
2015-07-30,3.24,26.23
2015-07-31,0.0,26.12
2015-08-01,0.0,25.85
2015-08-02,0.0,25.69
2015-08-03,0.0,25.34
2015-08-04,0.0,26.66
2015-08-05,0.0,26.99
2015-08-06,0.62,26.58
2015-08-07,0.0,22.65
2015-08-08,0.0,21.3
2015-08-09,0.0,23.53
2015-08-10,0.0,22.33
2015-08-11,0.0,23.89
2015-08-12,0.0,27.91
2015-08-13,0.0,30.01
2015-08-14,0.0,30.68
2015-08-15,0.0,31.22
2015-08-16,0.0,31.16
2015-08-17,0.0,26.65
2015-08-18,0.0,24.58
2015-08-19,0.0,24.78
2015-08-20,0.0,24.98
2015-08-21,0.0,24.02
2015-08-22,0.0,25.12
2015-08-23,0.0,27.62
2015-08-24,0.0,28.8
2015-08-25,0.01,27.21
2015-08-26,0.0,28.21
2015-08-27,0.0,29.46
2015-08-28,0.03,29.82
2015-08-29,0.0,28.47
2015-08-30,0.0,25.72
2015-08-31,0.0,24.56
2015-09-01,0.0,22.6
2015-09-02,0.0,20.66
2015-09-03,0.0,19.9
2015-09-04,0.0,18.66
2015-09-05,0.0,20.7
2015-09-06,0.0,24.98
2015-09-07,0.0,26.14
2015-09-08,1.33,28.73
2015-09-09,1.12,28.05
2015-09-10,0.37,27.35
2015-09-11,0.0,27.41
2015-09-12,0.0,25.72
2015-09-13,0.01,25.1
2015-09-14,0.07,21.21
2015-09-15,14.61,19.71
2015-09-16,0.83,17.56
2015-09-17,0.0,18.7
2015-09-18,0.0,23.52
2015-09-19,0.0,26.08
2015-09-20,0.0,27.7
2015-09-21,0.0,24.73
2015-09-22,0.0,22.34
2015-09-23,0.0,25.29
2015-09-24,0.0,27.92
2015-09-25,0.0,28.29
2015-09-26,0.0,27.21
2015-09-27,0.0,25.94
2015-09-28,0.0,23.98
2015-09-29,0.0,23.74
2015-09-30,0.0,25.52
2015-10-01,0.0,21.29
2015-10-02,0.0,19.98
2015-10-03,0.01,19.43
2015-10-04,3.96,14.69
2015-10-05,2.28,13.61
2015-10-06,0.02,16.27
2015-10-07,0.0,19.98
2015-10-08,0.0,23.07
2015-10-09,0.0,24.32
2015-10-10,0.0,24.51
2015-10-11,0.0,25.71
2015-10-12,0.0,25.78
2015-10-13,0.0,24.02
2015-10-14,1.06,23.24
2015-10-15,4.85,22.62
2015-10-16,2.86,20.71
2015-10-17,0.31,20.05
2015-10-18,0.11,18.21
2015-10-19,0.05,15.79
2015-10-20,0.12,16.21
2015-10-21,0.02,17.14
2015-10-22,0.01,17.26
2015-10-23,0.0,18.11
2015-10-24,0.0,19.36
2015-10-25,0.0,19.12
2015-10-26,0.0,20.43
2015-10-27,0.0,20.73
2015-10-28,0.0,18.18
2015-10-29,0.0,14.73
2015-10-30,0.01,14.43
2015-10-31,0.0,19.27
2015-11-01,0.0,19.38
2015-11-02,2.91,14.32
2015-11-03,1.11,9.29
2015-11-04,0.31,8.08
2015-11-05,0.0,8.85
2015-11-06,0.0,9.42
2015-11-07,0.0,11.35
2015-11-08,0.0,12.19
2015-11-09,0.15,8.89
2015-11-10,0.33,7.77
2015-11-11,0.0,7.43
2015-11-12,0.0,9.3
2015-11-13,0.0,11.9
2015-11-14,0.0,13.2
2015-11-15,0.86,9.12
2015-11-16,0.19,5.46
2015-11-17,0.0,8.83
2015-11-18,0.0,13.91
2015-11-19,0.0,14.78
2015-11-20,0.0,15.5
2015-11-21,0.0,13.65
2015-11-22,0.0,14.36
2015-11-23,0.0,13.88
2015-11-24,0.03,10.82
2015-11-25,0.83,7.31
2015-11-26,0.41,6.03
2015-11-27,0.56,4.75
2015-11-28,0.0,3.93
2015-11-29,0.0,5.39
2015-11-30,0.0,6.63
2015-12-01,0.0,7.87
2015-12-02,0.0,10.59
2015-12-03,0.0,12.14
2015-12-04,0.0,8.95
2015-12-05,0.0,9.54
2015-12-06,0.0,12.9
2015-12-07,0.0,13.43
2015-12-08,0.0,16.64
2015-12-09,0.0,16.4
2015-12-10,0.79,11.7
2015-12-11,2.18,6.81
2015-12-12,0.0,5.1
2015-12-13,3.95,7.18
2015-12-14,0.01,2.46
2015-12-15,0.0,1.31
2015-12-16,0.0,3.04
2015-12-17,0.0,5.75
2015-12-18,0.0,8.17
2015-12-19,2.27,8.99
2015-12-20,0.32,4.67
2015-12-21,0.43,6.41
2015-12-22,7.67,9.2
2015-12-23,0.78,8.25
2015-12-24,0.32,5.63
2015-12-25,0.12,2.97
2015-12-26,0.0,1.77
2015-12-27,0.0,2.4
2015-12-28,0.3,1.86
2015-12-29,0.0,2.78
2015-12-30,0.0,4.8
2015-12-31,0.03,2.27
2016-01-01,0.01,3.35
2016-01-02,0.0,5.86
2016-01-03,0.0,7.28
2016-01-04,0.09,6.9
2016-01-05,22.62,6.5
2016-01-06,15.67,5.18
2016-01-07,10.94,4.06
2016-01-08,0.02,3.9
2016-01-09,0.06,5.37
2016-01-10,0.09,5.49
2016-01-11,0.0,4.93
2016-01-12,0.0,7.28
2016-01-13,0.0,7.77
2016-01-14,0.0,6.97
2016-01-15,0.01,6.06
2016-01-16,0.0,9.06
2016-01-17,0.0,11.26
2016-01-18,0.0,8.85
2016-01-19,1.18,9.91
2016-01-20,0.2,10.16
2016-01-21,0.0,9.14
2016-01-22,0.0,10.3
2016-01-23,0.03,9.06
2016-01-24,0.0,7.07
2016-01-25,0.0,7.48
2016-01-26,0.0,6.81
2016-01-27,0.0,9.75
2016-01-28,0.0,13.0
2016-01-29,0.0,12.9
2016-01-30,0.24,10.17
2016-01-31,13.68,7.05
2016-02-01,0.09,2.61
2016-02-02,0.0,3.21
2016-02-03,0.0,4.06
2016-02-04,0.39,5.94
2016-02-05,0.0,7.17
2016-02-06,0.0,9.11
2016-02-07,0.0,11.21
2016-02-08,0.0,12.45
2016-02-09,0.0,14.58
2016-02-10,0.0,16.31
2016-02-11,0.0,17.04
2016-02-12,0.0,17.8
2016-02-13,0.0,17.23
2016-02-14,0.01,14.83
2016-02-15,0.0,15.54
2016-02-16,0.0,17.6
2016-02-17,3.19,15.12
2016-02-18,1.93,10.46
2016-02-19,0.0,10.62
2016-02-20,0.0,14.65
2016-02-21,0.0,15.29
2016-02-22,0.0,13.8
2016-02-23,0.0,11.52
2016-02-24,0.0,12.25
2016-02-25,0.0,15.11
2016-02-26,0.0,16.91
2016-02-27,0.0,17.14
2016-02-28,0.0,19.02
2016-02-29,0.0,19.15
2016-03-01,0.0,18.31
2016-03-02,0.0,16.03
2016-03-03,0.0,15.7
2016-03-04,0.0,13.86
2016-03-05,0.18,12.23
2016-03-06,4.37,9.36
2016-03-07,5.28,4.82
2016-03-08,0.0,8.22
2016-03-09,0.0,13.93
2016-03-10,0.0,17.05
2016-03-11,3.98,10.75
2016-03-12,0.67,8.47
2016-03-13,0.12,8.96
2016-03-14,0.49,11.63
2016-03-15,0.0,16.23
2016-03-16,0.0,17.83
2016-03-17,0.0,18.06
2016-03-18,0.0,17.17
2016-03-19,0.0,17.95
2016-03-20,0.0,16.2
2016-03-21,0.0,12.54
2016-03-22,0.02,10.81
2016-03-23,0.0,11.29
2016-03-24,0.0,15.01
2016-03-25,0.0,15.56
2016-03-26,0.0,15.16
2016-03-27,0.0,15.58
2016-03-28,0.59,8.09
2016-03-29,0.55,6.46
2016-03-30,1.01,7.69
2016-03-31,0.0,10.53
2016-04-01,0.0,14.22
2016-04-02,0.0,17.7
2016-04-03,0.0,18.21
2016-04-04,0.0,18.06
2016-04-05,0.0,20.79
2016-04-06,0.0,20.23
2016-04-07,0.97,14.6
2016-04-08,4.83,12.75
2016-04-09,1.23,11.88
2016-04-10,2.65,11.42
2016-04-11,2.31,12.5
2016-04-12,0.01,14.41
2016-04-13,0.0,14.72
2016-04-14,0.0,13.52
2016-04-15,0.0,12.0
2016-04-16,0.0,14.69
2016-04-17,0.0,16.82
2016-04-18,0.0,19.25
2016-04-19,0.0,20.37
2016-04-20,0.0,19.3
2016-04-21,0.0,19.11
2016-04-22,0.0,15.13
2016-04-23,0.0,14.86
2016-04-24,0.03,14.74
2016-04-25,1.4,10.22
2016-04-26,0.0,11.55
2016-04-27,0.22,12.37
2016-04-28,0.71,11.04
2016-04-29,0.13,13.64
2016-04-30,0.81,11.73
2016-05-01,0.48,14.83
2016-05-02,0.05,18.42
2016-05-03,0.0,20.03
2016-05-04,0.0,18.45
2016-05-05,0.21,11.97
2016-05-06,4.04,9.97
2016-05-07,1.11,11.64
2016-05-08,0.05,12.7
2016-05-09,0.0,15.52
2016-05-10,0.0,16.92
2016-05-11,0.0,20.95
2016-05-12,0.0,23.73
2016-05-13,0.0,22.75
2016-05-14,0.0,18.0
2016-05-15,0.0,15.32
2016-05-16,0.0,17.44
2016-05-17,0.03,17.87
2016-05-18,0.0,20.61
2016-05-19,0.0,18.66
2016-05-20,0.0,12.21
2016-05-21,0.0,10.94
2016-05-22,0.0,13.51
2016-05-23,0.0,12.98
2016-05-24,0.0,12.7
2016-05-25,0.12,12.62
2016-05-26,0.02,16.34
2016-05-27,0.0,18.96
2016-05-28,0.0,19.7
2016-05-29,0.01,18.8
2016-05-30,0.01,21.26
2016-05-31,0.0,23.7
2016-06-01,0.0,24.36
2016-06-02,0.0,27.68
2016-06-03,0.0,28.49
2016-06-04,0.0,27.4
2016-06-05,0.0,24.27
2016-06-06,0.0,22.15
2016-06-07,0.0,24.38
2016-06-08,0.0,24.84
2016-06-09,0.0,25.11
2016-06-10,0.0,24.12
2016-06-11,0.01,20.54
2016-06-12,0.0,17.46
2016-06-13,0.0,18.87
2016-06-14,0.0,18.8
2016-06-15,0.0,16.24
2016-06-16,0.0,18.28
2016-06-17,0.0,22.14
2016-06-18,0.0,25.51
2016-06-19,0.0,30.85
2016-06-20,0.0,33.34
2016-06-21,0.0,29.85
2016-06-22,0.0,25.83
2016-06-23,0.0,25.62
2016-06-24,0.0,25.92
2016-06-25,0.0,28.16
2016-06-26,0.0,31.25
2016-06-27,0.02,30.13
2016-06-28,0.27,29.87
2016-06-29,0.0,30.27
2016-06-30,0.0,29.77
2016-07-01,0.2,27.92
2016-07-02,0.0,26.22
2016-07-03,0.0,24.84
2016-07-04,0.0,23.95
2016-07-05,0.0,22.44
2016-07-06,0.0,21.79
2016-07-07,0.0,23.17
2016-07-08,0.0,24.95
2016-07-09,0.0,25.21
2016-07-10,0.0,23.13
2016-07-11,0.0,22.9
2016-07-12,0.0,23.06
2016-07-13,0.0,26.39
2016-07-14,0.0,27.42
2016-07-15,0.0,26.33
2016-07-16,0.0,24.49
2016-07-17,0.0,25.27
2016-07-18,0.0,26.03
2016-07-19,0.0,28.08
2016-07-20,0.0,29.61
2016-07-21,0.0,30.6
2016-07-22,0.0,31.51
2016-07-23,0.0,31.65
2016-07-24,0.0,28.64
2016-07-25,0.0,28.42
2016-07-26,0.0,30.45
2016-07-27,0.0,30.43
2016-07-28,0.04,30.45
2016-07-29,0.0,32.03
2016-07-30,0.55,29.08
2016-07-31,0.0,26.44
2016-08-01,0.0,27.16
2016-08-02,0.16,27.52
2016-08-03,0.01,27.11
2016-08-04,1.1,26.7
2016-08-05,0.02,25.69
2016-08-06,0.0,25.88
2016-08-07,0.0,26.22
2016-08-08,0.0,25.5
2016-08-09,0.0,23.78
2016-08-10,0.0,23.92
2016-08-11,0.0,24.8
2016-08-12,0.0,27.4
2016-08-13,0.0,28.91
2016-08-14,0.0,30.39
2016-08-15,0.0,29.42
2016-08-16,0.0,28.65
2016-08-17,0.0,28.54
2016-08-18,0.0,27.76
2016-08-19,0.01,27.01
2016-08-20,0.08,26.51
2016-08-21,0.0,25.42
2016-08-22,0.02,24.44
2016-08-23,0.02,25.25
2016-08-24,0.0,25.54
2016-08-25,0.0,24.42
2016-08-26,0.0,22.33
2016-08-27,0.0,23.53
2016-08-28,0.0,27.26
2016-08-29,0.0,29.56
2016-08-30,0.0,29.82
2016-08-31,0.0,28.57
2016-09-01,0.0,26.88
2016-09-02,0.0,23.86
2016-09-03,0.0,18.57
2016-09-04,0.0,15.94
2016-09-05,0.0,17.54
2016-09-06,0.0,22.64
2016-09-07,0.0,24.46
2016-09-08,0.0,24.01
2016-09-09,0.0,24.94
2016-09-10,0.0,24.81
2016-09-11,0.0,22.75
2016-09-12,0.0,17.09
2016-09-13,0.02,14.27
2016-09-14,0.0,17.47
2016-09-15,0.0,20.56
2016-09-16,0.0,22.86
2016-09-17,0.0,25.21
2016-09-18,0.0,26.74
2016-09-19,0.0,26.03
2016-09-20,3.93,21.68
2016-09-21,5.34,21.05
2016-09-22,0.04,16.58
2016-09-23,0.0,16.56
2016-09-24,0.0,21.0
2016-09-25,0.0,21.29
2016-09-26,0.0,23.51
2016-09-27,0.0,22.73
2016-09-28,0.12,22.51
2016-09-29,0.0,23.51
2016-09-30,0.0,23.54
2016-10-01,0.0,21.39
2016-10-02,0.0,16.5
2016-10-03,0.0,14.68
2016-10-04,0.0,15.38
2016-10-05,0.0,14.96
2016-10-06,0.0,17.12
2016-10-07,0.0,20.15
2016-10-08,0.0,22.59
2016-10-09,0.0,23.22
2016-10-10,0.0,22.4
2016-10-11,0.0,17.57
2016-10-12,0.0,15.84
2016-10-13,0.0,19.69
2016-10-14,0.0,18.83
2016-10-15,0.0,17.23
2016-10-16,0.03,16.08
2016-10-17,0.49,15.26
2016-10-18,0.0,16.9
2016-10-19,0.0,18.03
2016-10-20,0.0,19.75
2016-10-21,0.0,21.66
2016-10-22,0.0,21.05
2016-10-23,2.68,20.38
2016-10-24,8.35,17.71
2016-10-25,0.19,18.19
2016-10-26,0.0,20.48
2016-10-27,0.0,20.16
2016-10-28,0.06,16.84
2016-10-29,0.0,19.3
2016-10-30,0.61,15.08
2016-10-31,0.06,12.28
2016-11-01,0.0,11.6
2016-11-02,0.0,12.71
2016-11-03,0.0,16.05
2016-11-04,0.0,18.55
2016-11-05,0.0,18.92
2016-11-06,0.0,16.94
2016-11-07,0.0,18.84
2016-11-08,0.0,19.23
2016-11-09,0.0,18.63
2016-11-10,0.0,18.68
2016-11-11,0.0,17.91
2016-11-12,0.0,17.46
2016-11-13,0.0,18.88
2016-11-14,0.0,19.8
2016-11-15,0.0,18.99
2016-11-16,0.0,12.91
2016-11-17,0.0,8.53
2016-11-18,0.29,10.46
2016-11-19,0.0,13.92
2016-11-20,1.51,13.57
2016-11-21,6.85,9.94
2016-11-22,0.04,11.06
2016-11-23,0.0,11.84
2016-11-24,0.0,9.84
2016-11-25,0.0,11.19
2016-11-26,4.21,7.57
2016-11-27,4.52,5.62
2016-11-28,0.71,5.35
2016-11-29,0.0,5.3
2016-11-30,0.0,7.12
2016-12-01,0.0,7.54
2016-12-02,0.0,4.38
2016-12-03,0.0,5.72
2016-12-04,0.0,11.22
2016-12-05,0.0,8.75
2016-12-06,0.0,7.31
2016-12-07,0.0,7.09
2016-12-08,0.0,9.15
2016-12-09,0.0,10.79
2016-12-10,0.03,11.41
2016-12-11,0.01,11.5
2016-12-12,0.0,10.57
2016-12-13,0.0,10.96
2016-12-14,0.0,13.92
2016-12-15,1.44,12.2
2016-12-16,20.84,8.56
2016-12-17,0.14,2.08
2016-12-18,0.0,2.43
2016-12-19,0.01,4.23
2016-12-20,0.0,8.4
2016-12-21,14.9,8.95
2016-12-22,17.65,7.44
2016-12-23,6.11,8.11
2016-12-24,11.72,3.07
2016-12-25,0.0,1.22
2016-12-26,0.0,2.99
2016-12-27,0.0,6.69
2016-12-28,0.0,10.22
2016-12-29,0.0,11.02
2016-12-30,1.98,10.0
2016-12-31,11.6,7.56
2017-01-01,1.22,4.96
2017-01-02,0.5,5.49
2017-01-03,0.0,6.55
2017-01-04,0.11,6.87
2017-01-05,3.09,8.95
2017-01-06,0.03,5.76
2017-01-07,0.59,8.08
2017-01-08,0.0,12.06
2017-01-09,8.0,8.91
2017-01-10,1.04,7.38
2017-01-11,3.77,8.1
2017-01-12,9.11,6.33
2017-01-13,12.59,5.34
2017-01-14,0.1,6.93
2017-01-15,0.01,7.44
2017-01-16,0.0,5.92
2017-01-17,0.0,6.82
2017-01-18,0.46,7.14
2017-01-19,9.84,6.57
2017-01-20,22.71,5.67
2017-01-21,0.92,5.06
2017-01-22,28.99,5.48
2017-01-23,8.59,3.95
2017-01-24,0.61,1.95
2017-01-25,0.0,3.12
2017-01-26,0.0,2.88
2017-01-27,0.0,1.98
2017-01-28,0.0,5.6
2017-01-29,0.0,7.38
2017-01-30,0.0,11.24
2017-01-31,0.0,12.94
2017-02-01,0.0,11.53
2017-02-02,0.0,9.23
2017-02-03,0.31,9.6
2017-02-04,0.09,9.62
2017-02-05,0.02,8.64
2017-02-06,3.13,8.11
2017-02-07,3.01,10.74
2017-02-08,0.2,14.31
2017-02-09,0.0,16.14
2017-02-10,0.27,12.88
2017-02-11,2.52,9.86
2017-02-12,0.44,8.33
2017-02-13,0.0,11.65
2017-02-14,0.0,12.58
2017-02-15,0.0,12.82
2017-02-16,0.0,12.18
2017-02-17,16.53,8.01
2017-02-18,4.14,7.14
2017-02-19,1.62,7.76
2017-02-20,0.16,9.2
2017-02-21,0.05,10.53
2017-02-22,0.05,7.59
2017-02-23,0.02,3.59
2017-02-24,0.0,4.62
2017-02-25,0.04,5.85
2017-02-26,2.41,5.33
2017-02-27,18.13,5.89
2017-02-28,0.68,7.1
2017-03-01,0.0,7.26
2017-03-02,0.0,8.67
2017-03-03,0.0,12.0
2017-03-04,0.0,11.05
2017-03-05,1.2,6.57
2017-03-06,0.0,5.74
2017-03-07,0.0,11.51
2017-03-08,0.0,15.89
2017-03-09,0.0,18.14
2017-03-10,0.0,18.17
2017-03-11,0.0,18.37
2017-03-12,0.0,19.45
2017-03-13,0.0,20.11
2017-03-14,0.0,20.33
2017-03-15,0.0,19.34
2017-03-16,0.0,18.42
2017-03-17,0.0,19.99
2017-03-18,0.0,18.45
2017-03-19,0.0,17.44
2017-03-20,0.0,12.35
2017-03-21,0.79,12.24
2017-03-22,1.18,11.31
2017-03-23,0.51,9.6
2017-03-24,0.02,11.73
2017-03-25,0.0,10.74
2017-03-26,0.0,11.82
2017-03-27,0.0,10.68
2017-03-28,0.0,11.36
2017-03-29,0.0,15.15
2017-03-30,0.08,12.56
2017-03-31,0.0,9.42
2017-04-01,0.0,14.39
2017-04-02,0.0,14.67
2017-04-03,0.0,11.9
2017-04-04,0.0,15.37
2017-04-05,0.0,17.63
2017-04-06,0.0,16.78
2017-04-07,0.0,13.22
2017-04-08,0.39,10.13
2017-04-09,0.0,10.48
2017-04-10,0.0,15.03
2017-04-11,0.0,14.41
2017-04-12,0.0,14.27
2017-04-13,0.04,11.24
2017-04-14,0.01,11.4
2017-04-15,0.0,16.11
2017-04-16,0.0,16.16
2017-04-17,0.0,15.05
2017-04-18,0.0,14.84
2017-04-19,0.0,15.85
2017-04-20,0.0,16.13
2017-04-21,0.0,18.81
2017-04-22,0.0,21.07
2017-04-23,0.0,17.27
2017-04-24,0.0,13.77
2017-04-25,0.0,14.31
2017-04-26,0.0,17.93
2017-04-27,0.0,17.73
2017-04-28,0.0,15.89
2017-04-29,0.0,15.37
2017-04-30,0.0,18.56
2017-05-01,0.0,20.45
2017-05-02,0.0,21.97
2017-05-03,0.0,23.84
2017-05-04,0.0,24.08
2017-05-05,0.01,20.1
2017-05-06,1.09,9.99
2017-05-07,3.87,7.55
2017-05-08,0.01,13.6
2017-05-09,0.13,15.17
2017-05-10,0.14,14.86
2017-05-11,0.03,17.43
2017-05-12,0.0,16.39
2017-05-13,0.0,14.33
2017-05-14,0.0,12.26
2017-05-15,0.19,9.67
2017-05-16,0.06,10.87
2017-05-17,0.01,11.78
2017-05-18,0.0,15.8
2017-05-19,0.0,18.42
2017-05-20,0.0,22.47
2017-05-21,0.0,24.18
2017-05-22,0.0,25.18
2017-05-23,0.0,26.11
2017-05-24,0.0,21.23
2017-05-25,0.0,13.0
2017-05-26,0.0,13.18
2017-05-27,0.0,17.9
2017-05-28,0.0,22.02
2017-05-29,0.0,22.13
2017-05-30,0.0,21.24
2017-05-31,0.0,18.99
2017-06-01,0.0,20.01
2017-06-02,0.0,23.85
2017-06-03,0.0,25.48
2017-06-04,0.0,24.7
2017-06-05,0.0,24.75
2017-06-06,0.0,23.83
2017-06-07,0.0,21.44
2017-06-08,0.0,19.44
2017-06-09,0.0,18.99
2017-06-10,0.01,15.26
2017-06-11,0.04,13.15
2017-06-12,0.0,15.02
2017-06-13,0.0,20.34
2017-06-14,0.0,24.61
2017-06-15,0.0,26.36
2017-06-16,0.0,27.71
2017-06-17,0.0,27.61
2017-06-18,0.0,29.08
2017-06-19,0.0,30.11
2017-06-20,0.0,30.68
2017-06-21,0.0,29.65
2017-06-22,0.0,27.86
2017-06-23,0.0,28.27
2017-06-24,0.0,29.72
2017-06-25,0.0,30.92
2017-06-26,0.0,28.85
2017-06-27,0.0,25.5
2017-06-28,0.0,23.41
2017-06-29,0.0,23.49
2017-06-30,0.0,26.26
2017-07-01,0.0,26.04
2017-07-02,0.0,24.38
2017-07-03,0.0,26.29
2017-07-04,0.0,28.14
2017-07-05,0.0,30.14
2017-07-06,0.01,31.16
2017-07-07,0.0,32.82
2017-07-08,0.05,32.27
2017-07-09,0.52,26.45
2017-07-10,0.0,28.08
2017-07-11,0.0,26.8
2017-07-12,0.0,26.1
2017-07-13,0.0,26.77
2017-07-14,0.0,29.16
2017-07-15,0.0,30.57
2017-07-16,0.0,29.92
2017-07-17,0.01,28.9
2017-07-18,0.07,26.68
2017-07-19,0.65,27.58
2017-07-20,0.0,26.63
2017-07-21,0.0,27.24
2017-07-22,0.0,29.29
2017-07-23,0.02,28.47
2017-07-24,1.06,24.76
2017-07-25,0.08,24.9
2017-07-26,0.01,27.68
2017-07-27,0.0,28.47
2017-07-28,0.0,28.48
2017-07-29,0.01,27.71
2017-07-30,0.0,27.94
2017-07-31,0.01,30.84
2017-08-01,1.69,30.47
2017-08-02,2.62,26.85
2017-08-03,1.37,24.96
2017-08-04,0.53,26.37
2017-08-05,0.0,25.52
2017-08-06,0.0,26.12
2017-08-07,0.0,27.0
2017-08-08,0.0,27.28
2017-08-09,0.0,26.48
2017-08-10,0.0,27.33
2017-08-11,0.14,29.1
2017-08-12,0.0,28.43
2017-08-13,0.0,26.17
2017-08-14,0.0,21.38
2017-08-15,0.0,18.19
2017-08-16,0.0,20.85
2017-08-17,0.0,24.48
2017-08-18,0.0,25.94
2017-08-19,0.01,24.36
2017-08-20,0.0,24.08
2017-08-21,0.0,25.62
2017-08-22,0.01,27.29
2017-08-23,0.0,25.28
2017-08-24,0.0,26.3
2017-08-25,0.0,29.2
2017-08-26,0.02,30.44
2017-08-27,0.0,31.42
2017-08-28,0.05,32.52
2017-08-29,0.01,33.36
2017-08-30,1.27,32.83
2017-08-31,0.97,30.45
2017-09-01,0.0,30.91
2017-09-02,0.06,30.24
2017-09-03,0.93,26.48
2017-09-04,0.04,25.39
2017-09-05,0.0,26.25
2017-09-06,0.33,26.59
2017-09-07,0.13,26.74
2017-09-08,1.17,25.75
2017-09-09,5.44,23.76
2017-09-10,0.5,25.34
2017-09-11,0.14,26.82
2017-09-12,0.0,25.15
2017-09-13,0.0,20.26
2017-09-14,0.0,16.8
2017-09-15,0.0,18.79
2017-09-16,0.0,20.02
2017-09-17,0.01,20.37
2017-09-18,0.0,20.16
2017-09-19,0.0,17.72
2017-09-20,0.0,17.1
2017-09-21,0.17,15.46
2017-09-22,0.0,13.53
2017-09-23,0.0,14.98
2017-09-24,0.0,16.57
2017-09-25,0.0,18.21
2017-09-26,0.0,19.73
2017-09-27,0.0,21.23
2017-09-28,0.0,22.42
2017-09-29,0.0,23.05
2017-09-30,0.0,20.87
2017-10-01,0.02,17.92
2017-10-02,0.18,16.68
2017-10-03,0.0,14.53
2017-10-04,0.0,17.68
2017-10-05,0.0,21.61
2017-10-06,0.0,21.29
2017-10-07,0.0,22.09
2017-10-08,0.0,18.27
2017-10-09,0.0,15.54
2017-10-10,0.0,17.86
2017-10-11,0.0,18.45
2017-10-12,0.0,18.27
2017-10-13,0.0,19.75
2017-10-14,0.0,19.38
2017-10-15,0.0,20.06
2017-10-16,0.0,22.38
2017-10-17,0.0,24.53
2017-10-18,0.0,22.89
2017-10-19,0.0,18.24
2017-10-20,0.11,14.39
2017-10-21,0.0,14.28
2017-10-22,0.0,19.68
2017-10-23,0.0,22.49
2017-10-24,0.0,22.54
2017-10-25,0.0,23.2
2017-10-26,0.0,23.16
2017-10-27,0.0,22.43
2017-10-28,0.0,22.55
2017-10-29,0.0,20.61
2017-10-30,0.03,14.62
2017-10-31,0.05,13.88
2017-11-01,0.01,13.92
2017-11-02,0.02,12.16
2017-11-03,0.0,11.94
2017-11-04,0.03,12.73
2017-11-05,0.19,11.95
2017-11-06,0.01,13.09
2017-11-07,0.0,14.12
2017-11-08,0.0,14.97
2017-11-09,0.0,13.1
2017-11-10,0.0,13.02
2017-11-11,0.0,15.16
2017-11-12,0.0,15.9
2017-11-13,0.0,15.87
2017-11-14,0.0,16.12
2017-11-15,0.0,17.94
2017-11-16,0.0,16.18
2017-11-17,0.35,14.18
2017-11-18,0.0,11.07
2017-11-19,0.0,13.17
2017-11-20,0.0,16.12
2017-11-21,0.0,18.61
2017-11-22,0.0,20.11
2017-11-23,0.0,21.47
2017-11-24,0.0,21.35
2017-11-25,0.0,21.36
2017-11-26,0.0,18.93
2017-11-27,0.07,9.5
2017-11-28,0.0,11.21
2017-11-29,0.0,13.02
2017-11-30,0.0,14.27
2017-12-01,0.0,16.35
2017-12-02,0.0,16.19
2017-12-03,0.0,11.46
2017-12-04,0.0,7.18
2017-12-05,0.0,6.32
2017-12-06,0.0,9.33
2017-12-07,0.0,9.38
2017-12-08,0.0,10.93
2017-12-09,0.0,11.25
2017-12-10,0.0,12.12
2017-12-11,0.0,12.65
2017-12-12,0.0,11.99
2017-12-13,0.0,13.77
2017-12-14,0.0,11.06
2017-12-15,0.0,12.54
2017-12-16,0.0,8.87
2017-12-17,0.0,6.66
2017-12-18,0.0,9.22
2017-12-19,0.0,10.75
2017-12-20,0.03,6.59
2017-12-21,0.0,2.17
2017-12-22,0.0,6.03
2017-12-23,0.0,9.93
2017-12-24,0.0,12.12
2017-12-25,0.0,12.82
2017-12-26,0.0,13.38
2017-12-27,0.0,14.92
2017-12-28,0.0,15.05
2017-12-29,0.0,17.19
2017-12-30,0.0,15.25
2017-12-31,0.0,13.24
2018-01-01,0.0,14.24
2018-01-02,0.0,14.57
2018-01-03,0.0,13.74
2018-01-04,0.0,14.82
2018-01-05,0.0,14.85
2018-01-06,0.0,13.35
2018-01-07,0.0,13.69
2018-01-08,4.74,13.68
2018-01-09,38.05,8.72
2018-01-10,0.68,8.68
2018-01-11,0.05,12.29
2018-01-12,0.0,12.87
2018-01-13,0.0,12.29
2018-01-14,0.0,13.3
2018-01-15,0.0,14.35
2018-01-16,0.0,13.99
2018-01-17,0.0,13.81
2018-01-18,0.0,14.71
2018-01-19,0.56,10.28
2018-01-20,0.57,4.77
2018-01-21,0.0,4.2
2018-01-22,0.0,7.38
2018-01-23,0.0,8.18
2018-01-24,0.0,9.69
2018-01-25,0.0,6.11
2018-01-26,0.0,6.24
2018-01-27,0.0,7.96
2018-01-28,0.0,11.84
2018-01-29,0.0,13.42
2018-01-30,0.0,15.18
2018-01-31,0.0,16.75
2018-02-01,0.0,16.82
2018-02-02,0.0,16.58
2018-02-03,0.0,16.5
2018-02-04,0.0,16.31
2018-02-05,0.0,16.5
2018-02-06,0.0,13.64
2018-02-07,0.0,13.19
2018-02-08,0.0,15.09
2018-02-09,0.0,15.97
2018-02-10,0.0,10.5
2018-02-11,0.0,9.49
2018-02-12,0.51,7.46
2018-02-13,0.05,7.63
2018-02-14,0.06,9.77
2018-02-15,0.01,10.15
2018-02-16,0.0,9.53
2018-02-17,0.0,11.37
2018-02-18,0.0,8.44
2018-02-19,0.02,3.27
2018-02-20,0.0,2.32
2018-02-21,0.0,3.3
2018-02-22,0.12,3.17
2018-02-23,0.32,3.05
2018-02-24,0.0,3.21
2018-02-25,0.0,6.17
2018-02-26,0.8,7.25
2018-02-27,3.17,2.7
2018-02-28,0.03,4.24
2018-03-01,0.01,6.79
2018-03-02,1.94,7.72
2018-03-03,1.99,7.27
2018-03-04,0.01,5.55
2018-03-05,0.0,7.57
2018-03-06,0.0,11.88
2018-03-07,0.0,13.45
2018-03-08,0.0,13.58
2018-03-09,0.0,13.74
2018-03-10,7.36,10.64
2018-03-11,1.11,13.74
2018-03-12,0.0,15.92
2018-03-13,0.65,14.88
2018-03-14,2.53,9.92
2018-03-15,6.36,8.09
2018-03-16,0.88,6.66
2018-03-17,1.96,6.83
2018-03-18,0.07,8.03
2018-03-19,0.0,11.35
2018-03-20,0.01,13.6
2018-03-21,1.25,14.62
2018-03-22,8.8,12.94
2018-03-23,1.14,12.33
2018-03-24,0.06,8.77
2018-03-25,0.0,8.09
2018-03-26,0.0,7.28
2018-03-27,0.0,9.75
2018-03-28,0.0,15.07
2018-03-29,0.0,18.38
2018-03-30,0.0,19.76
2018-03-31,0.0,18.04
2018-04-01,0.0,15.31
2018-04-02,0.0,12.9
2018-04-03,0.0,15.96
2018-04-04,0.0,16.64
2018-04-05,0.0,16.41
2018-04-06,0.0,16.19
2018-04-07,0.0,16.96
2018-04-08,0.0,16.92
2018-04-09,0.0,20.79
2018-04-10,0.0,21.43
2018-04-11,0.0,16.93
2018-04-12,0.0,10.5
2018-04-13,0.0,12.44
2018-04-14,0.0,16.51
2018-04-15,0.0,16.02
2018-04-16,0.0,9.88
2018-04-17,0.0,10.18
2018-04-18,0.0,13.05
2018-04-19,0.12,8.0
2018-04-20,0.0,13.17
2018-04-21,0.0,19.43
2018-04-22,0.0,20.92
2018-04-23,0.0,20.52
2018-04-24,0.0,20.72
2018-04-25,0.0,20.16
2018-04-26,0.0,16.81
2018-04-27,0.0,14.7
2018-04-28,0.0,13.18
2018-04-29,0.0,11.68
2018-04-30,0.18,11.29
2018-05-01,1.03,8.81
2018-05-02,3.97,9.81
2018-05-03,0.03,16.79
2018-05-04,0.0,21.5
2018-05-05,0.0,23.57
2018-05-06,0.0,23.62
2018-05-07,0.0,21.71
2018-05-08,0.0,22.84
2018-05-09,0.0,24.63
2018-05-10,0.0,19.62
2018-05-11,0.14,13.42
2018-05-12,0.13,13.65
2018-05-13,0.04,14.1
2018-05-14,0.0,15.78
2018-05-15,0.0,16.27
2018-05-16,0.0,15.25
2018-05-17,0.0,14.21
2018-05-18,0.0,16.71
2018-05-19,0.0,18.24
2018-05-20,0.05,17.09
2018-05-21,0.19,13.49
2018-05-22,0.07,15.98
2018-05-23,0.03,17.42
2018-05-24,0.04,16.57
2018-05-25,0.02,13.23
2018-05-26,0.0,13.09
2018-05-27,0.0,18.3
2018-05-28,0.0,22.15
2018-05-29,0.0,23.81
2018-05-30,0.04,17.86
2018-05-31,0.01,15.56
2018-06-01,0.0,19.86
2018-06-02,0.0,24.48
2018-06-03,0.0,26.89
2018-06-04,0.0,26.58
2018-06-05,0.0,21.76
2018-06-06,0.0,19.54
2018-06-07,0.0,19.89
2018-06-08,0.0,23.56
2018-06-09,0.0,22.23
2018-06-10,0.0,21.55
2018-06-11,0.0,25.99
2018-06-12,0.0,27.22
2018-06-13,0.0,26.38
2018-06-14,0.0,25.05
2018-06-15,0.0,23.42
2018-06-16,0.0,16.73
2018-06-17,0.0,13.98
2018-06-18,0.0,18.45
2018-06-19,0.0,23.69
2018-06-20,0.0,27.6
2018-06-21,0.0,27.55
2018-06-22,0.0,27.79
2018-06-23,0.0,24.26
2018-06-24,0.0,24.36
2018-06-25,0.0,24.88
2018-06-26,0.0,25.5
2018-06-27,0.0,24.74
2018-06-28,0.0,22.26
2018-06-29,0.0,19.98
2018-06-30,0.0,23.6
2018-07-01,0.0,25.64
2018-07-02,0.0,24.69
2018-07-03,0.0,22.31
2018-07-04,0.0,24.17
2018-07-05,0.0,29.24
2018-07-06,0.0,33.68
2018-07-07,1.51,32.66
2018-07-08,0.02,31.95
2018-07-09,0.37,28.17
2018-07-10,0.32,26.28
2018-07-11,4.1,26.26
2018-07-12,3.54,26.1
2018-07-13,0.07,27.89
2018-07-14,0.03,28.47
2018-07-15,0.0,27.49
2018-07-16,0.0,27.44
2018-07-17,0.0,27.5
2018-07-18,0.22,27.01
2018-07-19,0.05,28.25
2018-07-20,0.06,27.25
2018-07-21,0.0,26.11
2018-07-22,0.0,28.27
2018-07-23,0.0,31.14
2018-07-24,0.03,32.94
2018-07-25,0.0,32.5
2018-07-26,0.0,31.09
2018-07-27,0.0,30.49
2018-07-28,0.0,30.95
2018-07-29,0.56,29.14
2018-07-30,0.04,29.54
2018-07-31,0.22,30.0
2018-08-01,0.0,29.76
2018-08-02,0.0,27.76
2018-08-03,0.0,29.23
2018-08-04,0.0,28.78
2018-08-05,0.0,28.15
2018-08-06,0.0,30.26
2018-08-07,0.0,31.49
2018-08-08,0.0,28.64
2018-08-09,0.44,28.31
2018-08-10,0.08,26.33
2018-08-11,0.02,25.57
2018-08-12,0.15,25.16
2018-08-13,0.0,25.38
2018-08-14,0.0,26.19
2018-08-15,0.11,27.3
2018-08-16,1.63,27.11
2018-08-17,0.73,26.76
2018-08-18,0.01,27.16
2018-08-19,0.0,28.42
2018-08-20,0.05,26.66
2018-08-21,0.0,25.49
2018-08-22,0.0,25.28
2018-08-23,0.0,25.45
2018-08-24,0.0,24.04
2018-08-25,0.0,24.31
2018-08-26,0.0,22.98
2018-08-27,0.0,20.85
2018-08-28,0.0,20.98
2018-08-29,0.0,23.68
2018-08-30,0.0,24.57
2018-08-31,0.0,24.22
2018-09-01,0.0,22.09
2018-09-02,0.0,23.3
2018-09-03,0.0,24.44
2018-09-04,0.0,25.16
2018-09-05,0.0,25.1
2018-09-06,0.0,26.57
2018-09-07,0.0,28.54
2018-09-08,0.0,29.06
2018-09-09,0.0,26.84
2018-09-10,0.0,24.25
2018-09-11,0.0,23.0
2018-09-12,0.0,21.35
2018-09-13,0.0,22.78
2018-09-14,0.0,25.43
2018-09-15,0.0,23.89
2018-09-16,0.0,24.09
2018-09-17,0.0,23.24
2018-09-18,0.0,22.15
2018-09-19,0.0,23.02
2018-09-20,0.0,24.43
2018-09-21,0.0,25.84
2018-09-22,0.0,26.72
2018-09-23,0.0,24.46
2018-09-24,0.0,22.35
2018-09-25,0.0,24.79
2018-09-26,0.0,27.26
2018-09-27,0.0,27.58
2018-09-28,0.0,24.76
2018-09-29,0.0,20.95
2018-09-30,0.02,21.6
2018-10-01,0.02,22.66
2018-10-02,0.01,20.75
2018-10-03,0.95,17.85
2018-10-04,0.42,16.61
2018-10-05,0.03,18.05
2018-10-06,0.04,16.19
2018-10-07,0.03,14.98
2018-10-08,0.02,15.28
2018-10-09,0.0,15.77
2018-10-10,0.0,14.49
2018-10-11,0.02,14.9
2018-10-12,7.63,17.17
2018-10-13,19.5,15.03
2018-10-14,0.19,15.83
2018-10-15,0.0,11.43
2018-10-16,0.0,12.43
2018-10-17,0.0,14.31
2018-10-18,0.0,15.49
2018-10-19,0.0,15.82
2018-10-20,0.09,18.37
2018-10-21,0.03,19.45
2018-10-22,0.0,18.73
2018-10-23,0.0,19.89
2018-10-24,0.0,19.97
2018-10-25,0.0,20.37
2018-10-26,0.0,21.83
2018-10-27,0.0,22.44
2018-10-28,0.0,21.57
2018-10-29,0.0,17.7
2018-10-30,0.0,14.97
2018-10-31,0.0,13.09
2018-11-01,0.0,15.47
2018-11-02,0.0,18.68
2018-11-03,0.0,18.66
2018-11-04,0.0,18.24
2018-11-05,0.0,17.12
2018-11-06,0.0,17.57
2018-11-07,0.0,16.02
2018-11-08,0.0,12.8
2018-11-09,0.0,10.41
2018-11-10,0.0,11.72
2018-11-11,0.0,9.28
2018-11-12,0.0,8.03
2018-11-13,0.0,8.34
2018-11-14,0.0,10.92
2018-11-15,0.0,13.73
2018-11-16,0.0,14.76
2018-11-17,0.0,12.92
2018-11-18,0.0,13.3
2018-11-19,0.0,11.69
2018-11-20,0.0,13.05
2018-11-21,0.09,12.1
2018-11-22,2.76,10.81
2018-11-23,0.04,10.49
2018-11-24,0.01,12.01
2018-11-25,0.0,10.71
2018-11-26,0.0,10.7
2018-11-27,0.0,13.03
2018-11-28,0.08,10.8
2018-11-29,16.4,8.73
2018-11-30,1.02,8.47
2018-12-01,0.18,7.12
2018-12-02,0.03,6.23
2018-12-03,0.0,6.47
2018-12-04,0.0,5.94
2018-12-05,3.54,6.89
2018-12-06,17.09,6.5
2018-12-07,3.59,8.35
2018-12-08,0.0,9.51
2018-12-09,0.0,9.96
2018-12-10,0.0,10.15
2018-12-11,0.0,9.7
2018-12-12,0.0,9.06
2018-12-13,0.0,8.55
2018-12-14,0.0,8.84
2018-12-15,0.0,12.76
2018-12-16,0.0,12.45
2018-12-17,0.0,9.66
2018-12-18,0.0,11.5
2018-12-19,0.0,12.97
2018-12-20,0.0,14.37
2018-12-21,0.0,11.51
2018-12-22,0.0,12.67
2018-12-23,0.0,12.39
2018-12-24,0.26,11.0
2018-12-25,3.07,7.84
2018-12-26,0.0,5.98
2018-12-27,0.01,3.88
2018-12-28,0.0,1.46
2018-12-29,0.0,2.16
2018-12-30,0.0,6.6
2018-12-31,0.74,4.22
2019-01-01,0.0,-0.27
2019-01-02,0.0,2.24
2019-01-03,0.0,5.12
2019-01-04,0.0,7.51
2019-01-05,3.84,6.8
2019-01-06,2.71,6.04
2019-01-07,0.96,7.27
2019-01-08,0.02,8.81
2019-01-09,0.0,10.66
2019-01-10,0.0,10.37
2019-01-11,0.05,9.25
2019-01-12,6.65,6.02
2019-01-13,0.09,5.98
2019-01-14,10.67,5.3
2019-01-15,8.05,6.9
2019-01-16,7.23,10.14
2019-01-17,15.65,10.13
2019-01-18,0.13,9.98
2019-01-19,0.0,11.12
2019-01-20,0.02,12.72
2019-01-21,0.19,6.5
2019-01-22,0.0,4.45
2019-01-23,0.0,8.65
2019-01-24,0.0,8.99
2019-01-25,0.03,8.92
2019-01-26,0.0,9.84
2019-01-27,0.0,13.73
2019-01-28,0.0,14.47
2019-01-29,0.0,14.46
2019-01-30,0.0,11.86
2019-01-31,7.42,10.21
2019-02-01,0.75,9.31
2019-02-02,21.19,8.49
2019-02-03,3.72,6.65
2019-02-04,10.46,6.56
2019-02-05,3.88,4.19
2019-02-06,0.03,1.16
2019-02-07,0.11,2.53
2019-02-08,0.08,4.14
2019-02-09,1.35,3.52
2019-02-10,2.8,3.69
2019-02-11,0.0,3.23
2019-02-12,0.0,6.0
2019-02-13,10.75,7.41
2019-02-14,59.11,9.29
2019-02-15,2.35,6.65
2019-02-16,0.8,5.44
2019-02-17,2.49,3.02
2019-02-18,0.44,1.36
2019-02-19,0.0,1.45
2019-02-20,2.0,1.96
2019-02-21,5.47,1.71
2019-02-22,0.1,2.32
2019-02-23,0.0,5.6
2019-02-24,0.01,7.48
2019-02-25,0.0,9.66
2019-02-26,0.0,9.23
2019-02-27,0.03,9.47
2019-02-28,0.06,10.43
2019-03-01,0.2,11.09
2019-03-02,8.42,8.98
2019-03-03,0.45,9.06
2019-03-04,0.02,9.75
2019-03-05,0.33,12.45
2019-03-06,9.75,9.9
2019-03-07,1.31,8.59
2019-03-08,0.23,5.23
2019-03-09,0.08,5.9
2019-03-10,0.01,5.2
2019-03-11,6.77,6.62
2019-03-12,1.71,8.69
2019-03-13,0.22,6.86
2019-03-14,0.0,5.02
2019-03-15,0.0,7.11
2019-03-16,0.0,10.77
2019-03-17,0.0,14.62
2019-03-18,0.0,15.58
2019-03-19,0.0,13.69
2019-03-20,2.37,7.99
2019-03-21,1.73,7.04
2019-03-22,0.04,9.75
2019-03-23,0.04,10.54
2019-03-24,0.0,12.34
2019-03-25,0.0,14.12
2019-03-26,0.0,13.19
2019-03-27,0.0,10.53
2019-03-28,0.0,10.66
2019-03-29,0.0,12.15
2019-03-30,0.0,13.82
2019-03-31,0.0,15.22
2019-04-01,0.0,15.04
2019-04-02,0.05,12.18
2019-04-03,0.11,11.3
2019-04-04,0.02,11.16
2019-04-05,0.03,10.0
2019-04-06,0.01,12.93
2019-04-07,0.0,17.89
2019-04-08,0.0,20.12
2019-04-09,0.0,15.17
2019-04-10,0.0,11.57
2019-04-11,0.0,12.09
2019-04-12,0.0,11.89
2019-04-13,0.0,14.2
2019-04-14,0.0,14.09
2019-04-15,0.0,12.42
2019-04-16,0.18,9.24
2019-04-17,0.01,14.87
2019-04-18,0.0,19.7
2019-04-19,0.0,19.87
2019-04-20,0.0,11.84
2019-04-21,0.0,12.54
2019-04-22,0.11,15.32
2019-04-23,0.0,18.64
2019-04-24,0.0,20.65
2019-04-25,0.0,20.97
2019-04-26,0.0,20.21
2019-04-27,0.0,17.21
2019-04-28,0.11,16.16
2019-04-29,1.54,11.44
2019-04-30,0.22,11.48
2019-05-01,0.01,14.6
2019-05-02,0.0,15.77
2019-05-03,0.0,17.84
2019-05-04,0.0,16.42
2019-05-05,0.02,13.16
2019-05-06,1.05,11.75
2019-05-07,0.21,12.12
2019-05-08,0.06,15.53
2019-05-09,0.33,14.64
2019-05-10,4.02,13.25
2019-05-11,0.72,15.65
2019-05-12,0.03,18.67
2019-05-13,0.0,18.53
2019-05-14,0.0,19.12
2019-05-15,0.01,15.35
2019-05-16,2.34,10.55
2019-05-17,0.01,12.12
2019-05-18,0.42,13.63
2019-05-19,4.62,9.85
2019-05-20,0.8,10.91
2019-05-21,0.72,9.53
2019-05-22,4.3,9.68
2019-05-23,1.81,10.67
2019-05-24,0.01,15.19
2019-05-25,0.01,14.72
2019-05-26,2.65,9.52
2019-05-27,0.35,10.25
2019-05-28,0.13,14.92
2019-05-29,0.03,18.24
2019-05-30,0.0,19.83
2019-05-31,0.0,19.41
2019-06-01,0.04,18.4
2019-06-02,0.09,19.03
2019-06-03,0.02,20.66
2019-06-04,0.0,23.16
2019-06-05,0.0,24.52
2019-06-06,0.0,22.48
2019-06-07,0.0,19.84
2019-06-08,0.0,22.24
2019-06-09,0.0,25.18
2019-06-10,0.0,27.09
2019-06-11,0.0,29.02
2019-06-12,0.0,27.0
2019-06-13,0.0,21.17
2019-06-14,0.0,19.21
2019-06-15,0.0,21.95
2019-06-16,0.0,20.41
2019-06-17,0.15,21.26
2019-06-18,0.0,24.11
2019-06-19,0.0,23.68
2019-06-20,0.03,18.44
2019-06-21,0.05,16.24
2019-06-22,0.01,21.1
2019-06-23,0.0,23.38
2019-06-24,0.0,22.96
2019-06-25,0.0,19.9
2019-06-26,0.0,20.45
2019-06-27,0.0,21.88
2019-06-28,0.0,22.21
2019-06-29,0.0,22.51
2019-06-30,0.0,24.17
2019-07-01,0.0,24.07
2019-07-02,0.0,22.23
2019-07-03,0.0,20.01
2019-07-04,0.0,20.46
2019-07-05,0.0,22.82
2019-07-06,0.0,24.58
2019-07-07,0.0,20.96
2019-07-08,0.0,18.62
2019-07-09,0.0,22.17
2019-07-10,0.0,25.4
2019-07-11,0.0,27.8
2019-07-12,0.0,29.98
2019-07-13,0.0,30.11
2019-07-14,0.0,28.65
2019-07-15,0.0,27.97
2019-07-16,0.0,26.2
2019-07-17,0.0,24.43
2019-07-18,0.0,23.27
2019-07-19,0.0,21.21
2019-07-20,0.0,21.67
2019-07-21,0.0,27.25
2019-07-22,0.14,27.76
2019-07-23,0.83,27.9
2019-07-24,1.02,28.78
2019-07-25,1.47,27.37
2019-07-26,0.0,28.62
2019-07-27,0.0,29.94
2019-07-28,0.0,30.5
2019-07-29,0.0,28.19
2019-07-30,0.0,28.9
2019-07-31,0.0,27.01
2019-08-01,0.0,27.76
2019-08-02,0.0,28.37
2019-08-03,0.0,28.9
2019-08-04,0.0,29.32
2019-08-05,0.0,29.85
2019-08-06,0.01,29.02
2019-08-07,0.04,28.1
2019-08-08,0.0,26.58
2019-08-09,0.0,24.3
2019-08-10,0.0,22.89
2019-08-11,0.0,23.63
2019-08-12,0.0,26.04
2019-08-13,0.0,28.7
2019-08-14,0.0,29.42
2019-08-15,0.0,29.04
2019-08-16,0.0,26.81
2019-08-17,0.0,23.05
2019-08-18,0.0,22.85
2019-08-19,0.0,24.72
2019-08-20,0.0,26.3
2019-08-21,0.0,27.64
2019-08-22,0.0,25.97
2019-08-23,0.0,25.56
2019-08-24,0.0,27.95
2019-08-25,0.0,27.87
2019-08-26,0.0,25.8
2019-08-27,0.0,28.41
2019-08-28,0.0,26.85
2019-08-29,0.0,27.25
2019-08-30,0.0,27.31
2019-08-31,0.0,28.25
2019-09-01,0.0,30.14
2019-09-02,3.18,28.5
2019-09-03,0.86,28.14
2019-09-04,0.02,29.24
2019-09-05,1.71,28.58
2019-09-06,0.0,26.52
2019-09-07,0.0,24.79
2019-09-08,0.0,19.83
2019-09-09,0.0,20.94
2019-09-10,0.0,17.52
2019-09-11,0.0,21.2
2019-09-12,0.0,25.69
2019-09-13,0.0,27.33
2019-09-14,0.0,28.13
2019-09-15,0.0,25.88
2019-09-16,0.0,22.54
2019-09-17,0.0,19.43
2019-09-18,0.0,19.26
2019-09-19,0.0,16.88
2019-09-20,0.0,19.31
2019-09-21,0.0,22.49
2019-09-22,0.0,22.81
2019-09-23,0.0,21.7
2019-09-24,0.0,23.29
2019-09-25,0.67,24.22
2019-09-26,0.38,18.71
2019-09-27,0.15,18.26
2019-09-28,0.16,16.28
2019-09-29,0.0,12.92
2019-09-30,0.0,12.77
2019-10-01,0.0,13.07
2019-10-02,0.0,17.57
2019-10-03,0.0,18.51
2019-10-04,0.0,18.05
2019-10-05,0.0,21.4
2019-10-06,0.0,22.57
2019-10-07,0.0,22.5
2019-10-08,0.0,21.09
2019-10-09,0.0,16.05
2019-10-10,0.0,13.76
2019-10-11,0.0,14.82
2019-10-12,0.0,17.91
2019-10-13,0.0,17.51
2019-10-14,0.0,16.52
2019-10-15,0.0,20.34
2019-10-16,0.0,21.26
2019-10-17,0.0,16.7
2019-10-18,0.0,16.0
2019-10-19,0.0,17.69
2019-10-20,0.0,16.98
2019-10-21,0.0,19.09
2019-10-22,0.0,21.63
2019-10-23,0.0,21.56
2019-10-24,0.0,18.39
2019-10-25,0.0,19.58
2019-10-26,0.0,19.9
2019-10-27,0.0,13.14
2019-10-28,0.0,11.58
2019-10-29,0.0,10.96
2019-10-30,0.0,7.1
2019-10-31,0.0,10.2
2019-11-01,0.0,13.45
2019-11-02,0.0,15.61
2019-11-03,0.0,18.55
2019-11-04,0.0,18.58
2019-11-05,0.0,19.24
2019-11-06,0.0,19.31
2019-11-07,0.0,19.12
2019-11-08,0.0,17.98
2019-11-09,0.0,18.81
2019-11-10,0.0,18.95
2019-11-11,0.0,18.73
2019-11-12,0.0,19.26
2019-11-13,0.0,18.22
2019-11-14,0.0,17.23
2019-11-15,0.0,16.5
2019-11-16,0.0,16.9
2019-11-17,0.0,16.96
2019-11-18,0.0,19.22
2019-11-19,4.42,16.85
2019-11-20,6.72,7.7
2019-11-21,1.08,8.05
2019-11-22,0.1,8.96
2019-11-23,0.0,9.74
2019-11-24,0.0,11.84
2019-11-25,0.0,9.06
2019-11-26,0.0,6.07
2019-11-27,4.36,5.21
2019-11-28,22.64,3.35
2019-11-29,1.96,2.88
2019-11-30,0.87,4.27
2019-12-01,0.01,6.69
2019-12-02,0.0,11.66
2019-12-03,0.06,10.78
2019-12-04,17.17,9.04
2019-12-05,0.15,9.41
2019-12-06,1.46,10.07
2019-12-07,2.47,10.91
2019-12-08,3.32,9.58
2019-12-09,0.59,9.16
2019-12-10,0.0,9.56
2019-12-11,0.0,11.06
2019-12-12,0.0,13.46
2019-12-13,0.0,13.56
2019-12-14,0.14,10.56
2019-12-15,0.01,6.18
2019-12-16,0.0,4.34
2019-12-17,0.0,3.72
2019-12-18,0.0,4.02
2019-12-19,0.0,6.03
2019-12-20,0.0,8.31
2019-12-21,0.0,8.45
2019-12-22,0.2,9.08
2019-12-23,9.13,7.16
2019-12-24,0.97,6.02
2019-12-25,1.51,4.5
2019-12-26,25.87,1.8
2019-12-27,1.0,2.86
2019-12-28,0.0,1.67
2019-12-29,0.0,3.44
2019-12-30,0.15,3.33
2019-12-31,0.0,6.23
2020-01-01,0.0,7.18
2020-01-02,0.0,7.7
2020-01-03,0.0,11.15
2020-01-04,0.0,11.12
2020-01-05,0.0,10.18
2020-01-06,0.0,8.33
2020-01-07,0.0,9.55
2020-01-08,0.0,6.91
2020-01-09,0.63,5.44
2020-01-10,0.01,5.88
2020-01-11,0.0,5.6
2020-01-12,0.0,7.32
2020-01-13,0.0,7.43
2020-01-14,0.0,6.99
2020-01-15,0.0,9.03
2020-01-16,0.46,7.3
2020-01-17,0.59,6.58
2020-01-18,0.0,7.04
2020-01-19,0.0,10.22
2020-01-20,0.27,11.09
2020-01-21,0.85,7.64
2020-01-22,0.0,8.9
2020-01-23,0.0,11.49
2020-01-24,0.0,13.62
2020-01-25,0.0,14.07
2020-01-26,0.0,10.99
2020-01-27,0.0,10.35
2020-01-28,0.0,11.41
2020-01-29,0.0,8.12
2020-01-30,0.0,9.54
2020-01-31,0.0,11.36
2020-02-01,0.0,14.89
2020-02-02,0.08,13.29
2020-02-03,0.0,2.38
2020-02-04,0.13,0.55
2020-02-05,0.0,4.32
2020-02-06,0.0,9.27
2020-02-07,0.0,12.55
2020-02-08,0.0,11.92
2020-02-09,0.93,7.59
2020-02-10,1.14,7.01
2020-02-11,0.0,6.86
2020-02-12,0.03,8.35
2020-02-13,0.0,9.79
2020-02-14,0.0,10.55
2020-02-15,0.0,11.18
2020-02-16,0.0,11.9
2020-02-17,0.0,12.67
2020-02-18,0.0,12.28
2020-02-19,0.0,12.27
2020-02-20,0.0,12.13
2020-02-21,0.01,13.27
2020-02-22,3.22,8.12
2020-02-23,0.84,9.63
2020-02-24,0.08,12.28
2020-02-25,0.0,10.96
2020-02-26,0.0,10.19
2020-02-27,0.0,13.59
2020-02-28,0.0,14.94
2020-02-29,0.0,12.11
2020-03-01,1.48,6.85
2020-03-02,1.52,6.58
2020-03-03,0.0,12.29
2020-03-04,0.0,15.24
2020-03-05,0.0,16.19
2020-03-06,0.0,14.93
2020-03-07,0.02,8.64
2020-03-08,0.02,7.55
2020-03-09,4.15,9.69
2020-03-10,17.08,11.16
2020-03-11,0.87,12.83
2020-03-12,29.01,9.99
2020-03-13,4.41,8.52
2020-03-14,0.52,9.76
2020-03-15,0.18,9.16
2020-03-16,4.15,8.39
2020-03-17,0.9,6.4
2020-03-18,1.84,5.63
2020-03-19,3.63,6.18
2020-03-20,0.43,8.4
2020-03-21,0.05,9.66
2020-03-22,5.68,9.91
2020-03-23,4.38,9.01
2020-03-24,0.58,8.61
2020-03-25,0.24,7.29
2020-03-26,0.34,5.52
2020-03-27,0.22,6.48
2020-03-28,0.18,8.91
2020-03-29,0.1,8.86
2020-03-30,0.01,12.68
2020-03-31,0.0,15.35
2020-04-01,0.0,14.4
2020-04-02,0.0,12.46
2020-04-03,0.0,11.18
2020-04-04,0.01,10.5
2020-04-05,0.53,9.3
2020-04-06,15.16,8.66
2020-04-07,12.03,9.72
2020-04-08,14.18,5.88
2020-04-09,9.53,6.19
2020-04-10,13.05,6.14
2020-04-11,0.53,11.1
2020-04-12,0.8,9.56
2020-04-13,0.29,11.66
2020-04-14,0.0,12.46
2020-04-15,0.0,14.27
2020-04-16,0.0,13.24
2020-04-17,0.04,11.46
2020-04-18,0.17,10.54
2020-04-19,0.01,12.46
2020-04-20,0.01,12.01
2020-04-21,0.01,13.88
2020-04-22,0.0,18.37
2020-04-23,0.0,20.89
2020-04-24,0.0,22.87
2020-04-25,0.0,23.84
2020-04-26,0.02,21.17
2020-04-27,0.0,19.77
2020-04-28,0.01,23.54
2020-04-29,0.0,23.38
2020-04-30,0.0,20.63
2020-05-01,0.01,17.86
2020-05-02,0.01,16.73
2020-05-03,0.01,16.91
2020-05-04,0.0,19.58
2020-05-05,0.0,23.27
2020-05-06,0.0,23.91
2020-05-07,0.01,24.53
2020-05-08,0.0,23.19
2020-05-09,0.0,22.56
2020-05-10,0.0,20.03
2020-05-11,0.0,15.32
2020-05-12,0.04,12.62
2020-05-13,0.02,13.91
2020-05-14,0.0,15.78
2020-05-15,0.0,17.81
2020-05-16,0.0,21.2
2020-05-17,0.03,18.12
2020-05-18,0.51,14.23
2020-05-19,0.02,11.94
2020-05-20,0.0,15.32
2020-05-21,0.0,18.89
2020-05-22,0.0,16.96
2020-05-23,0.0,16.62
2020-05-24,0.0,20.32
2020-05-25,0.0,23.92
2020-05-26,0.01,25.55
2020-05-27,0.0,26.2
2020-05-28,0.0,25.82
2020-05-29,0.0,22.31
2020-05-30,0.01,16.66
2020-05-31,0.0,18.98
2020-06-01,0.0,22.89
2020-06-02,0.0,25.24
2020-06-03,0.0,27.32
2020-06-04,0.0,24.86
2020-06-05,0.14,17.18
2020-06-06,0.24,13.94
2020-06-07,0.02,15.77
2020-06-08,0.0,15.91
2020-06-09,0.01,22.11
2020-06-10,0.0,24.67
2020-06-11,0.0,25.03
2020-06-12,0.0,20.69
2020-06-13,0.0,17.12
2020-06-14,0.08,19.46
2020-06-15,0.01,22.23
2020-06-16,0.0,19.4
2020-06-17,0.0,19.78
2020-06-18,0.0,21.7
2020-06-19,0.0,22.23
2020-06-20,0.0,22.71
2020-06-21,0.0,23.22
2020-06-22,0.0,25.36
2020-06-23,0.01,26.53
2020-06-24,0.0,25.82
2020-06-25,0.0,23.89
2020-06-26,0.07,25.65
2020-06-27,0.02,24.07
2020-06-28,0.04,17.87
2020-06-29,0.06,17.27
2020-06-30,0.01,21.52
2020-07-01,0.0,21.03
2020-07-02,0.0,21.59
2020-07-03,0.0,23.7
2020-07-04,0.0,25.85
2020-07-05,0.0,26.33
2020-07-06,0.0,26.29
2020-07-07,0.0,25.54
2020-07-08,0.0,23.76
2020-07-09,0.0,25.26
2020-07-10,0.0,29.17
2020-07-11,0.0,29.49
2020-07-12,0.0,30.7
2020-07-13,0.0,26.86
2020-07-14,0.0,23.54
2020-07-15,0.0,23.41
2020-07-16,0.0,25.39
2020-07-17,0.01,25.4
2020-07-18,0.0,25.97
2020-07-19,0.0,25.88
2020-07-20,0.0,26.11
2020-07-21,0.0,26.41
2020-07-22,0.0,23.28
2020-07-23,0.0,21.7
2020-07-24,0.0,23.91
2020-07-25,0.0,25.1
2020-07-26,0.0,26.53
2020-07-27,0.0,26.6
2020-07-28,0.0,27.22
2020-07-29,0.0,28.28
2020-07-30,0.0,30.45
2020-07-31,0.0,31.29
2020-08-01,0.0,29.74
2020-08-02,0.0,26.4
2020-08-03,0.0,26.47
2020-08-04,0.0,24.98
2020-08-05,0.0,22.12
2020-08-06,0.0,19.77
2020-08-07,0.0,21.52
2020-08-08,0.0,23.93
2020-08-09,0.0,26.02
2020-08-10,0.0,25.8
2020-08-11,0.0,26.2
2020-08-12,0.0,28.95
2020-08-13,0.0,30.33
2020-08-14,0.0,31.99
2020-08-15,2.34,32.48
2020-08-16,0.02,32.0
2020-08-17,0.08,32.26
2020-08-18,0.02,33.74
2020-08-19,0.85,31.7
2020-08-20,0.1,31.43
2020-08-21,0.37,30.92
2020-08-22,0.45,28.42
2020-08-23,0.0,27.58
2020-08-24,0.0,28.27
2020-08-25,0.0,28.24
2020-08-26,0.0,28.17
2020-08-27,0.0,27.97
2020-08-28,0.0,27.35
2020-08-29,0.0,25.29
2020-08-30,0.0,25.01
2020-08-31,0.0,24.71
2020-09-01,0.0,24.81
2020-09-02,0.0,26.91
2020-09-03,0.0,29.03
2020-09-04,0.0,31.5
2020-09-05,0.0,34.6
2020-09-06,0.0,35.02
2020-09-07,0.0,30.1
2020-09-08,0.0,23.14
2020-09-09,0.0,21.01
2020-09-10,0.0,22.73
2020-09-11,0.0,24.81
2020-09-12,0.0,25.77
2020-09-13,0.0,26.35
2020-09-14,0.0,26.52
2020-09-15,0.0,26.41
2020-09-16,0.0,26.48
2020-09-17,0.0,27.39
2020-09-18,0.0,27.32
2020-09-19,0.0,25.26
2020-09-20,0.0,25.46
2020-09-21,0.0,24.75
2020-09-22,0.0,23.84
2020-09-23,0.0,24.77
2020-09-24,0.0,24.99
2020-09-25,0.0,22.98
2020-09-26,0.0,23.59
2020-09-27,0.0,25.74
2020-09-28,0.0,25.82
2020-09-29,0.0,27.02
2020-09-30,0.0,28.62
2020-10-01,0.0,28.35
2020-10-02,0.0,28.36
2020-10-03,0.0,27.26
2020-10-04,0.0,25.62
2020-10-05,0.0,24.91
2020-10-06,0.0,24.01
2020-10-07,0.0,22.94
2020-10-08,0.0,18.0
2020-10-09,0.0,17.17
2020-10-10,0.0,17.33
2020-10-11,0.04,20.08
2020-10-12,0.0,24.02
2020-10-13,0.0,25.99
2020-10-14,0.0,26.56
2020-10-15,0.0,25.07
2020-10-16,0.0,24.08
2020-10-17,0.0,24.08
2020-10-18,0.0,21.71
2020-10-19,0.0,21.75
2020-10-20,0.0,23.39
2020-10-21,0.0,21.34
2020-10-22,0.0,17.66
2020-10-23,0.0,16.62
2020-10-24,0.0,13.93
2020-10-25,0.31,11.29
2020-10-26,0.0,7.73
2020-10-27,0.0,11.67
2020-10-28,0.0,16.15
2020-10-29,0.0,18.21
2020-10-30,0.0,19.79
2020-10-31,0.0,20.17
2020-11-01,0.0,21.11
2020-11-02,0.0,20.81
2020-11-03,0.0,20.44
2020-11-04,0.0,21.51
2020-11-05,0.0,21.14
2020-11-06,0.84,17.48
2020-11-07,4.78,6.58
2020-11-08,3.16,5.79
2020-11-09,0.01,5.83
2020-11-10,0.0,8.17
2020-11-11,0.0,10.74
2020-11-12,0.0,11.57
2020-11-13,0.0,10.62
2020-11-14,0.0,12.72
2020-11-15,0.0,15.86
2020-11-16,0.0,17.11
2020-11-17,0.0,16.99
2020-11-18,0.0,12.12
2020-11-19,0.0,13.89
2020-11-20,0.0,16.75
2020-11-21,0.0,15.91
2020-11-22,0.0,15.42
2020-11-23,0.0,9.83
2020-11-24,0.0,10.52
2020-11-25,0.0,11.39
2020-11-26,0.0,7.46
2020-11-27,0.0,6.68
2020-11-28,0.0,8.48
2020-11-29,0.0,10.4
2020-11-30,0.0,13.15
2020-12-01,0.0,12.62
2020-12-02,0.0,9.74
2020-12-03,0.0,6.98
2020-12-04,0.0,9.65
2020-12-05,0.0,11.43
2020-12-06,0.0,12.49
2020-12-07,0.0,11.52
2020-12-08,0.0,12.16
2020-12-09,0.0,13.55
2020-12-10,0.0,8.93
2020-12-11,0.0,5.52
2020-12-12,0.02,6.45
2020-12-13,0.0,6.79
2020-12-14,0.01,7.82
2020-12-15,0.0,5.53
2020-12-16,0.0,9.64
2020-12-17,0.0,8.29
2020-12-18,0.0,6.31
2020-12-19,0.0,8.13
2020-12-20,0.0,11.2
2020-12-21,0.0,13.64
2020-12-22,0.0,11.41
2020-12-23,0.0,8.1
2020-12-24,0.43,7.35
2020-12-25,0.11,10.94
2020-12-26,0.02,9.86
2020-12-27,0.49,8.5
2020-12-28,15.31,4.58
2020-12-29,0.17,3.91
2020-12-30,0.0,6.46
2020-12-31,0.02,5.51
2021-01-01,0.0,6.67
2021-01-02,0.0,8.04
2021-01-03,0.0,8.34
2021-01-04,0.0,9.65
2021-01-05,0.0,10.19
2021-01-06,0.0,11.89
2021-01-07,0.0,11.24
2021-01-08,0.0,11.18
2021-01-09,0.0,7.15
2021-01-10,0.0,7.16
2021-01-11,0.0,7.64
2021-01-12,0.0,9.2
2021-01-13,0.0,12.11
2021-01-14,0.0,13.67
2021-01-15,0.0,14.88
2021-01-16,0.0,16.08
2021-01-17,0.0,14.59
2021-01-18,0.0,13.41
2021-01-19,0.01,7.07
2021-01-20,0.74,8.52
2021-01-21,0.01,10.27
2021-01-22,0.52,7.97
2021-01-23,4.33,4.53
2021-01-24,2.33,4.51
2021-01-25,6.59,1.83
2021-01-26,0.07,0.85
2021-01-27,0.02,3.42
2021-01-28,5.37,6.09
2021-01-29,10.55,3.92
2021-01-30,0.04,5.58
2021-01-31,0.0,8.36
2021-02-01,0.02,10.89
2021-02-02,0.0,13.39
2021-02-03,0.0,11.02
2021-02-04,0.0,7.34
2021-02-05,0.0,10.13
2021-02-06,0.0,11.93
2021-02-07,0.0,12.88
2021-02-08,0.0,10.92
2021-02-09,0.0,7.89
2021-02-10,0.0,9.91
2021-02-11,0.0,12.28
2021-02-12,2.15,9.02
2021-02-13,0.09,7.25
2021-02-14,0.0,6.93
2021-02-15,0.03,8.75
2021-02-16,0.03,8.53
2021-02-17,0.0,5.84
2021-02-18,0.0,6.78
2021-02-19,0.0,10.97
2021-02-20,0.0,8.35
2021-02-21,0.0,7.32
2021-02-22,0.0,10.56
2021-02-23,0.0,14.58
2021-02-24,0.0,13.25
2021-02-25,0.0,6.86
2021-02-26,0.0,10.17
2021-02-27,0.0,9.37
2021-02-28,0.0,6.15
2021-03-01,0.0,7.73
2021-03-02,0.0,10.25
2021-03-03,2.67,6.63
2021-03-04,0.11,9.99
2021-03-05,0.0,13.21
2021-03-06,0.0,10.4
2021-03-07,0.0,9.89
2021-03-08,0.01,8.91
2021-03-09,0.24,6.85
2021-03-10,5.05,4.51
2021-03-11,6.27,3.57
2021-03-12,2.05,3.59
2021-03-13,0.32,6.08
2021-03-14,0.05,8.81
2021-03-15,2.26,5.08
2021-03-16,0.01,5.06
2021-03-17,0.0,9.33
2021-03-18,0.0,12.53
2021-03-19,0.0,13.34
2021-03-20,0.03,10.47
2021-03-21,0.01,8.21
2021-03-22,0.07,9.36
2021-03-23,0.3,8.54
2021-03-24,0.0,9.36
2021-03-25,0.42,6.64
2021-03-26,0.67,8.9
2021-03-27,0.0,12.61
2021-03-28,0.0,16.95
2021-03-29,0.0,16.26
2021-03-30,0.0,13.69
2021-03-31,0.0,14.01
2021-04-01,0.0,17.76
2021-04-02,0.0,17.76
2021-04-03,0.0,17.71
2021-04-04,0.0,18.18
2021-04-05,0.0,15.16
2021-04-06,0.07,16.23
2021-04-07,0.0,17.92
2021-04-08,0.0,16.88
2021-04-09,0.0,17.99
2021-04-10,0.0,18.37
2021-04-11,0.0,17.77
2021-04-12,0.01,16.05
2021-04-13,0.16,10.89
2021-04-14,0.07,9.34
2021-04-15,0.01,12.15
2021-04-16,0.0,14.72
2021-04-17,0.0,15.29
2021-04-18,0.0,15.51
2021-04-19,0.0,18.92
2021-04-20,0.0,16.58
2021-04-21,0.1,9.88
2021-04-22,0.2,12.37
2021-04-23,0.05,12.88
2021-04-24,0.0,13.18
2021-04-25,0.06,11.12
2021-04-26,1.12,8.45
2021-04-27,0.48,9.95
2021-04-28,0.0,15.83
2021-04-29,0.0,21.95
2021-04-30,0.0,24.26
2021-05-01,0.0,18.28
2021-05-02,0.0,14.29
2021-05-03,0.0,18.08
2021-05-04,0.0,21.61
2021-05-05,0.0,22.95
2021-05-06,0.0,21.39
2021-05-07,0.0,16.99
2021-05-08,0.0,18.81
2021-05-09,0.0,18.53
2021-05-10,0.0,17.86
2021-05-11,0.0,21.12
2021-05-12,0.0,22.79
2021-05-13,0.0,21.59
2021-05-14,0.0,19.15
2021-05-15,0.01,14.09
2021-05-16,0.27,11.64
2021-05-17,0.1,16.44
2021-05-18,0.01,19.95
2021-05-19,0.0,16.98
2021-05-20,0.0,12.94
2021-05-21,0.0,11.15
2021-05-22,0.0,11.83
2021-05-23,0.0,15.58
2021-05-24,0.0,20.63
2021-05-25,0.0,22.16
2021-05-26,0.0,19.97
2021-05-27,0.0,19.83
2021-05-28,0.0,20.67
2021-05-29,0.0,18.39
2021-05-30,0.0,22.33
2021-05-31,0.0,25.05
2021-06-01,0.0,27.18
2021-06-02,0.0,26.78
2021-06-03,0.0,26.25
2021-06-04,0.0,24.69
2021-06-05,0.0,22.96
2021-06-06,0.0,19.38
2021-06-07,0.0,15.2
2021-06-08,0.0,16.27
2021-06-09,0.0,17.56
2021-06-10,0.0,17.68
2021-06-11,0.0,22.1
2021-06-12,0.0,25.1
2021-06-13,0.0,25.45
2021-06-14,0.0,28.43
2021-06-15,0.0,29.62
2021-06-16,0.0,32.98
2021-06-17,0.0,31.91
2021-06-18,0.0,31.4
2021-06-19,0.01,29.71
2021-06-20,0.0,27.32
2021-06-21,0.0,25.45
2021-06-22,0.0,26.54
2021-06-23,0.4,25.16
2021-06-24,0.51,23.45
2021-06-25,0.0,24.89
2021-06-26,0.02,29.1
2021-06-27,0.0,32.45
2021-06-28,0.0,32.27
2021-06-29,0.01,29.33
2021-06-30,0.0,28.12
2021-07-01,0.0,27.52
2021-07-02,0.0,27.97
2021-07-03,0.09,28.85
2021-07-04,0.01,27.58
2021-07-05,0.0,26.7
2021-07-06,0.0,28.23
2021-07-07,0.0,30.57
2021-07-08,0.0,31.22
2021-07-09,0.0,31.21
2021-07-10,0.0,29.96
2021-07-11,0.03,30.54
2021-07-12,0.0,29.97
2021-07-13,0.03,29.53
2021-07-14,0.03,27.73
2021-07-15,0.0,26.92
2021-07-16,0.0,26.51
2021-07-17,0.02,28.19
2021-07-18,0.73,28.33
2021-07-19,0.0,28.65
2021-07-20,0.0,28.98
2021-07-21,0.02,29.17
2021-07-22,0.03,29.06
2021-07-23,0.0,27.54
2021-07-24,0.0,26.52
2021-07-25,2.39,25.03
2021-07-26,7.36,23.7
2021-07-27,0.33,27.73
2021-07-28,0.22,27.96
2021-07-29,0.02,27.93
2021-07-30,1.75,26.05
2021-07-31,1.4,26.57
2021-08-01,0.0,28.3
2021-08-02,0.0,29.5
2021-08-03,0.0,30.77
2021-08-04,0.0,31.98
2021-08-05,0.0,30.34
2021-08-06,0.0,27.84
2021-08-07,0.0,26.48
2021-08-08,0.0,26.49
2021-08-09,0.18,27.42
2021-08-10,2.4,29.06
2021-08-11,0.25,27.66
2021-08-12,0.0,27.23
2021-08-13,0.0,26.6
2021-08-14,0.04,27.87
2021-08-15,0.0,28.86
2021-08-16,0.0,29.18
2021-08-17,0.0,24.72
2021-08-18,0.0,20.54
2021-08-19,0.0,20.58
2021-08-20,0.0,23.33
2021-08-21,0.03,22.05
2021-08-22,0.01,22.56
2021-08-23,0.0,22.32
2021-08-24,0.0,24.98
2021-08-25,0.0,27.38
2021-08-26,0.0,29.17
2021-08-27,0.0,30.11
2021-08-28,0.0,30.15
2021-08-29,0.69,30.04
2021-08-30,0.46,28.43
2021-08-31,0.53,24.73
2021-09-01,0.07,21.02
2021-09-02,0.0,22.57
2021-09-03,0.0,25.31
2021-09-04,0.0,27.25
2021-09-05,0.0,29.49
2021-09-06,0.0,29.88
2021-09-07,0.0,28.3
2021-09-08,0.0,29.51
2021-09-09,0.98,30.23
2021-09-10,0.33,27.61
2021-09-11,0.0,27.94
2021-09-12,0.0,27.38
2021-09-13,0.0,26.72
2021-09-14,0.0,24.45
2021-09-15,0.0,23.6
2021-09-16,0.0,21.95
2021-09-17,0.0,23.18
2021-09-18,0.0,21.25
2021-09-19,0.0,20.32
2021-09-20,0.0,23.56
2021-09-21,0.0,26.45
2021-09-22,0.0,27.45
2021-09-23,0.09,25.69
2021-09-24,1.29,24.53
2021-09-25,0.04,22.28
2021-09-26,0.0,21.14
2021-09-27,0.02,19.03
2021-09-28,0.0,16.11
2021-09-29,0.0,18.29
2021-09-30,0.0,19.65
2021-10-01,0.0,21.7
2021-10-02,0.0,23.42
2021-10-03,0.0,24.11
2021-10-04,0.0,23.17
2021-10-05,2.87,18.62
2021-10-06,0.05,18.98
2021-10-07,0.47,15.85
2021-10-08,3.11,14.01
2021-10-09,0.08,14.79
2021-10-10,0.0,16.4
2021-10-11,0.63,12.08
2021-10-12,0.0,9.82
2021-10-13,0.0,12.83
2021-10-14,0.0,15.82
2021-10-15,0.0,14.92
2021-10-16,0.0,17.53
2021-10-17,0.0,16.16
2021-10-18,0.12,9.81
2021-10-19,0.0,11.96
2021-10-20,0.0,15.93
2021-10-21,0.0,18.41
2021-10-22,0.0,15.75
2021-10-23,0.06,13.01
2021-10-24,0.0,13.84
2021-10-25,6.0,10.27
2021-10-26,0.0,11.53
2021-10-27,0.0,15.9
2021-10-28,0.0,18.51
2021-10-29,0.0,19.38
2021-10-30,0.0,17.43
2021-10-31,0.0,14.05
2021-11-01,0.0,13.57
2021-11-02,0.0,16.17
2021-11-03,0.0,19.26
2021-11-04,0.0,20.37
2021-11-05,0.0,19.97
2021-11-06,0.0,17.38
2021-11-07,0.0,15.34
2021-11-08,0.0,13.85
2021-11-09,0.0,13.25
2021-11-10,0.0,16.13
2021-11-11,0.0,16.98
2021-11-12,0.0,18.28
2021-11-13,0.0,19.5
2021-11-14,0.0,20.45
2021-11-15,0.0,20.06
2021-11-16,0.0,15.38
2021-11-17,0.0,16.07
2021-11-18,0.0,16.5
2021-11-19,0.0,15.99
2021-11-20,0.0,15.36
2021-11-21,0.0,14.04
2021-11-22,0.0,15.08
2021-11-23,0.0,13.63
2021-11-24,0.0,11.16
2021-11-25,0.0,8.77
2021-11-26,0.0,12.01
2021-11-27,0.0,15.68
2021-11-28,0.0,17.62
2021-11-29,0.0,17.67
2021-11-30,0.0,16.37
2021-12-01,0.0,16.32
2021-12-02,0.01,16.98
2021-12-03,0.0,16.05
2021-12-04,0.0,15.19
2021-12-05,0.0,13.87
2021-12-06,0.0,13.64
2021-12-07,0.33,8.7
2021-12-08,0.02,10.61
2021-12-09,3.61,7.45
2021-12-10,0.0,4.7
2021-12-11,0.0,6.3
2021-12-12,0.0,7.83
2021-12-13,0.46,6.93
2021-12-14,28.04,5.67
2021-12-15,0.05,3.73
2021-12-16,0.1,4.88
2021-12-17,0.02,5.51
2021-12-18,0.0,6.44
2021-12-19,0.0,8.66
2021-12-20,0.0,9.34
2021-12-21,0.0,10.97
2021-12-22,0.1,12.0
2021-12-23,25.64,9.34
2021-12-24,16.84,8.09
2021-12-25,4.26,6.31
2021-12-26,2.49,5.23
2021-12-27,3.47,4.08
2021-12-28,1.06,3.27
2021-12-29,2.81,4.35
2021-12-30,5.26,6.73
2021-12-31,0.21,6.58
2022-01-01,0.0,2.47
2022-01-02,0.0,2.94
2022-01-03,0.0,6.76
2022-01-04,0.0,7.96
2022-01-05,0.0,11.17
2022-01-06,0.0,13.46
2022-01-07,0.0,9.84
2022-01-08,0.0,8.69
2022-01-09,0.0,7.22
2022-01-10,0.0,7.2
2022-01-11,0.0,8.63
2022-01-12,0.0,11.04
2022-01-13,0.04,12.89
2022-01-14,0.0,11.73
2022-01-15,0.02,9.85
2022-01-16,0.01,12.22
2022-01-17,1.4,10.93
2022-01-18,0.49,9.59
2022-01-19,0.01,10.34
2022-01-20,0.0,9.98
2022-01-21,0.0,9.89
2022-01-22,0.0,7.24
2022-01-23,0.05,8.9
2022-01-24,0.0,10.85
2022-01-25,0.0,8.38
2022-01-26,0.0,6.91
2022-01-27,0.0,6.7
2022-01-28,0.0,5.95
2022-01-29,0.0,7.87
2022-01-30,0.0,10.07
2022-01-31,0.0,9.4
2022-02-01,0.0,7.85
2022-02-02,0.0,2.83
2022-02-03,0.0,4.01
2022-02-04,0.0,4.82
2022-02-05,0.0,7.22
2022-02-06,0.0,8.51
2022-02-07,0.0,10.27
2022-02-08,0.0,11.33
2022-02-09,0.0,11.85
2022-02-10,0.0,13.22
2022-02-11,0.0,14.8
2022-02-12,0.0,14.46
2022-02-13,0.0,16.09
2022-02-14,0.0,14.52
2022-02-15,1.86,5.89
2022-02-16,0.08,6.52
2022-02-17,0.04,7.45
2022-02-18,0.0,10.09
2022-02-19,0.0,13.05
2022-02-20,0.0,12.31
2022-02-21,0.06,6.23
2022-02-22,2.44,4.95
2022-02-23,1.79,2.28
2022-02-24,0.0,3.14
2022-02-25,0.02,5.89
2022-02-26,0.0,6.23
2022-02-27,0.0,9.02
2022-02-28,0.0,11.79
2022-03-01,0.0,15.45
2022-03-02,0.0,17.39
2022-03-03,0.35,13.46
2022-03-04,2.47,7.84
2022-03-05,1.79,5.22
2022-03-06,0.01,5.56
2022-03-07,0.0,5.83
2022-03-08,0.0,8.0
2022-03-09,0.0,9.5
2022-03-10,0.0,7.92
2022-03-11,0.0,8.47
2022-03-12,0.0,12.03
2022-03-13,0.0,11.25
2022-03-14,0.0,15.03
2022-03-15,0.0,16.84
2022-03-16,0.0,14.09
2022-03-17,0.0,14.21
2022-03-18,0.0,16.74
2022-03-19,0.4,13.02
2022-03-20,0.6,10.96
2022-03-21,0.0,13.06
2022-03-22,0.0,16.36
2022-03-23,0.0,17.1
2022-03-24,0.0,19.94
2022-03-25,0.0,21.17
2022-03-26,0.0,19.27
2022-03-27,0.0,14.14
2022-03-28,8.56,9.1
2022-03-29,0.82,10.45
2022-03-30,0.07,13.64
2022-03-31,0.01,13.03
2022-04-01,0.0,16.15
2022-04-02,0.0,15.59
2022-04-03,0.05,14.48
2022-04-04,0.02,16.67
2022-04-05,0.0,20.07
2022-04-06,0.0,19.61
2022-04-07,0.0,19.72
2022-04-08,0.0,22.42
2022-04-09,0.0,19.97
2022-04-10,0.04,14.63
2022-04-11,0.19,11.38
2022-04-12,0.01,9.34
2022-04-13,0.07,10.55
2022-04-14,0.0,11.94
2022-04-15,0.0,12.66
2022-04-16,0.0,11.84
2022-04-17,0.0,16.0
2022-04-18,0.0,18.21
2022-04-19,0.0,15.38
2022-04-20,0.0,12.36
2022-04-21,1.05,11.8
2022-04-22,2.98,10.13
2022-04-23,0.0,13.63
2022-04-24,0.0,15.88
2022-04-25,0.0,18.59
2022-04-26,0.0,18.53
2022-04-27,0.0,14.37
2022-04-28,0.0,12.34
2022-04-29,0.0,17.25
2022-04-30,0.0,19.5
2022-05-01,0.0,15.31
2022-05-02,0.0,16.35
2022-05-03,0.0,16.87
2022-05-04,0.0,19.85
2022-05-05,0.0,20.72
2022-05-06,0.0,20.18
2022-05-07,0.02,17.88
2022-05-08,0.03,11.99
2022-05-09,0.0,11.05
2022-05-10,0.0,11.12
2022-05-11,0.0,10.15
2022-05-12,0.0,15.89
2022-05-13,0.0,21.95
2022-05-14,0.0,24.78
2022-05-15,0.0,23.62
2022-05-16,0.0,19.83
2022-05-17,0.0,18.27
2022-05-18,0.0,22.72
2022-05-19,0.01,20.88
2022-05-20,0.13,16.31
2022-05-21,0.02,17.12
2022-05-22,0.0,18.81
2022-05-23,0.0,21.11
2022-05-24,0.0,24.77
2022-05-25,0.0,25.9
2022-05-26,0.0,22.5
2022-05-27,0.0,19.68
2022-05-28,0.0,15.12
2022-05-29,0.0,16.39
2022-05-30,0.0,17.76
2022-05-31,0.0,19.99
2022-06-01,0.0,23.4
2022-06-02,0.0,24.21
2022-06-03,0.0,20.5
2022-06-04,0.0,18.7
2022-06-05,0.0,20.93
2022-06-06,0.0,23.18
2022-06-07,0.0,25.02
2022-06-08,0.0,27.42
2022-06-09,0.0,29.32
2022-06-10,0.0,30.0
2022-06-11,0.0,28.63
2022-06-12,0.0,24.3
2022-06-13,0.0,19.72
2022-06-14,0.0,23.23
2022-06-15,0.0,27.15
2022-06-16,0.0,26.76
2022-06-17,0.0,19.53
2022-06-18,0.0,16.79
2022-06-19,0.0,19.59
2022-06-20,0.0,24.67
2022-06-21,0.0,26.91
2022-06-22,1.09,26.87
2022-06-23,0.0,27.06
2022-06-24,0.0,26.73
2022-06-25,0.0,27.0
2022-06-26,0.0,29.52
2022-06-27,0.0,30.12
2022-06-28,0.0,30.07
2022-06-29,0.0,28.01
2022-06-30,0.0,26.17
2022-07-01,0.0,25.33
2022-07-02,0.0,23.07
2022-07-03,0.0,20.42
2022-07-04,0.0,20.82
2022-07-05,0.0,22.4
2022-07-06,0.0,22.86
2022-07-07,0.0,25.61
2022-07-08,0.0,26.08
2022-07-09,0.0,26.44
2022-07-10,0.0,28.34
2022-07-11,0.0,28.76
2022-07-12,0.0,27.48
2022-07-13,0.0,29.48
2022-07-14,0.0,29.78
2022-07-15,0.07,31.14
2022-07-16,0.01,31.66
2022-07-17,0.0,30.46
2022-07-18,0.13,29.23
2022-07-19,0.0,29.32
2022-07-20,0.0,28.44
2022-07-21,0.0,29.31
2022-07-22,0.0,28.29
2022-07-23,0.0,28.75
2022-07-24,0.0,28.53
2022-07-25,2.04,26.9
2022-07-26,0.26,27.2
2022-07-27,0.0,26.69
2022-07-28,0.0,28.5
2022-07-29,0.83,27.67
2022-07-30,1.46,25.44
2022-07-31,2.46,24.69
2022-08-01,2.11,26.31
2022-08-02,0.0,26.32
2022-08-03,0.04,26.02
2022-08-04,0.91,24.71
2022-08-05,0.43,25.87
2022-08-06,0.0,28.4
2022-08-07,0.03,29.8
2022-08-08,2.11,29.2
2022-08-09,0.09,27.38
2022-08-10,0.0,27.96
2022-08-11,0.0,28.77
2022-08-12,1.89,29.86
2022-08-13,2.72,27.6
2022-08-14,0.11,28.85
2022-08-15,0.05,29.03
2022-08-16,2.46,28.75
2022-08-17,0.0,26.9
2022-08-18,0.0,27.95
2022-08-19,0.03,29.32
2022-08-20,0.14,27.93
2022-08-21,0.17,25.74
2022-08-22,0.0,28.59
2022-08-23,0.04,30.6
2022-08-24,2.08,28.62
2022-08-25,0.21,27.44
2022-08-26,0.09,27.56
2022-08-27,0.0,25.9
2022-08-28,0.0,25.19
2022-08-29,0.0,28.02
2022-08-30,0.0,30.55
2022-08-31,0.0,33.17
2022-09-01,0.0,33.16
2022-09-02,0.0,31.65
2022-09-03,0.06,32.16
2022-09-04,0.04,31.64
2022-09-05,0.02,32.33
2022-09-06,0.0,32.82
2022-09-07,0.0,30.94
2022-09-08,0.28,29.47
2022-09-09,9.18,23.26
2022-09-10,1.75,23.07
2022-09-11,2.8,23.97
2022-09-12,2.2,22.32
2022-09-13,0.08,21.33
2022-09-14,0.01,20.05
2022-09-15,0.0,18.95
2022-09-16,0.0,19.84
2022-09-17,0.0,18.15
2022-09-18,0.0,16.63
2022-09-19,0.0,17.85
2022-09-20,0.0,18.79
2022-09-21,0.0,18.36
2022-09-22,0.0,21.22
2022-09-23,0.0,25.0
2022-09-24,0.29,25.89
2022-09-25,0.22,27.68
2022-09-26,0.0,28.86
2022-09-27,0.0,28.15
2022-09-28,0.48,28.34
2022-09-29,0.01,25.83
2022-09-30,0.02,22.65
2022-10-01,0.0,21.03
2022-10-02,0.0,22.69
2022-10-03,0.03,24.1
2022-10-04,0.01,25.25
2022-10-05,0.0,25.68
2022-10-06,0.0,25.35
2022-10-07,0.03,23.82
2022-10-08,0.32,23.69
2022-10-09,0.06,23.41
2022-10-10,1.15,22.94
2022-10-11,1.48,21.35
2022-10-12,0.91,21.36
2022-10-13,0.01,22.45
2022-10-14,0.05,21.7
2022-10-15,6.41,18.01
2022-10-16,1.83,18.21
2022-10-17,0.0,20.37
2022-10-18,0.0,20.86
2022-10-19,0.0,21.5
2022-10-20,0.0,21.97
2022-10-21,0.0,20.32
2022-10-22,0.66,13.57
2022-10-23,0.27,12.66
2022-10-24,0.0,12.09
2022-10-25,0.0,15.18
2022-10-26,0.0,13.53
2022-10-27,0.0,13.41
2022-10-28,0.0,14.84
2022-10-29,0.0,16.35
2022-10-30,0.0,17.06
2022-10-31,0.0,17.56
2022-11-01,0.05,14.14
2022-11-02,1.74,10.02
2022-11-03,0.33,6.92
2022-11-04,0.0,9.75
2022-11-05,0.02,12.3
2022-11-06,0.01,11.85
2022-11-07,2.84,11.96
2022-11-08,28.95,10.53
2022-11-09,3.12,7.52
2022-11-10,0.0,7.42
2022-11-11,0.0,7.68
2022-11-12,0.0,8.27
2022-11-13,0.0,7.04
2022-11-14,0.0,8.2
2022-11-15,0.0,7.85
2022-11-16,0.0,7.23
2022-11-17,0.0,10.36
2022-11-18,0.0,10.42
2022-11-19,0.0,6.88
2022-11-20,0.0,9.24
2022-11-21,0.0,10.13
2022-11-22,0.0,11.55
2022-11-23,0.0,11.62
2022-11-24,0.0,9.39
2022-11-25,0.0,11.19
2022-11-26,0.0,11.75
2022-11-27,0.0,10.44
2022-11-28,0.0,8.5
2022-11-29,0.0,8.66
2022-11-30,0.0,8.04
2022-12-01,0.02,6.14
2022-12-02,0.14,8.72
2022-12-03,0.0,10.87
2022-12-04,0.1,10.59
2022-12-05,0.05,8.26
2022-12-06,0.04,6.67
2022-12-07,0.05,5.82
2022-12-08,0.0,6.46
2022-12-09,0.0,7.72
2022-12-10,0.09,7.47
2022-12-11,12.44,5.77
2022-12-12,2.62,2.25
2022-12-13,0.37,3.73
2022-12-14,0.0,5.05
2022-12-15,0.0,7.18
2022-12-16,0.03,5.27
2022-12-17,0.0,5.13
2022-12-18,0.0,6.91
2022-12-19,0.0,7.39
2022-12-20,0.0,9.15
2022-12-21,0.0,10.18
2022-12-22,0.0,12.09
2022-12-23,0.0,11.71
2022-12-24,0.0,11.94
2022-12-25,0.0,14.48
2022-12-26,0.0,15.54
2022-12-27,4.24,10.4
2022-12-28,1.44,8.35
2022-12-29,0.36,6.8
2022-12-30,0.41,8.1
2022-12-31,11.03,9.16
2023-01-01,13.34,6.48
2023-01-02,0.39,4.56
2023-01-03,4.2,6.98
2023-01-04,1.34,9.07
2023-01-05,11.77,7.01
2023-01-06,0.11,7.49
2023-01-07,0.0,8.66
2023-01-08,0.0,9.9
2023-01-09,4.59,8.85
2023-01-10,12.55,8.14
2023-01-11,0.4,6.8
2023-01-12,0.0,8.17
2023-01-13,0.0,10.5
2023-01-14,24.56,7.95
2023-01-15,7.76,6.03
2023-01-16,16.63,6.75
2023-01-17,0.86,4.1
2023-01-18,0.04,4.8
2023-01-19,0.49,4.81
2023-01-20,0.0,2.42
2023-01-21,0.01,4.66
2023-01-22,0.0,4.62
2023-01-23,0.0,2.43
2023-01-24,0.0,5.45
2023-01-25,0.0,6.74
2023-01-26,0.0,5.34
2023-01-27,0.0,8.47
2023-01-28,0.01,6.69
2023-01-29,1.58,5.2
2023-01-30,1.77,4.65
2023-01-31,0.0,2.44
2023-02-01,0.02,5.11
2023-02-02,0.0,8.37
2023-02-03,0.0,10.21
2023-02-04,0.0,10.93
2023-02-05,0.57,7.61
2023-02-06,0.01,5.62
2023-02-07,0.0,6.97
2023-02-08,0.0,10.96
2023-02-09,0.0,8.85
2023-02-10,0.0,8.28
2023-02-11,0.0,7.29
2023-02-12,0.54,5.96
2023-02-13,0.42,6.81
2023-02-14,1.37,4.04
2023-02-15,0.0,1.64
2023-02-16,1.39,2.79
2023-02-17,0.0,3.82
2023-02-18,0.0,7.91
2023-02-19,0.0,9.09
2023-02-20,0.0,11.58
2023-02-21,1.48,8.95
2023-02-22,0.49,1.45
2023-02-23,6.53,2.04
2023-02-24,8.93,4.38
2023-02-25,21.16,3.48
2023-02-26,1.18,2.7
2023-02-27,3.02,4.17
2023-02-28,4.25,4.87
2023-03-01,14.24,2.57
2023-03-02,0.14,5.1
2023-03-03,0.59,7.1
2023-03-04,0.0,5.64
2023-03-05,0.16,4.41
2023-03-06,0.12,6.03
2023-03-07,0.02,6.1
2023-03-08,0.0,5.49
2023-03-09,0.0,10.09
2023-03-10,9.17,8.69
2023-03-11,2.14,11.17
2023-03-12,0.05,11.82
2023-03-13,0.01,11.58
2023-03-14,9.47,9.86
2023-03-15,15.39,10.02
2023-03-16,0.14,9.87
2023-03-17,0.0,10.95
2023-03-18,0.0,11.12
2023-03-19,1.83,10.4
2023-03-20,1.14,9.04
2023-03-21,26.09,5.66
2023-03-22,4.92,5.42
2023-03-23,1.56,6.45
2023-03-24,0.03,7.12
2023-03-25,0.0,7.25
2023-03-26,0.0,6.89
2023-03-27,0.0,7.03
2023-03-28,0.0,9.88
2023-03-29,4.97,4.97
2023-03-30,3.6,4.6
2023-03-31,0.23,8.13
2023-04-01,0.06,11.49
2023-04-02,0.0,9.66
2023-04-03,0.12,5.84
2023-04-04,0.0,4.93
2023-04-05,0.0,8.62
2023-04-06,0.0,10.96
2023-04-07,0.0,12.69
2023-04-08,0.0,12.96
2023-04-09,0.0,18.42
2023-04-10,0.0,19.54
2023-04-11,0.0,17.89
2023-04-12,0.16,12.12
2023-04-13,0.52,9.0
2023-04-14,0.05,10.83
2023-04-15,0.0,14.82
2023-04-16,0.0,15.33
2023-04-17,0.01,11.99
2023-04-18,0.01,9.94
2023-04-19,0.0,11.07
2023-04-20,0.0,16.06
2023-04-21,0.0,19.99
2023-04-22,0.0,20.62
2023-04-23,0.0,18.72
2023-04-24,0.0,16.74
2023-04-25,0.0,17.15
2023-04-26,0.0,19.35
2023-04-27,0.0,20.56
2023-04-28,0.0,22.46
2023-04-29,0.0,22.97
2023-04-30,0.01,18.47
2023-05-01,0.1,10.04
2023-05-02,0.05,9.34
2023-05-03,0.16,9.15
2023-05-04,4.81,8.46
2023-05-05,1.01,9.85
2023-05-06,0.01,10.71
2023-05-07,0.0,12.6
2023-05-08,0.0,13.81
2023-05-09,0.15,11.49
2023-05-10,0.27,10.29
2023-05-11,0.0,15.27
2023-05-12,0.0,19.82
2023-05-13,0.0,22.38
2023-05-14,0.0,22.57
2023-05-15,0.0,22.52
2023-05-16,0.0,23.13
2023-05-17,0.02,23.58
2023-05-18,0.0,22.52
2023-05-19,0.08,21.18
2023-05-20,0.92,20.04
2023-05-21,1.55,21.86
2023-05-22,0.76,20.91
2023-05-23,0.04,18.25
2023-05-24,0.02,15.1
2023-05-25,0.02,13.66
2023-05-26,0.01,13.48
2023-05-27,0.0,17.17
2023-05-28,0.01,16.84
2023-05-29,0.03,15.36
2023-05-30,0.12,14.19
2023-05-31,0.19,13.73
2023-06-01,0.03,15.62
2023-06-02,0.01,17.37
2023-06-03,0.0,20.04
2023-06-04,0.0,20.9
2023-06-05,0.0,17.15
2023-06-06,0.0,13.59
2023-06-07,0.01,14.68
2023-06-08,0.0,17.07
2023-06-09,0.0,17.83
2023-06-10,0.09,16.71
2023-06-11,1.04,12.88
2023-06-12,0.19,15.87
2023-06-13,0.01,18.42
2023-06-14,0.0,18.75
2023-06-15,0.01,18.45
2023-06-16,0.07,20.67
2023-06-17,0.02,23.74
2023-06-18,0.0,19.7
2023-06-19,0.0,16.68
2023-06-20,0.0,18.44
2023-06-21,0.0,18.65
2023-06-22,0.0,15.43
2023-06-23,0.0,15.75
2023-06-24,0.0,18.26
2023-06-25,0.0,17.75
2023-06-26,0.0,18.54
2023-06-27,0.0,19.87
2023-06-28,0.0,18.8
2023-06-29,0.0,23.72
2023-06-30,0.0,28.93
2023-07-01,0.0,29.65
2023-07-02,0.0,29.14
2023-07-03,0.0,27.59
2023-07-04,0.0,23.19
2023-07-05,0.0,22.6
2023-07-06,0.0,22.17
2023-07-07,0.0,21.31
2023-07-08,0.0,23.06
2023-07-09,0.0,22.77
2023-07-10,0.0,25.62
2023-07-11,0.0,27.36
2023-07-12,0.0,26.12
2023-07-13,0.0,26.82
2023-07-14,0.0,29.33
2023-07-15,0.0,32.62
2023-07-16,0.0,32.33
2023-07-17,0.0,29.93
2023-07-18,0.0,29.07
2023-07-19,0.0,29.07
2023-07-20,0.0,30.21
2023-07-21,0.0,30.61
2023-07-22,0.0,31.43
2023-07-23,0.02,30.13
2023-07-24,0.0,30.38
2023-07-25,0.0,31.28
2023-07-26,0.0,30.42
2023-07-27,0.0,30.48
2023-07-28,0.0,30.8
2023-07-29,0.0,30.78
2023-07-30,0.0,29.46
2023-07-31,0.47,27.67
2023-08-01,0.28,26.39
2023-08-02,0.01,26.49
2023-08-03,0.0,24.63
2023-08-04,0.0,25.96
2023-08-05,0.0,28.14
2023-08-06,0.0,27.96
2023-08-07,0.0,26.03
2023-08-08,0.0,23.81
2023-08-09,0.03,23.56
2023-08-10,0.24,22.76
2023-08-11,0.17,23.2
2023-08-12,0.0,24.95
2023-08-13,0.02,27.38
2023-08-14,0.18,29.38
2023-08-15,0.19,30.09
2023-08-16,0.47,29.98
2023-08-17,0.0,29.61
2023-08-18,0.49,28.42
2023-08-19,3.28,25.23
2023-08-20,67.02,20.27
2023-08-21,1.16,20.08
2023-08-22,0.01,23.02
2023-08-23,0.0,25.52
2023-08-24,0.04,25.66
2023-08-25,0.0,26.18
2023-08-26,0.0,27.21
2023-08-27,0.0,29.3
2023-08-28,0.0,30.07
2023-08-29,0.0,30.53
2023-08-30,0.0,29.97
2023-08-31,0.0,27.2
2023-09-01,6.68,22.51
2023-09-02,2.03,21.4
2023-09-03,0.18,19.33
2023-09-04,0.01,19.87
2023-09-05,0.0,21.79
2023-09-06,0.0,22.16
2023-09-07,0.0,24.97
2023-09-08,0.0,27.02
2023-09-09,0.0,27.82
2023-09-10,0.36,27.23
2023-09-11,0.02,25.28
2023-09-12,0.0,23.59
2023-09-13,0.0,21.14
2023-09-14,0.0,22.94
2023-09-15,0.0,24.43
2023-09-16,0.02,23.8
2023-09-17,0.02,21.03
2023-09-18,0.0,18.53
2023-09-19,0.0,19.03
2023-09-20,0.0,16.71
2023-09-21,0.01,16.02
2023-09-22,0.0,16.54
2023-09-23,0.0,18.88
2023-09-24,0.0,21.21
2023-09-25,0.0,20.63
2023-09-26,0.0,21.62
2023-09-27,0.0,22.04
2023-09-28,0.0,19.94
2023-09-29,0.0,17.04
2023-09-30,0.89,13.06
2023-10-01,0.14,12.21
2023-10-02,0.0,14.85
2023-10-03,0.0,18.44
2023-10-04,0.0,20.41
2023-10-05,0.0,22.8
2023-10-06,0.0,24.36
2023-10-07,0.0,25.85
2023-10-08,0.0,25.82
2023-10-09,0.0,22.47
2023-10-10,0.06,17.51
2023-10-11,0.06,16.09
2023-10-12,0.0,15.92
2023-10-13,0.0,18.46
2023-10-14,0.0,20.61
2023-10-15,0.0,22.58
2023-10-16,0.0,23.87
2023-10-17,0.0,23.98
2023-10-18,0.0,24.9
2023-10-19,0.0,25.82
2023-10-20,0.0,25.83
2023-10-21,0.0,21.92
2023-10-22,0.09,16.17
2023-10-23,0.13,15.33
2023-10-24,0.01,16.66
2023-10-25,0.03,13.98
2023-10-26,0.01,15.06
2023-10-27,0.0,13.83
2023-10-28,0.0,13.06
2023-10-29,0.0,11.02
2023-10-30,0.0,11.74
2023-10-31,0.0,14.15
2023-11-01,0.0,16.72
2023-11-02,0.0,18.94
2023-11-03,0.0,19.6
2023-11-04,0.0,20.26
2023-11-05,0.0,19.33
2023-11-06,0.0,16.23
2023-11-07,0.0,12.36
2023-11-08,0.0,10.5
2023-11-09,0.0,10.51
2023-11-10,0.0,12.51
2023-11-11,0.0,13.7
2023-11-12,0.0,14.83
2023-11-13,0.0,14.62
2023-11-14,0.0,16.37
2023-11-15,10.89,14.56
2023-11-16,1.32,13.09
2023-11-17,0.28,12.79
2023-11-18,0.35,11.82
2023-11-19,0.09,11.9
2023-11-20,0.0,9.6
2023-11-21,0.0,11.19
2023-11-22,0.0,13.56
2023-11-23,0.0,12.52
2023-11-24,0.39,10.15
2023-11-25,0.0,7.29
2023-11-26,0.0,6.34
2023-11-27,0.0,9.11
2023-11-28,0.0,11.01
2023-11-29,0.38,8.59
2023-11-30,0.89,8.14
2023-12-01,0.07,8.4
2023-12-02,0.05,9.28
2023-12-03,0.0,11.21
2023-12-04,0.0,13.32
2023-12-05,0.0,14.62
2023-12-06,0.0,14.22
2023-12-07,0.0,9.37
2023-12-08,0.0,7.9
2023-12-09,0.0,6.81
2023-12-10,0.0,10.49
2023-12-11,0.0,13.4
2023-12-12,0.0,12.18
2023-12-13,0.0,9.09
2023-12-14,0.0,9.73
2023-12-15,0.0,10.56
2023-12-16,0.0,12.69
2023-12-17,0.0,13.29
2023-12-18,0.24,14.58
2023-12-19,0.64,11.84
2023-12-20,2.96,11.3
2023-12-21,5.13,10.98
2023-12-22,8.19,9.65
2023-12-23,0.03,9.41
2023-12-24,0.02,9.06
2023-12-25,0.0,10.47
2023-12-26,0.0,12.18
2023-12-27,0.0,12.37
2023-12-28,0.0,11.92
2023-12-29,0.0,10.0
2023-12-30,2.23,7.24
2023-12-31,0.13,7.48
2024-01-01,0.0,7.32
2024-01-02,0.0,8.18
2024-01-03,4.44,6.06
2024-01-04,0.0,5.14
2024-01-05,0.0,5.96
2024-01-06,0.24,6.18
2024-01-07,1.21,3.51
2024-01-08,0.0,2.09
2024-01-09,0.0,5.14
2024-01-10,0.11,4.95
2024-01-11,0.87,5.31
2024-01-12,0.0,5.16
2024-01-13,0.0,6.86
2024-01-14,0.0,7.32
2024-01-15,0.0,11.14
2024-01-16,0.0,11.88
2024-01-17,0.0,9.48
2024-01-18,0.0,11.07
2024-01-19,0.0,11.61
2024-01-20,6.36,9.17
2024-01-21,3.3,8.63
2024-01-22,20.02,8.95
2024-01-23,1.17,9.32
2024-01-24,0.08,8.35
2024-01-25,0.1,8.95
2024-01-26,0.0,8.67
2024-01-27,0.0,11.1
2024-01-28,0.0,13.28
2024-01-29,0.0,14.47
2024-01-30,0.0,14.57
2024-01-31,0.0,11.75
2024-02-01,14.73,7.22
2024-02-02,2.97,6.45
2024-02-03,0.85,6.67
2024-02-04,5.87,7.81
2024-02-05,34.77,8.15
2024-02-06,17.52,5.56
2024-02-07,7.5,5.33
2024-02-08,3.46,4.15
2024-02-09,1.32,5.32
2024-02-10,0.05,4.27
2024-02-11,0.0,5.73
2024-02-12,0.0,8.07
2024-02-13,0.0,8.96
2024-02-14,0.0,8.1
2024-02-15,0.0,9.37
2024-02-16,0.01,12.04
2024-02-17,0.0,11.53
2024-02-18,0.02,9.36
2024-02-19,2.99,9.08
2024-02-20,14.56,9.49
2024-02-21,5.21,8.61
2024-02-22,0.12,10.8
2024-02-23,0.0,11.63
2024-02-24,0.0,13.31
2024-02-25,0.0,12.43
2024-02-26,0.66,9.5
2024-02-27,1.26,10.63
2024-02-28,0.0,11.09
2024-02-29,0.0,8.97
2024-03-01,0.61,8.91
2024-03-02,6.6,8.58
2024-03-03,1.41,7.21
2024-03-04,0.07,8.23
2024-03-05,0.0,9.76
2024-03-06,3.62,8.46
2024-03-07,2.78,8.17
2024-03-08,0.02,10.37
2024-03-09,0.02,11.45
2024-03-10,0.0,10.9
2024-03-11,0.0,8.12
2024-03-12,0.02,9.61
2024-03-13,0.0,10.91
2024-03-14,0.2,7.04
2024-03-15,3.78,6.62
2024-03-16,2.13,7.65
2024-03-17,0.26,10.55
2024-03-18,0.9,11.99
2024-03-19,0.23,13.55
2024-03-20,0.0,14.32
2024-03-21,0.0,13.52
2024-03-22,0.0,12.9
2024-03-23,2.41,8.59
2024-03-24,1.21,6.1
2024-03-25,0.0,7.94
2024-03-26,0.01,9.99
2024-03-27,0.01,11.39
2024-03-28,0.0,10.69
2024-03-29,0.25,7.87
2024-03-30,16.48,6.68
2024-03-31,7.69,6.52
2024-04-01,0.32,9.8
2024-04-02,0.0,13.41
2024-04-03,0.0,14.79
2024-04-04,0.44,8.58
2024-04-05,2.39,3.69
2024-04-06,0.02,7.25
2024-04-07,0.0,8.51
2024-04-08,0.0,9.53
2024-04-09,0.0,13.57
2024-04-10,0.0,18.48
2024-04-11,0.0,19.32
2024-04-12,0.0,14.84
2024-04-13,2.12,9.69
2024-04-14,1.68,7.57
2024-04-15,0.05,12.04
2024-04-16,0.0,17.12
2024-04-17,0.0,17.72
2024-04-18,0.0,16.24
2024-04-19,0.0,14.71
2024-04-20,0.0,18.1
2024-04-21,0.0,21.92
2024-04-22,0.01,18.46
2024-04-23,0.01,12.55
2024-04-24,0.0,11.85
2024-04-25,0.08,10.62
2024-04-26,0.83,11.03
2024-04-27,0.01,12.9
2024-04-28,0.0,15.8
2024-04-29,0.0,17.29
2024-04-30,0.0,17.68
2024-05-01,0.0,16.54
2024-05-02,0.0,17.37
2024-05-03,0.0,16.44
2024-05-04,0.23,12.5
2024-05-05,1.73,10.71
2024-05-06,0.03,13.98
2024-05-07,0.0,15.28
2024-05-08,0.0,15.41
2024-05-09,0.0,16.75
2024-05-10,0.0,19.09
2024-05-11,0.01,19.18
2024-05-12,0.0,20.27
2024-05-13,0.0,18.7
2024-05-14,0.0,18.36
2024-05-15,0.05,17.67
2024-05-16,0.03,18.88
2024-05-17,0.02,17.48
2024-05-18,0.01,16.19
2024-05-19,0.0,14.52
2024-05-20,0.0,13.45
2024-05-21,0.0,16.96
2024-05-22,0.0,16.48
2024-05-23,0.0,15.23
2024-05-24,0.0,13.83
2024-05-25,0.0,12.98
2024-05-26,0.0,16.31
2024-05-27,0.0,18.5
2024-05-28,0.01,18.18
2024-05-29,0.0,19.05
2024-05-30,0.0,22.21
2024-05-31,0.0,22.21
2024-06-01,0.0,19.72
2024-06-02,0.1,18.43
2024-06-03,0.0,21.25
2024-06-04,0.0,24.6
2024-06-05,0.0,28.01
2024-06-06,0.0,26.92
2024-06-07,0.0,23.09
2024-06-08,0.0,20.19
2024-06-09,0.0,19.41
2024-06-10,0.0,23.62
2024-06-11,0.0,26.43
2024-06-12,0.0,24.25
2024-06-13,0.0,22.01
2024-06-14,0.0,25.83
2024-06-15,0.0,26.39
2024-06-16,0.0,21.46
2024-06-17,0.0,19.36
2024-06-18,0.0,21.36
2024-06-19,0.0,21.28
2024-06-20,0.0,22.76
2024-06-21,0.0,25.79
2024-06-22,0.0,29.15
2024-06-23,0.0,29.09
2024-06-24,0.16,28.08
2024-06-25,0.0,27.5
2024-06-26,0.0,26.57
2024-06-27,0.0,25.41
2024-06-28,0.0,23.45
2024-06-29,0.0,25.28
2024-06-30,0.0,27.55
2024-07-01,0.0,26.45
2024-07-02,0.0,28.36
2024-07-03,0.0,30.77
2024-07-04,0.0,30.97
2024-07-05,0.0,34.06
2024-07-06,0.0,33.57
2024-07-07,0.0,29.07
2024-07-08,0.0,29.98
2024-07-09,0.0,31.18
2024-07-10,0.0,32.05
2024-07-11,0.0,32.57
2024-07-12,0.01,32.17
2024-07-13,0.06,30.23
2024-07-14,0.79,28.22
2024-07-15,0.58,28.31
2024-07-16,0.0,27.01
2024-07-17,0.01,28.86
2024-07-18,0.02,30.16
2024-07-19,0.0,30.42
2024-07-20,0.0,31.21
2024-07-21,0.0,31.08
2024-07-22,0.06,30.84
2024-07-23,0.07,32.06
2024-07-24,0.02,31.98
2024-07-25,0.26,32.25
2024-07-26,0.0,29.53
2024-07-27,0.0,25.3
2024-07-28,0.0,23.7
2024-07-29,0.0,24.24
2024-07-30,0.0,25.02
2024-07-31,0.0,28.23
2024-08-01,0.06,29.62
2024-08-02,0.7,30.36
2024-08-03,0.0,30.43
2024-08-04,0.0,30.89
2024-08-05,0.0,32.46
2024-08-06,0.0,32.86
2024-08-07,0.0,29.03
2024-08-08,0.0,28.67
2024-08-09,0.0,30.23
2024-08-10,0.39,31.14
2024-08-11,0.19,29.12
2024-08-12,0.0,27.01
2024-08-13,0.0,26.07
2024-08-14,0.0,25.74
2024-08-15,0.0,26.7
2024-08-16,0.0,27.57
2024-08-17,0.0,25.84
2024-08-18,0.0,26.69
2024-08-19,0.0,28.76
2024-08-20,0.0,29.37
2024-08-21,0.0,28.21
2024-08-22,0.0,23.94
2024-08-23,0.0,20.1
2024-08-24,0.0,19.0
2024-08-25,0.0,21.14
2024-08-26,0.0,24.87
2024-08-27,0.0,26.93
2024-08-28,0.0,25.25
2024-08-29,0.0,25.84
2024-08-30,0.0,28.4
2024-08-31,0.03,29.69
2024-09-01,0.0,29.91
2024-09-02,0.0,29.92
2024-09-03,0.0,30.11
2024-09-04,0.0,31.5
2024-09-05,0.0,33.6
2024-09-06,0.0,33.77
2024-09-07,0.25,32.03
2024-09-08,0.54,28.99
2024-09-09,0.0,30.88
2024-09-10,0.0,27.9
2024-09-11,0.0,21.33
2024-09-12,0.0,20.31
2024-09-13,0.0,22.24
2024-09-14,0.0,21.87
2024-09-15,0.01,17.48
2024-09-16,0.01,14.41
2024-09-17,0.0,15.83
2024-09-18,0.0,17.33
2024-09-19,0.01,17.16
2024-09-20,2.69,16.74
2024-09-21,0.06,20.49
2024-09-22,0.0,25.2
2024-09-23,0.01,27.7
2024-09-24,0.0,27.56
2024-09-25,0.0,24.85
2024-09-26,0.0,24.94
2024-09-27,0.0,26.49
2024-09-28,0.0,25.32
2024-09-29,0.0,23.66
2024-09-30,0.0,28.17
2024-10-01,0.0,30.8
2024-10-02,0.0,30.9
2024-10-03,0.0,30.14
2024-10-04,0.0,29.9
2024-10-05,0.0,30.56
2024-10-06,0.0,30.06
2024-10-07,0.0,28.39
2024-10-08,0.0,25.6
2024-10-09,0.0,25.09
2024-10-10,0.0,24.31
2024-10-11,0.0,22.59
2024-10-12,0.0,21.39
2024-10-13,0.0,20.21
2024-10-14,0.0,19.96
2024-10-15,0.0,21.56
2024-10-16,0.0,18.75
2024-10-17,0.0,15.25
2024-10-18,0.0,12.68
2024-10-19,0.0,15.47
2024-10-20,0.0,18.93
2024-10-21,0.0,20.62
2024-10-22,0.0,22.19
2024-10-23,0.0,22.57
2024-10-24,0.0,21.58
2024-10-25,0.0,22.84
2024-10-26,0.0,23.53
2024-10-27,0.0,21.61
2024-10-28,1.11,14.01
2024-10-29,0.02,11.01
2024-10-30,0.0,12.23
2024-10-31,0.0,12.24
2024-11-01,0.0,13.13
2024-11-02,0.08,10.72
2024-11-03,0.02,10.55
2024-11-04,0.0,11.39
2024-11-05,0.0,13.96
2024-11-06,0.0,9.67
2024-11-07,0.0,9.1
2024-11-08,0.0,13.42
2024-11-09,0.0,15.16
2024-11-10,0.0,16.42
2024-11-11,0.0,13.51
2024-11-12,0.0,9.72
2024-11-13,0.0,13.03
2024-11-14,0.03,13.42
2024-11-15,0.97,7.82
2024-11-16,0.23,6.08
2024-11-17,0.0,7.52
2024-11-18,0.0,7.23
2024-11-19,0.0,8.52
2024-11-20,0.0,11.74
2024-11-21,0.0,15.61
2024-11-22,0.0,14.43
2024-11-23,0.35,11.07
2024-11-24,0.18,10.02
2024-11-25,0.01,12.75
2024-11-26,0.01,12.3
2024-11-27,0.0,12.48
2024-11-28,0.0,10.79
2024-11-29,0.0,9.34
2024-11-30,0.0,14.23
2024-12-01,0.0,16.1
2024-12-02,0.0,14.99
2024-12-03,0.0,14.61
2024-12-04,0.0,14.54
2024-12-05,0.0,14.55
2024-12-06,0.0,13.07
2024-12-07,0.0,14.3
2024-12-08,0.0,12.04
2024-12-09,0.0,10.35
2024-12-10,0.0,7.37
2024-12-11,0.0,9.82
2024-12-12,0.04,9.64
2024-12-13,0.0,9.07
2024-12-14,0.0,9.53
2024-12-15,0.0,9.92
2024-12-16,0.0,12.32
2024-12-17,0.0,12.8
2024-12-18,0.0,12.96
2024-12-19,0.0,15.75
2024-12-20,0.0,16.38
2024-12-21,0.0,14.48
2024-12-22,0.0,13.56
2024-12-23,0.0,15.93
2024-12-24,0.03,12.24
2024-12-25,0.0,7.83
2024-12-26,0.0,10.31
2024-12-27,0.0,9.02
2024-12-28,0.0,12.75
2024-12-29,0.0,11.3
2024-12-30,0.0,11.55
2024-12-31,0.0,11.86
2025-01-01,0.0,12.8
