date,gwl_ft_below_surface
2000-01-21,325.42
2000-01-21,325.46
2000-01-21,325.41
2000-01-21,325.36
2000-01-22,325.39
2000-01-22,325.44
2000-01-22,325.35
2000-01-22,325.38
2000-01-23,325.49
2000-01-23,325.4
2000-01-23,325.44
2000-01-23,325.43
2000-01-24,325.37
2000-01-24,325.44
2000-01-24,325.45
2000-01-24,325.49
2000-01-25,325.35
2000-01-25,325.29
2000-01-25,325.39
2000-01-25,325.42
2000-01-26,325.27
2000-01-26,325.42
2000-01-26,325.32
2000-01-26,325.32
2000-01-27,325.38
2000-01-27,325.42
2000-01-27,325.46
2000-01-27,325.42
2000-01-28,325.39
2000-01-28,325.39
2000-01-28,325.35
2000-01-28,325.43
2000-01-29,325.39
2000-01-29,325.35
2000-01-29,325.29
2000-01-29,325.35
2000-01-30,325.39
2000-01-30,325.33
2000-01-30,325.4
2000-01-30,325.43
2000-01-31,325.38
2000-01-31,325.44
2000-01-31,325.46
2000-01-31,325.42
2000-02-01,325.45
2000-02-01,325.48
2000-02-01,325.49
2000-02-01,325.54
2000-02-02,325.44
2000-02-02,325.44
2000-02-02,325.36
2000-02-02,325.5
2000-02-03,325.4
2000-02-03,325.26
2000-02-03,325.34
2000-02-03,325.34
2000-02-04,325.24
2000-02-04,325.31
2000-02-04,325.28
2000-02-04,325.27
2000-02-05,325.32
2000-02-05,325.29
2000-02-05,325.25
2000-02-05,325.35
2000-02-06,325.44
2000-02-06,325.3
2000-02-06,325.35
2000-02-06,325.37
2000-02-07,325.42
2000-02-07,325.36
2000-02-07,325.41
2000-02-07,325.46
2000-02-08,325.21
2000-02-08,325.3
2000-02-08,325.37
2000-02-08,325.34
2000-02-09,325.18
2000-02-09,325.21
2000-02-09,325.24
2000-02-09,325.13
2000-02-10,325.15
2000-02-10,325.16
2000-02-10,325.2
2000-02-10,325.05
2000-02-11,325.15
2000-02-11,325.23
2000-02-11,325.07
2000-02-11,325.2
2000-02-12,325.02
2000-02-12,325.11
2000-02-12,325.16
2000-02-12,325.12
2000-02-13,325.16
2000-02-13,325.18
2000-02-13,325.12
2000-02-13,325.21
2000-02-14,325.18
2000-02-14,325.24
2000-02-14,325.29
2000-02-14,325.25
2000-02-15,325.22
2000-02-15,325.16
2000-02-15,325.26
2000-02-15,325.23
2000-02-16,325.02
2000-02-16,325.14
2000-02-16,325.13
2000-02-16,325.18
2000-02-17,325.14
2000-02-17,325.12
2000-02-17,325.07
2000-02-17,325.2
2000-02-18,325.19
2000-02-18,325.14
2000-02-18,325.1
2000-02-18,325.15
2000-02-19,325.13
2000-02-19,325.16
2000-02-19,325.09
2000-02-19,325.0
2000-02-20,325.03
2000-02-20,324.94
2000-02-20,324.94
2000-02-20,324.9
2000-02-21,325.12
2000-02-21,324.98
2000-02-21,325.01
2000-02-21,324.91
2000-02-22,325.12
2000-02-22,325.2
2000-02-22,325.26
2000-02-22,325.25
2000-02-23,324.99
2000-02-23,324.88
2000-02-23,325.18
2000-02-23,324.99
2000-02-24,324.97
2000-02-24,324.98
2000-02-24,325.07
2000-02-24,324.91
2000-02-25,325.16
2000-02-25,325.21
2000-02-25,325.17
2000-02-25,325.07
2000-02-26,325.18
2000-02-26,325.21
2000-02-26,325.08
2000-02-26,325.17
2000-02-27,324.97
2000-02-27,324.97
2000-02-27,325.08
2000-02-27,324.88
2000-02-28,325.01
2000-02-28,324.91
2000-02-28,325.1
2000-02-28,324.99
2000-02-29,324.99
2000-02-29,324.99
2000-02-29,325.06
2000-02-29,324.96
2000-03-01,324.98
2000-03-01,324.93
2000-03-01,324.98
2000-03-01,325.03
2000-03-02,324.94
2000-03-02,325.03
2000-03-02,324.82
2000-03-02,324.94
2000-03-03,324.8
2000-03-03,324.81
2000-03-03,324.83
2000-03-03,324.75
2000-03-04,324.64
2000-03-04,324.8
2000-03-04,324.73
2000-03-04,324.73
2000-03-05,324.43
2000-03-05,324.53
2000-03-05,324.64
2000-03-05,324.42
2000-03-06,324.61
2000-03-06,324.68
2000-03-06,324.79
2000-03-06,324.69
2000-03-07,324.97
2000-03-07,324.79
2000-03-07,325.05
2000-03-07,324.98
2000-03-08,325.07
2000-03-08,324.97
2000-03-08,325.01
2000-03-08,325.02
2000-03-09,325.08
2000-03-09,325.05
2000-03-09,325.1
2000-03-09,325.13
2000-03-10,325.08
2000-03-10,325.04
2000-03-10,325.12
2000-03-10,325.1
2000-03-11,325.12
2000-03-11,325.03
2000-03-11,325.03
2000-03-11,324.88
2000-03-12,324.81
2000-03-12,324.88
2000-03-12,324.81
2000-03-12,324.76
2000-03-13,324.73
2000-03-13,324.76
2000-03-13,324.81
2000-03-13,324.78
2000-03-14,324.8
2000-03-14,324.76
2000-03-14,324.76
2000-03-14,324.67
2000-03-15,324.6
2000-03-15,324.69
2000-03-15,324.64
2000-03-15,324.65
2000-03-16,324.68
2000-03-16,324.76
2000-03-16,324.72
2000-03-16,324.71
2000-03-17,324.86
2000-03-17,324.72
2000-03-17,324.79
2000-03-17,324.8
2000-03-18,324.84
2000-03-18,324.8
2000-03-18,324.87
2000-03-18,324.89
2000-03-19,324.43
2000-03-19,324.84
2000-03-19,324.66
2000-03-19,324.66
2000-03-20,324.4
2000-03-20,324.51
2000-03-20,324.43
2000-03-20,324.35
2000-03-21,324.54
2000-03-21,324.46
2000-03-21,324.56
2000-03-21,324.68
2000-03-22,324.74
2000-03-22,324.8
2000-03-22,324.68
2000-03-22,324.73
2000-03-23,324.81
2000-03-23,324.77
2000-03-23,324.68
2000-03-23,324.76
2000-03-24,324.62
2000-03-24,324.63
2000-03-24,324.68
2000-03-24,324.56
2000-03-25,324.77
2000-03-25,324.6
2000-03-25,324.69
2000-03-25,324.7
2000-03-26,324.67
2000-03-26,324.77
2000-03-26,324.75
2000-03-26,324.79
2000-03-27,324.61
2000-03-27,324.46
2000-03-27,324.7
2000-03-27,324.61
2000-03-28,324.51
2000-03-28,324.45
2000-03-28,324.44
2000-03-28,324.4
2000-03-29,324.56
2000-03-29,324.47
2000-03-29,324.51
2000-03-29,324.55
2000-03-30,324.56
2000-03-30,324.53
2000-03-30,324.49
2000-03-30,324.54
2000-03-31,324.51
2000-03-31,324.51
2000-03-31,324.44
2000-03-31,324.56
2000-04-01,324.51
2000-04-01,324.53
2000-04-01,324.48
2000-04-01,324.56
2000-04-02,324.55
2000-04-02,324.51
2000-04-02,324.66
2000-04-02,324.56
2000-04-03,324.68
2000-04-03,324.71
2000-04-03,324.64
2000-04-03,324.71
2000-04-04,324.65
2000-04-04,324.52
2000-04-04,324.64
2000-04-04,324.7
2000-04-05,324.5
2000-04-05,324.54
2000-04-05,324.48
2000-04-05,324.43
2000-04-06,324.52
2000-04-06,324.45
2000-04-06,324.49
2000-04-06,324.52
2000-04-07,324.47
2000-04-07,324.49
2000-04-07,324.52
2000-04-07,324.53
2000-04-08,324.4
2000-04-08,324.48
2000-04-08,324.47
2000-04-08,324.5
2000-04-09,324.41
2000-04-09,324.38
2000-04-09,324.3
2000-04-09,324.35
2000-04-10,324.3
2000-04-10,324.3
2000-04-10,324.25
2000-04-10,324.37
2000-04-11,324.46
2000-04-11,324.36
2000-04-11,324.4
2000-04-11,324.43
2000-04-12,324.43
2000-04-12,324.47
2000-04-12,324.51
2000-04-12,324.51
2000-04-13,324.32
2000-04-13,324.42
2000-04-13,324.42
2000-04-13,324.47
2000-04-14,324.25
2000-04-14,324.2
2000-04-14,324.25
2000-04-14,324.34
2000-04-15,324.25
2000-04-15,324.28
2000-04-15,324.2
2000-04-15,324.32
2000-04-16,324.31
2000-04-16,324.28
2000-04-16,324.22
2000-04-16,324.33
2000-04-17,324.26
2000-04-17,324.28
2000-04-17,324.18
2000-04-17,324.33
2000-04-18,324.39
2000-04-18,324.4
2000-04-18,324.34
2000-04-18,324.27
2000-04-19,324.39
2000-04-19,324.39
2000-04-19,324.36
2000-04-19,324.32
2000-04-20,324.26
2000-04-20,324.26
2000-04-20,324.34
2000-04-20,324.17
2000-04-21,324.22
2000-04-21,324.18
2000-04-21,324.21
2000-04-21,324.1
2000-04-22,324.27
2000-04-22,324.34
2000-04-22,324.34
2000-04-22,324.22
2000-04-23,324.29
2000-04-23,324.18
2000-04-23,324.25
2000-04-23,324.28
2000-04-24,324.23
2000-04-24,324.15
2000-04-24,324.21
2000-04-24,324.19
2000-04-25,324.25
2000-04-25,324.21
2000-04-25,324.24
2000-04-25,324.19
2000-04-26,324.19
2000-04-26,324.24
2000-04-26,324.22
2000-04-26,324.25
2000-04-27,324.16
2000-04-27,324.21
2000-04-27,324.19
2000-04-27,324.22
2000-04-28,324.2
2000-04-28,324.16
2000-04-28,324.1
2000-04-28,324.2
2000-04-29,324.25
2000-04-29,324.14
2000-04-29,324.29
2000-04-29,324.23
2000-04-30,324.3
2000-04-30,324.24
2000-04-30,324.26
2000-04-30,324.31
2000-05-01,324.23
2000-05-01,324.21
2000-05-01,324.13
2000-05-01,324.24
2000-05-02,324.09
2000-05-02,324.11
2000-05-02,324.16
2000-05-02,324.05
2000-05-03,324.11
2000-05-03,324.05
2000-05-03,324.12
2000-05-03,324.09
2000-05-04,324.12
2000-05-04,324.12
2000-05-04,324.06
2000-05-04,324.09
2000-05-05,324.15
2000-05-05,324.15
2000-05-05,324.08
2000-05-05,324.1
2000-05-06,324.12
2000-05-06,324.2
2000-05-06,324.23
2000-05-06,324.18
2000-05-07,324.25
2000-05-07,324.19
2000-05-07,324.22
2000-05-07,324.26
2000-05-08,324.24
2000-05-08,324.2
2000-05-08,324.24
2000-05-08,324.16
2000-05-09,324.13
2000-05-09,324.18
2000-05-09,324.13
2000-05-09,324.06
2000-05-10,324.1
2000-05-10,324.11
2000-05-10,324.07
2000-05-10,324.03
2000-05-11,324.08
2000-05-11,324.23
2000-05-11,324.14
2000-05-11,324.16
2000-05-12,324.23
2000-05-12,324.18
2000-05-12,324.26
2000-05-12,324.26
2000-05-13,324.18
2000-05-13,324.14
2000-05-13,324.2
2000-05-13,324.23
2000-05-14,324.09
2000-05-14,324.15
2000-05-14,324.2
2000-05-14,324.19
2000-05-15,324.13
2000-05-15,324.1
2000-05-15,324.05
2000-05-15,324.15
2000-05-16,324.09
2000-05-16,324.16
2000-05-16,324.12
2000-05-16,324.14
2000-05-17,324.13
2000-05-17,324.16
2000-05-17,324.12
2000-05-17,324.06
2000-05-18,324.22
2000-05-18,324.13
2000-05-18,324.1
2000-05-18,324.16
2000-05-19,324.17
2000-05-19,324.21
2000-05-19,324.19
2000-05-19,324.11
2000-05-20,324.02
2000-05-20,324.11
2000-05-20,324.16
2000-05-20,324.1
2000-05-21,324.11
2000-05-21,324.01
2000-05-21,324.07
2000-05-21,324.1
2000-05-22,324.05
2000-05-22,324.07
2000-05-22,324.03
2000-05-22,324.07
2000-05-23,324.09
2000-05-23,324.06
2000-05-23,324.0
2000-05-23,324.08
2000-05-24,324.02
2000-05-24,323.98
2000-05-24,324.06
2000-05-24,324.07
2000-05-25,324.04
2000-05-25,324.04
2000-05-25,323.95
2000-05-25,324.0
2000-05-26,324.01
2000-05-26,323.95
2000-05-26,323.97
2000-05-26,323.93
2000-05-27,323.99
2000-05-27,324.12
2000-05-27,324.09
2000-05-27,324.07
2000-05-28,324.12
2000-05-28,324.08
2000-05-28,324.12
2000-05-28,324.07
2000-05-29,324.03
2000-05-29,323.99
2000-05-29,324.07
2000-05-29,324.05
2000-05-30,324.02
2000-05-30,323.96
2000-05-30,324.03
2000-05-30,324.0
2000-05-31,324.02
2000-05-31,324.03
2000-05-31,324.0
2000-05-31,323.96
2000-06-01,324.03
2000-06-01,324.05
2000-06-01,324.11
2000-06-01,323.97
2000-06-02,324.11
2000-06-02,324.18
2000-06-02,324.2
2000-06-02,324.22
2000-06-03,324.19
2000-06-03,324.22
2000-06-03,324.14
2000-06-03,324.22
2000-06-04,324.1
2000-06-04,324.14
2000-06-04,324.19
2000-06-04,324.17
2000-06-05,324.03
2000-06-05,324.14
2000-06-05,324.13
2000-06-05,324.11
2000-06-06,324.08
2000-06-06,324.01
2000-06-06,324.08
2000-06-06,324.05
2000-06-07,323.96
2000-06-07,324.06
2000-06-07,324.04
2000-06-07,324.04
2000-06-08,323.99
2000-06-08,323.96
2000-06-08,323.9
2000-06-08,323.97
2000-06-09,323.97
2000-06-09,323.89
2000-06-09,323.95
2000-06-09,323.92
2000-06-10,323.94
2000-06-10,323.96
2000-06-10,323.9
2000-06-10,323.97
2000-06-11,323.99
2000-06-11,323.94
2000-06-11,324.02
2000-06-11,324.04
2000-06-12,324.04
2000-06-12,323.99
2000-06-12,324.05
2000-06-12,324.01
2000-06-13,323.92
2000-06-13,323.99
2000-06-13,323.97
2000-06-13,323.96
2000-06-14,324.06
2000-06-14,323.99
2000-06-14,323.94
2000-06-14,323.97
2000-06-15,323.89
2000-06-15,324.05
2000-06-15,324.01
2000-06-15,324.01
2000-06-16,323.75
2000-06-16,323.83
2000-06-16,323.89
2000-06-16,323.83
2000-06-17,323.94
2000-06-17,323.85
2000-06-17,323.82
2000-06-17,323.86
2000-06-18,323.96
2000-06-18,324.0
2000-06-18,323.99
2000-06-18,323.92
2000-06-19,324.04
2000-06-19,324.04
2000-06-19,323.96
2000-06-19,323.99
2000-06-20,324.02
2000-06-20,324.03
2000-06-20,323.96
2000-06-20,323.99
2000-06-21,324.02
2000-06-21,323.99
2000-06-21,324.01
2000-06-21,323.94
2000-06-22,323.98
2000-06-22,324.01
2000-06-22,323.95
2000-06-22,324.0
2000-06-23,324.07
2000-06-23,323.99
2000-06-23,324.05
2000-06-23,324.11
2000-06-24,324.15
2000-06-24,324.11
2000-06-24,324.08
2000-06-24,324.14
2000-06-25,324.02
2000-06-25,324.09
2000-06-25,324.17
2000-06-25,324.18
2000-06-26,324.01
2000-06-26,324.03
2000-06-26,324.01
2000-06-26,323.94
2000-06-27,324.01
2000-06-27,323.95
2000-06-27,323.98
2000-06-27,324.0
2000-06-28,323.96
2000-06-28,324.0
2000-06-28,324.05
2000-06-28,324.05
2000-06-29,324.02
2000-06-29,323.93
2000-06-29,324.0
2000-06-29,324.04
2000-06-30,324.01
2000-06-30,323.96
2000-06-30,324.01
2000-06-30,323.98
2000-07-01,324.04
2000-07-01,323.97
2000-07-01,324.04
2000-07-01,324.0
2000-07-02,323.95
2000-07-02,324.03
2000-07-02,324.02
2000-07-02,324.0
2000-07-03,323.97
2000-07-03,324.01
2000-07-03,324.05
2000-07-03,324.06
2000-07-04,324.01
2000-07-04,324.04
2000-07-04,323.95
2000-07-04,324.04
2000-07-05,323.97
2000-07-05,323.98
2000-07-05,323.99
2000-07-05,323.92
2000-07-06,324.0
2000-07-06,324.0
2000-07-06,323.94
2000-07-06,323.97
2000-07-07,323.97
2000-07-07,324.01
2000-07-07,324.03
2000-07-07,324.0
2000-07-08,323.99
2000-07-08,324.02
2000-07-08,324.05
2000-07-08,324.05
2000-07-09,324.0
2000-07-09,323.97
2000-07-09,324.03
2000-07-09,324.03
2000-07-10,324.04
2000-07-10,323.97
2000-07-10,324.03
2000-07-10,324.0
2000-07-11,324.04
2000-07-11,324.05
2000-07-11,324.0
2000-07-11,324.08
2000-07-12,324.12
2000-07-12,324.09
2000-07-12,324.13
2000-07-12,324.05
2000-07-13,324.15
2000-07-13,324.1
2000-07-13,324.13
2000-07-13,324.16
2000-07-14,324.14
2000-07-14,324.08
2000-07-14,324.13
2000-07-14,324.16
2000-07-15,324.13
2000-07-15,324.09
2000-07-15,324.02
2000-07-15,324.11
2000-07-16,324.05
2000-07-16,324.05
2000-07-16,324.03
2000-07-16,323.98
2000-07-17,324.08
2000-07-17,324.05
2000-07-17,324.01
2000-07-17,324.08
2000-07-18,324.03
2000-07-18,324.1
2000-07-18,324.1
2000-07-18,324.05
2000-07-19,324.02
2000-07-19,324.05
2000-07-19,323.97
2000-07-19,324.02
2000-07-20,324.0
2000-07-20,323.98
2000-07-20,323.91
2000-07-20,323.95
2000-07-21,324.01
2000-07-21,323.99
2000-07-21,323.98
2000-07-21,323.92
2000-07-22,323.98
2000-07-22,324.03
2000-07-22,324.07
2000-07-22,324.09
2000-07-23,324.07
2000-07-23,324.11
2000-07-23,324.13
2000-07-23,324.1
2000-07-24,324.08
2000-07-24,324.13
2000-07-24,324.08
2000-07-24,324.02
2000-07-25,324.03
2000-07-25,324.0
2000-07-25,323.92
2000-07-25,323.98
2000-07-26,323.93
2000-07-26,323.97
2000-07-26,324.01
2000-07-26,324.0
2000-07-27,324.05
2000-07-27,323.97
2000-07-27,324.03
2000-07-27,324.08
2000-07-28,324.07
2000-07-28,324.1
2000-07-28,324.04
2000-07-28,324.09
2000-07-29,324.07
2000-07-29,324.05
2000-07-29,323.99
2000-07-29,324.03
2000-07-30,324.02
2000-07-30,324.0
2000-07-30,324.03
2000-07-30,323.95
2000-07-31,323.98
2000-07-31,324.05
2000-07-31,324.1
2000-07-31,324.12
2000-08-01,324.13
2000-08-01,324.09
2000-08-01,324.12
2000-08-01,324.06
2000-08-02,324.05
2000-08-02,324.08
2000-08-02,324.09
2000-08-02,324.11
2000-08-03,324.09
2000-08-03,324.14
2000-08-03,324.12
2000-08-03,324.04
2000-08-04,324.11
2000-08-04,324.14
2000-08-04,324.18
2000-08-04,324.17
2000-08-05,324.17
2000-08-05,324.13
2000-08-05,324.14
2000-08-05,324.06
2000-08-06,324.01
2000-08-06,324.07
2000-08-06,324.1
2000-08-06,324.06
2000-08-07,324.06
2000-08-07,324.13
2000-08-07,324.09
2000-08-07,324.11
2000-08-08,324.15
2000-08-08,324.18
2000-08-08,324.12
2000-08-08,324.17
2000-08-09,324.18
2000-08-09,324.16
2000-08-09,324.1
2000-08-09,324.14
2000-08-10,324.15
2000-08-10,324.12
2000-08-10,324.16
2000-08-10,324.08
2000-08-11,324.14
2000-08-11,324.08
2000-08-11,324.12
2000-08-11,324.16
2000-08-12,324.11
2000-08-12,324.17
2000-08-12,324.18
2000-08-12,324.15
2000-08-13,324.05
2000-08-13,324.12
2000-08-13,324.13
2000-08-13,324.17
2000-08-14,324.14
2000-08-14,324.21
2000-08-14,324.08
2000-08-14,324.12
2000-08-15,324.27
2000-08-15,324.29
2000-08-15,324.2
2000-08-15,324.25
2000-08-16,324.29
2000-08-16,324.27
2000-08-16,324.21
2000-08-16,324.28
2000-08-17,324.25
2000-08-17,324.28
2000-08-17,324.28
2000-08-17,324.22
2000-08-18,324.23
2000-08-18,324.29
2000-08-18,324.29
2000-08-18,324.26
2000-08-19,324.3
2000-08-19,324.25
2000-08-19,324.28
2000-08-19,324.31
2000-08-20,324.2
2000-08-20,324.26
2000-08-20,324.29
2000-08-20,324.3
2000-08-21,324.19
2000-08-21,324.22
2000-08-21,324.15
2000-08-21,324.21
2000-08-22,324.15
2000-08-22,324.23
2000-08-22,324.18
2000-08-22,324.22
2000-08-23,324.28
2000-08-23,324.34
2000-08-23,324.23
2000-08-23,324.32
2000-08-24,324.32
2000-08-24,324.38
2000-08-24,324.35
2000-08-24,324.34
2000-08-25,324.34
2000-08-25,324.27
2000-08-25,324.38
2000-08-25,324.36
2000-08-26,324.25
2000-08-26,324.29
2000-08-26,324.16
2000-08-26,324.27
2000-08-27,324.17
2000-08-27,324.17
2000-08-27,324.13
2000-08-27,324.21
2000-08-28,324.27
2000-08-28,324.24
2000-08-28,324.19
2000-08-28,324.29
2000-08-29,324.33
2000-08-29,324.3
2000-08-29,324.29
2000-08-29,324.26
2000-08-30,324.36
2000-08-30,324.35
2000-08-30,324.26
2000-08-30,324.32
2000-08-31,324.34
2000-08-31,324.28
2000-08-31,324.32
2000-08-31,324.35
2000-09-01,324.32
2000-09-01,324.4
2000-09-01,324.39
2000-09-01,324.36
2000-09-02,324.39
2000-09-02,324.4
2000-09-02,324.32
2000-09-02,324.43
2000-09-03,324.36
2000-09-03,324.37
2000-09-03,324.39
2000-09-03,324.32
2000-09-04,324.37
2000-09-04,324.33
2000-09-04,324.38
2000-09-04,324.36
2000-09-05,324.34
2000-09-05,324.4
2000-09-05,324.41
2000-09-05,324.37
2000-09-06,324.33
2000-09-06,324.41
2000-09-06,324.37
2000-09-06,324.4
2000-09-07,324.34
2000-09-07,324.37
2000-09-07,324.29
2000-09-07,324.34
2000-09-08,324.31
2000-09-08,324.28
2000-09-08,324.32
2000-09-08,324.21
2000-09-09,324.37
2000-09-09,324.25
2000-09-09,324.3
2000-09-09,324.32
2000-09-10,324.49
2000-09-10,324.36
2000-09-10,324.43
2000-09-10,324.42
2000-09-11,324.52
2000-09-11,324.54
2000-09-11,324.49
2000-09-11,324.46
2000-09-12,324.52
2000-09-12,324.5
2000-09-12,324.4
2000-09-12,324.48
2000-09-13,324.47
2000-09-13,324.42
2000-09-13,324.52
2000-09-13,324.46
2000-09-14,324.57
2000-09-14,324.57
2000-09-14,324.52
2000-09-14,324.49
2000-09-15,324.45
2000-09-15,324.51
2000-09-15,324.53
2000-09-15,324.54
2000-09-16,324.46
2000-09-16,324.49
2000-09-16,324.4
2000-09-16,324.47
2000-09-17,324.4
2000-09-17,324.48
2000-09-17,324.52
2000-09-17,324.47
2000-09-18,324.46
2000-09-18,324.55
2000-09-18,324.52
2000-09-18,324.52
2000-09-19,324.46
2000-09-19,324.46
2000-09-19,324.37
2000-09-19,324.51
2000-09-20,324.41
2000-09-20,324.36
2000-09-20,324.42
2000-09-20,324.4
2000-09-21,324.44
2000-09-21,324.43
2000-09-21,324.36
2000-09-21,324.4
2000-09-22,324.44
2000-09-22,324.46
2000-09-22,324.39
2000-09-22,324.5
2000-09-23,324.64
2000-09-23,324.65
2000-09-23,324.72
2000-09-23,324.5
2000-09-24,324.79
2000-09-24,324.74
2000-09-24,324.78
2000-09-24,324.7
2000-09-25,324.72
2000-09-25,324.77
2000-09-25,324.74
2000-09-25,324.65
2000-09-26,324.7
2000-09-26,324.69
2000-09-26,324.65
2000-09-26,324.74
2000-09-27,324.71
2000-09-27,324.8
2000-09-27,324.75
2000-09-27,324.81
2000-09-28,324.67
2000-09-28,324.76
2000-09-28,324.79
2000-09-28,324.74
2000-09-29,324.68
2000-09-29,324.64
2000-09-29,324.55
2000-09-29,324.64
2000-09-30,324.55
2000-09-30,324.59
2000-09-30,324.58
2000-09-30,324.64
2000-10-01,324.7
2000-10-01,324.61
2000-10-01,324.69
2000-10-01,324.66
2000-10-02,324.71
2000-10-02,324.74
2000-10-02,324.67
2000-10-02,324.75
2000-10-03,324.64
2000-10-03,324.69
2000-10-03,324.71
2000-10-03,324.73
2000-10-04,324.7
2000-10-04,324.67
2000-10-04,324.69
2000-10-04,324.65
2000-10-05,324.72
2000-10-05,324.65
2000-10-05,324.7
2000-10-05,324.69
2000-10-06,324.75
2000-10-06,324.69
2000-10-06,324.71
2000-10-06,324.76
2000-10-07,324.8
2000-10-07,324.78
2000-10-07,324.8
2000-10-07,324.75
2000-10-08,324.82
2000-10-08,324.78
2000-10-08,324.84
2000-10-08,324.8
2000-10-09,324.82
2000-10-09,324.8
2000-10-09,324.82
2000-10-09,324.72
2000-10-10,324.67
2000-10-10,324.72
2000-10-10,324.73
2000-10-10,324.77
2000-10-11,324.82
2000-10-11,324.84
2000-10-11,324.76
2000-10-11,324.92
2000-10-12,324.98
2000-10-12,325.04
2000-10-12,325.02
2000-10-12,324.91
2000-10-13,324.91
2000-10-13,325.03
2000-10-13,325.05
2000-10-13,325.0
2000-10-14,324.92
2000-10-14,324.83
2000-10-14,324.91
2000-10-14,324.95
2000-10-15,324.9
2000-10-15,324.94
2000-10-15,324.89
2000-10-15,324.86
2000-10-16,324.97
2000-10-16,324.96
2000-10-16,324.9
2000-10-16,324.93
2000-10-17,324.98
2000-10-17,324.9
2000-10-17,325.0
2000-10-17,324.97
2000-10-18,324.94
2000-10-18,324.97
2000-10-18,324.88
2000-10-18,324.95
2000-10-19,324.91
2000-10-19,324.94
2000-10-19,324.9
2000-10-19,324.85
2000-10-20,324.9
2000-10-20,324.89
2000-10-20,324.92
2000-10-20,324.82
2000-10-21,324.78
2000-10-21,324.78
2000-10-21,324.63
2000-10-21,324.82
2000-10-22,324.78
2000-10-22,324.69
2000-10-22,324.69
2000-10-22,324.61
2000-10-23,325.12
2000-10-23,324.94
2000-10-23,324.78
2000-10-23,324.94
2000-10-24,325.12
2000-10-24,325.2
2000-10-24,325.21
2000-10-24,325.16
2000-10-25,325.1
2000-10-25,324.98
2000-10-25,325.16
2000-10-25,325.09
2000-10-26,324.99
2000-10-26,324.87
2000-10-26,324.93
2000-10-26,324.92
2000-10-27,324.87
2000-10-27,324.87
2000-10-27,324.83
2000-10-27,325.0
2000-10-28,325.18
2000-10-28,325.16
2000-10-28,325.0
2000-10-28,325.12
2000-10-29,325.04
2000-10-29,325.18
2000-10-29,325.12
2000-10-29,325.12
2000-10-30,325.04
2000-10-30,325.1
2000-10-30,325.04
2000-10-30,325.01
2000-10-31,325.14
2000-10-31,325.08
2000-10-31,325.22
2000-10-31,325.14
2000-11-01,325.12
2000-11-01,325.26
2000-11-01,325.21
2000-11-01,325.21
2000-11-02,325.04
2000-11-02,325.12
2000-11-02,324.98
2000-11-02,325.05
2000-11-03,325.05
2000-11-03,325.01
2000-11-03,325.08
2000-11-03,325.04
2000-11-04,325.05
2000-11-04,325.06
2000-11-04,325.1
2000-11-04,325.01
2000-11-05,325.04
2000-11-05,325.04
2000-11-05,325.07
2000-11-05,324.97
2000-11-06,324.91
2000-11-06,324.99
2000-11-06,324.83
2000-11-06,324.85
2000-11-07,325.2
2000-11-07,325.1
2000-11-07,325.1
2000-11-07,324.99
2000-11-08,325.23
2000-11-08,325.1
2000-11-08,325.19
2000-11-08,325.19
2000-11-09,325.0
2000-11-09,325.1
2000-11-09,324.92
2000-11-09,324.99
2000-11-10,325.03
2000-11-10,324.98
2000-11-10,325.02
2000-11-10,325.13
2000-11-11,325.23
2000-11-11,325.23
2000-11-11,325.36
2000-11-11,325.12
2000-11-12,325.4
2000-11-12,325.46
2000-11-12,325.42
2000-11-12,325.36
2000-11-13,325.41
2000-11-13,325.33
2000-11-13,325.27
2000-11-13,325.35
2000-11-14,325.29
2000-11-14,325.23
2000-11-14,325.21
2000-11-14,325.14
2000-11-15,325.32
2000-11-15,325.22
2000-11-15,325.28
2000-11-15,325.26
2000-11-16,325.29
2000-11-16,325.34
2000-11-16,325.25
2000-11-16,325.29
2000-11-17,325.46
2000-11-17,325.39
2000-11-17,325.39
2000-11-17,325.34
2000-11-18,325.45
2000-11-18,325.52
2000-11-18,325.53
2000-11-18,325.57
2000-11-19,325.41
2000-11-19,325.46
2000-11-19,325.46
2000-11-19,325.53
2000-11-20,325.35
2000-11-20,325.39
2000-11-20,325.39
2000-11-20,325.43
2000-11-21,325.36
2000-11-21,325.32
2000-11-21,325.27
2000-11-21,325.3
2000-11-22,325.3
2000-11-22,325.31
2000-11-22,325.27
2000-11-22,325.38
2000-11-23,325.37
2000-11-23,325.45
2000-11-23,325.5
2000-11-23,325.46
2000-11-24,325.37
2000-11-24,325.33
2000-11-24,325.38
2000-11-24,325.46
2000-11-25,325.32
2000-11-25,325.36
2000-11-25,325.35
2000-11-25,325.4
2000-11-26,325.36
2000-11-26,325.36
2000-11-26,325.29
2000-11-26,325.39
2000-11-27,325.29
2000-11-27,325.34
2000-11-27,325.32
2000-11-27,325.39
2000-11-28,325.34
2000-11-28,325.31
2000-11-28,325.35
2000-11-28,325.39
2000-11-29,325.46
2000-11-29,325.43
2000-11-29,325.42
2000-11-29,325.38
2000-11-30,325.47
2000-11-30,325.44
2000-11-30,325.39
2000-11-30,325.44
2000-12-01,325.46
2000-12-01,325.42
2000-12-01,325.39
2000-12-01,325.43
2000-12-02,325.42
2000-12-02,325.47
2000-12-02,325.41
2000-12-02,325.39
2000-12-03,325.51
2000-12-03,325.5
2000-12-03,325.58
2000-12-03,325.47
2000-12-04,325.59
2000-12-04,325.59
2000-12-04,325.56
2000-12-04,325.64
2000-12-05,325.59
2000-12-05,325.64
2000-12-05,325.56
2000-12-05,325.58
2000-12-06,325.7
2000-12-06,325.64
2000-12-06,325.64
2000-12-06,325.57
2000-12-07,325.44
2000-12-07,325.48
2000-12-07,325.48
2000-12-07,325.57
2000-12-08,325.46
2000-12-08,325.49
2000-12-08,325.55
2000-12-08,325.49
2000-12-09,325.48
2000-12-09,325.53
2000-12-09,325.59
2000-12-09,325.52
2000-12-10,325.5
2000-12-10,325.53
2000-12-10,325.55
2000-12-10,325.61
2000-12-11,325.63
2000-12-11,325.55
2000-12-11,325.51
2000-12-11,325.55
2000-12-12,325.58
2000-12-12,325.49
2000-12-12,325.4
2000-12-12,325.44
2000-12-13,325.57
2000-12-13,325.69
2000-12-13,325.8
2000-12-13,325.68
2000-12-14,325.85
2000-12-14,325.9
2000-12-14,325.83
2000-12-14,325.78
2000-12-15,325.82
2000-12-15,325.87
2000-12-15,325.91
2000-12-15,325.86
2000-12-16,325.97
2000-12-16,325.9
2000-12-16,325.85
2000-12-16,325.89
2000-12-17,325.8
2000-12-17,325.76
2000-12-17,325.72
2000-12-17,325.87
2000-12-18,325.99
2000-12-18,326.03
2000-12-18,325.98
2000-12-18,325.87
2000-12-19,325.97
2000-12-19,325.8
2000-12-19,325.74
2000-12-19,325.8
2000-12-20,325.71
2000-12-20,325.68
2000-12-20,325.64
2000-12-20,325.74
2000-12-21,325.71
2000-12-21,325.7
2000-12-21,325.76
2000-12-21,325.68
2000-12-22,325.72
2000-12-22,325.77
2000-12-22,325.68
2000-12-22,325.71
2000-12-23,325.77
2000-12-23,325.73
2000-12-23,325.7
2000-12-23,325.73
2000-12-24,325.76
2000-12-24,325.71
2000-12-24,325.66
2000-12-24,325.7
2000-12-25,325.8
2000-12-25,325.88
2000-12-25,325.7
2000-12-25,325.8
2000-12-26,325.98
2000-12-26,326.05
2000-12-26,325.87
2000-12-26,325.99
2000-12-27,325.99
2000-12-27,326.02
2000-12-27,326.08
2000-12-27,326.05
2000-12-28,325.96
2000-12-28,325.92
2000-12-28,325.96
2000-12-28,325.99
2000-12-29,325.94
2000-12-29,325.97
2000-12-29,325.87
2000-12-29,325.94
2000-12-30,325.81
2000-12-30,325.85
2000-12-30,325.9
2000-12-30,325.84
2000-12-31,325.83
2000-12-31,325.8
2000-12-31,325.84
2000-12-31,325.92
2001-01-01,325.9
2001-01-01,325.95
2001-01-01,326.05
2001-01-01,325.95
2001-01-02,326.02
2001-01-02,326.13
2001-01-02,326.2
2001-01-02,326.11
2001-01-03,326.17
2001-01-03,326.17
2001-01-03,326.22
2001-01-03,326.13
2001-01-04,326.13
2001-01-04,326.04
2001-01-04,326.01
2001-01-04,326.04
2001-01-05,325.91
2001-01-05,325.96
2001-01-05,325.96
2001-01-05,326.02
2001-01-06,325.86
2001-01-06,325.9
2001-01-06,325.95
2001-01-06,325.9
2001-01-07,325.89
2001-01-07,325.89
2001-01-07,325.92
2001-01-07,325.84
2001-01-08,325.87
2001-01-08,325.79
2001-01-08,325.82
2001-01-08,325.7
2001-01-09,325.86
2001-01-09,325.83
2001-01-09,325.98
2001-01-09,325.7
2001-01-10,325.98
2001-01-10,326.04
2001-01-10,326.08
2001-01-10,325.93
2001-01-11,325.93
2001-01-11,325.91
2001-01-11,325.95
2001-01-11,325.79
2001-01-12,325.87
2001-01-12,325.92
2001-01-12,325.92
2001-01-12,326.12
2001-01-13,326.28
2001-01-13,326.24
2001-01-13,326.23
2001-01-13,326.12
2001-01-14,326.21
2001-01-14,326.26
2001-01-14,326.13
2001-01-14,326.21
2001-01-15,325.98
2001-01-15,326.03
2001-01-15,326.03
2001-01-15,326.13
2001-01-16,326.18
2001-01-16,325.98
2001-01-16,326.05
2001-01-16,326.06
2001-01-17,326.27
2001-01-17,326.28
2001-01-17,326.18
2001-01-17,326.32
2001-01-18,326.33
2001-01-18,326.31
2001-01-18,326.36
2001-01-18,326.28
2001-01-19,326.26
2001-01-19,326.36
2001-01-19,326.31
2001-01-19,326.31
2001-01-20,326.3
2001-01-20,326.35
2001-01-20,326.27
2001-01-20,326.32
2001-01-21,326.3
2001-01-21,326.25
2001-01-21,326.36
2001-01-21,326.33
2001-01-22,326.27
2001-01-22,326.13
2001-01-22,326.17
2001-01-22,326.19
2001-01-23,326.29
2001-01-23,326.25
2001-01-23,326.18
2001-01-23,326.23
2001-01-24,326.2
2001-01-24,326.23
2001-01-24,326.3
2001-01-24,326.24
2001-01-25,326.38
2001-01-25,326.27
2001-01-25,326.31
2001-01-25,326.44
2001-01-26,326.08
2001-01-26,326.08
2001-01-26,326.27
2001-01-26,325.92
2001-01-27,325.92
2001-01-27,325.91
2001-01-27,325.87
2001-01-27,326.08
2001-01-28,326.27
2001-01-28,326.39
2001-01-28,326.08
2001-01-28,326.26
2001-01-29,326.39
2001-01-29,326.47
2001-01-29,326.34
2001-01-29,326.42
2001-01-30,326.42
2001-01-30,326.38
2001-01-30,326.33
2001-01-30,326.39
2001-01-31,326.38
2001-01-31,326.34
2001-01-31,326.43
2001-01-31,326.4
2001-02-01,326.51
2001-02-01,326.51
2001-02-01,326.58
2001-02-01,326.41
2001-02-02,326.58
2001-02-02,326.46
2001-02-02,326.53
2001-02-02,326.53
2001-02-03,326.37
2001-02-03,326.45
2001-02-03,326.48
2001-02-03,326.43
2001-02-04,326.39
2001-02-04,326.45
2001-02-04,326.49
2001-02-04,326.44
2001-02-05,326.3
2001-02-05,326.3
2001-02-05,326.4
2001-02-05,326.22
2001-02-06,326.03
2001-02-06,326.12
2001-02-06,326.12
2001-02-06,326.22
2001-02-07,325.94
2001-02-07,326.04
2001-02-07,326.0
2001-02-07,325.99
2001-02-08,326.24
2001-02-08,326.25
2001-02-08,326.02
2001-02-08,326.48
2001-02-09,326.55
2001-02-09,326.47
2001-02-09,326.5
2001-02-09,326.42
2001-02-10,326.36
2001-02-10,326.36
2001-02-10,326.3
2001-02-10,326.44
2001-02-11,326.41
2001-02-11,326.38
2001-02-11,326.47
2001-02-11,326.45
2001-02-12,326.34
2001-02-12,326.1
2001-02-12,326.35
2001-02-12,326.41
2001-02-13,326.22
2001-02-13,326.36
2001-02-13,326.21
2001-02-13,326.02
2001-02-14,326.58
2001-02-14,326.36
2001-02-14,326.49
2001-02-14,326.47
2001-02-15,326.65
2001-02-15,326.63
2001-02-15,326.7
2001-02-15,326.58
2001-02-16,326.75
2001-02-16,326.71
2001-02-16,326.72
2001-02-16,326.67
2001-02-17,326.73
2001-02-17,326.61
2001-02-17,326.65
2001-02-17,326.66
2001-02-18,326.68
2001-02-18,326.63
2001-02-18,326.66
2001-02-18,326.59
2001-02-19,326.62
2001-02-19,326.6
2001-02-19,326.63
2001-02-19,326.66
2001-02-20,326.63
2001-02-20,326.72
2001-02-20,326.76
2001-02-20,326.71
2001-02-21,326.73
2001-02-21,326.8
2001-02-21,326.74
2001-02-21,326.63
2001-02-22,326.49
2001-02-22,326.36
2001-02-22,326.49
2001-02-22,326.63
2001-02-23,326.41
2001-02-23,326.24
2001-02-23,326.29
2001-02-23,326.26
2001-02-24,326.6
2001-02-24,326.55
2001-02-24,326.54
2001-02-24,326.41
2001-02-25,326.59
2001-02-25,326.56
2001-02-25,326.48
2001-02-25,326.53
2001-02-26,326.52
2001-02-26,326.48
2001-02-26,326.54
2001-02-26,326.5
2001-02-27,326.53
2001-02-27,326.48
2001-02-27,326.5
2001-02-27,326.53
2001-02-28,326.51
2001-02-28,326.66
2001-02-28,326.6
2001-02-28,326.62
2001-03-01,326.59
2001-03-01,326.66
2001-03-01,326.63
2001-03-01,326.63
2001-03-02,326.58
2001-03-02,326.51
2001-03-02,326.62
2001-03-02,326.58
2001-03-03,326.55
2001-03-03,326.7
2001-03-03,326.64
2001-03-03,326.62
2001-03-04,326.65
2001-03-04,326.76
2001-03-04,326.74
2001-03-04,326.71
2001-03-05,326.67
2001-03-05,326.73
2001-03-05,326.61
2001-03-05,326.66
2001-03-06,326.62
2001-03-06,326.74
2001-03-06,326.73
2001-03-06,326.69
2001-03-07,326.81
2001-03-07,326.92
2001-03-07,326.71
2001-03-07,326.81
2001-03-08,326.91
2001-03-08,326.87
2001-03-08,326.82
2001-03-08,326.93
2001-03-09,326.7
2001-03-09,326.82
2001-03-09,326.7
2001-03-09,326.52
2001-03-10,326.6
2001-03-10,326.57
2001-03-10,326.48
2001-03-10,326.67
2001-03-11,326.71
2001-03-11,326.76
2001-03-11,326.68
2001-03-11,326.64
2001-03-12,326.83
2001-03-12,326.9
2001-03-12,326.73
2001-03-12,326.81
2001-03-13,326.81
2001-03-13,326.86
2001-03-13,326.86
2001-03-13,326.89
2001-03-14,326.93
2001-03-14,326.88
2001-03-14,326.91
2001-03-14,326.85
2001-03-15,326.8
2001-03-15,326.86
2001-03-15,326.71
2001-03-15,326.8
2001-03-16,326.68
2001-03-16,326.74
2001-03-16,326.68
2001-03-16,326.64
2001-03-17,326.72
2001-03-17,326.81
2001-03-17,326.83
2001-03-17,326.89
2001-03-18,326.94
2001-03-18,326.95
2001-03-18,326.87
2001-03-18,326.99
2001-03-19,326.87
2001-03-19,326.98
2001-03-19,326.93
2001-03-19,326.95
2001-03-20,326.88
2001-03-20,326.92
2001-03-20,326.89
2001-03-20,326.84
2001-03-21,326.9
2001-03-21,326.93
2001-03-21,326.91
2001-03-21,326.87
2001-03-22,326.9
2001-03-22,326.92
2001-03-22,326.88
2001-03-22,326.93
2001-03-23,326.84
2001-03-23,326.88
2001-03-23,326.92
2001-03-23,326.89
2001-03-24,326.82
2001-03-24,326.88
2001-03-24,326.94
2001-03-24,326.87
2001-03-25,326.92
2001-03-25,326.87
2001-03-25,326.96
2001-03-25,326.93
2001-03-26,326.83
2001-03-26,326.86
2001-03-26,326.87
2001-03-26,326.89
2001-03-27,326.95
2001-03-27,326.89
2001-03-27,326.88
2001-03-27,326.83
2001-03-28,326.87
2001-03-28,326.81
2001-03-28,326.94
2001-03-28,326.87
2001-03-29,326.82
2001-03-29,326.78
2001-03-29,326.72
2001-03-29,326.78
2001-03-30,326.9
2001-03-30,326.89
2001-03-30,326.96
2001-03-30,326.8
2001-03-31,326.99
2001-03-31,326.99
2001-03-31,326.91
2001-03-31,326.94
2001-04-01,326.88
2001-04-01,326.83
2001-04-01,326.91
2001-04-01,326.86
2001-04-02,326.91
2001-04-02,326.82
2001-04-02,326.86
2001-04-02,326.89
2001-04-03,327.0
2001-04-03,326.89
2001-04-03,327.04
2001-04-03,327.0
2001-04-04,327.03
2001-04-04,326.95
2001-04-04,327.01
2001-04-04,327.04
2001-04-05,327.0
2001-04-05,327.07
2001-04-05,327.06
2001-04-05,326.96
2001-04-06,327.1
2001-04-06,327.14
2001-04-06,327.07
2001-04-06,326.97
2001-04-07,327.04
2001-04-07,327.13
2001-04-07,327.01
2001-04-07,327.03
2001-04-08,327.08
2001-04-08,327.18
2001-04-08,327.17
2001-04-08,327.11
2001-04-09,327.03
2001-04-09,326.94
2001-04-09,327.12
2001-04-09,327.03
2001-04-10,326.92
2001-04-10,327.05
2001-04-10,327.15
2001-04-10,327.05
2001-04-11,327.15
2001-04-11,327.08
2001-04-11,327.13
2001-04-11,327.15
2001-04-12,327.26
2001-04-12,327.26
2001-04-12,327.22
2001-04-12,327.13
2001-04-13,327.25
2001-04-13,327.14
2001-04-13,327.2
2001-04-13,327.22
2001-04-14,327.18
2001-04-14,327.13
2001-04-14,327.19
2001-04-14,327.17
2001-04-15,327.22
2001-04-15,327.23
2001-04-15,327.16
2001-04-15,327.19
2001-04-16,327.17
2001-04-16,327.19
2001-04-16,327.22
2001-04-16,327.23
2001-04-17,327.25
2001-04-17,327.17
2001-04-17,327.24
2001-04-17,327.2
2001-04-18,327.17
2001-04-18,327.11
2001-04-18,327.22
2001-04-18,327.21
2001-04-19,327.11
2001-04-19,327.17
2001-04-19,327.14
2001-04-19,327.04
2001-04-20,327.16
2001-04-20,327.12
2001-04-20,327.08
2001-04-20,327.16
2001-04-21,327.27
2001-04-21,327.06
2001-04-21,326.97
2001-04-21,327.07
2001-04-22,327.39
2001-04-22,327.4
2001-04-22,327.35
2001-04-22,327.27
2001-04-23,327.38
2001-04-23,327.4
2001-04-23,327.26
2001-04-23,327.36
2001-04-24,327.3
2001-04-24,327.26
2001-04-24,327.17
2001-04-24,327.24
2001-04-25,327.23
2001-04-25,327.19
2001-04-25,327.21
2001-04-25,327.15
2001-04-26,327.21
2001-04-26,327.19
2001-04-26,327.21
2001-04-26,327.14
2001-04-27,327.21
2001-04-27,327.13
2001-04-27,327.2
2001-04-27,327.18
2001-04-28,327.2
2001-04-28,327.14
2001-04-28,327.19
2001-04-28,327.18
2001-04-29,327.18
2001-04-29,327.26
2001-04-29,327.24
2001-04-29,327.32
2001-04-30,327.37
2001-04-30,327.36
2001-04-30,327.3
2001-04-30,327.32
2001-05-01,327.12
2001-05-01,327.32
2001-05-01,327.22
2001-05-01,327.22
2001-05-02,327.1
2001-05-02,327.17
2001-05-02,327.05
2001-05-02,327.11
2001-05-03,327.27
2001-05-03,327.28
2001-05-03,327.37
2001-05-03,327.17
2001-05-04,327.39
2001-05-04,327.41
2001-05-04,327.37
2001-05-04,327.34
2001-05-05,327.39
2001-05-05,327.34
2001-05-05,327.35
2001-05-05,327.28
2001-05-06,327.31
2001-05-06,327.35
2001-05-06,327.43
2001-05-06,327.34
2001-05-07,327.4
2001-05-07,327.45
2001-05-07,327.43
2001-05-07,327.47
2001-05-08,327.39
2001-05-08,327.47
2001-05-08,327.31
2001-05-08,327.39
2001-05-09,327.29
2001-05-09,327.3
2001-05-09,327.25
2001-05-09,327.33
2001-05-10,327.34
2001-05-10,327.26
2001-05-10,327.34
2001-05-10,327.31
2001-05-11,327.31
2001-05-11,327.38
2001-05-11,327.38
2001-05-11,327.35
2001-05-12,327.31
2001-05-12,327.47
2001-05-12,327.48
2001-05-12,327.37
2001-05-13,327.42
2001-05-13,327.49
2001-05-13,327.48
2001-05-13,327.44
2001-05-14,327.52
2001-05-14,327.47
2001-05-14,327.51
2001-05-14,327.45
2001-05-15,327.5
2001-05-15,327.48
2001-05-15,327.46
2001-05-15,327.52
2001-05-16,327.32
2001-05-16,327.42
2001-05-16,327.48
2001-05-16,327.4
2001-05-17,327.35
2001-05-17,327.4
2001-05-17,327.38
2001-05-17,327.32
2001-05-18,327.34
2001-05-18,327.41
2001-05-18,327.39
2001-05-18,327.44
2001-05-19,327.42
2001-05-19,327.51
2001-05-19,327.51
2001-05-19,327.46
2001-05-20,327.47
2001-05-20,327.46
2001-05-20,327.41
2001-05-20,327.5
2001-05-21,327.48
2001-05-21,327.52
2001-05-21,327.46
2001-05-21,327.44
2001-05-22,327.55
2001-05-22,327.51
2001-05-22,327.55
2001-05-22,327.48
2001-05-23,327.54
2001-05-23,327.48
2001-05-23,327.51
2001-05-23,327.5
2001-05-24,327.61
2001-05-24,327.56
2001-05-24,327.6
2001-05-24,327.52
2001-05-25,327.57
2001-05-25,327.59
2001-05-25,327.61
2001-05-25,327.54
2001-05-26,327.57
2001-05-26,327.59
2001-05-26,327.51
2001-05-26,327.55
2001-05-27,327.5
2001-05-27,327.52
2001-05-27,327.48
2001-05-27,327.44
2001-05-28,327.44
2001-05-28,327.55
2001-05-28,327.5
2001-05-28,327.52
2001-05-29,327.61
2001-05-29,327.53
2001-05-29,327.56
2001-05-29,327.57
2001-05-30,327.62
2001-05-30,327.63
2001-05-30,327.59
2001-05-30,327.67
2001-05-31,327.58
2001-05-31,327.61
2001-05-31,327.62
2001-05-31,327.66
2001-06-01,327.6
2001-06-01,327.61
2001-06-01,327.57
2001-06-01,327.62
2001-06-02,327.62
2001-06-02,327.58
2001-06-02,327.6
2001-06-02,327.56
2001-06-03,327.46
2001-06-03,327.56
2001-06-03,327.52
2001-06-03,327.54
2001-06-04,327.55
2001-06-04,327.54
2001-06-04,327.64
2001-06-04,327.46
2001-06-05,327.6
2001-06-05,327.72
2001-06-05,327.66
2001-06-05,327.68
2001-06-06,327.71
2001-06-06,327.75
2001-06-06,327.68
2001-06-06,327.73
2001-06-07,327.73
2001-06-07,327.69
2001-06-07,327.72
2001-06-07,327.74
2001-06-08,327.67
2001-06-08,327.71
2001-06-08,327.74
2001-06-08,327.73
2001-06-09,327.75
2001-06-09,327.7
2001-06-09,327.78
2001-06-09,327.79
2001-06-10,327.8
2001-06-10,327.76
2001-06-10,327.8
2001-06-10,327.78
2001-06-11,327.79
2001-06-11,327.74
2001-06-11,327.79
2001-06-11,327.78
2001-06-12,327.71
2001-06-12,327.72
2001-06-12,327.75
2001-06-12,327.63
2001-06-13,327.59
2001-06-13,327.71
2001-06-13,327.63
2001-06-13,327.63
2001-06-14,327.85
2001-06-14,327.71
2001-06-14,327.83
2001-06-14,327.8
2001-06-15,327.9
2001-06-15,327.84
2001-06-15,327.82
2001-06-15,327.85
2001-06-16,327.9
2001-06-16,327.87
2001-06-16,327.93
2001-06-16,327.93
2001-06-17,327.91
2001-06-17,327.88
2001-06-17,327.93
2001-06-17,327.93
2001-06-18,327.83
2001-06-18,327.88
2001-06-18,327.91
2001-06-18,327.9
2001-06-19,327.87
2001-06-19,327.89
2001-06-19,327.84
2001-06-19,327.9
2001-06-20,327.98
2001-06-20,327.99
2001-06-20,327.94
2001-06-20,327.89
2001-06-21,328.02
2001-06-21,327.98
2001-06-21,327.94
2001-06-21,328.01
2001-06-22,327.91
2001-06-22,327.98
2001-06-22,328.01
2001-06-22,328.0
2001-06-23,327.98
2001-06-23,327.98
2001-06-23,327.95
2001-06-23,327.91
2001-06-24,328.0
2001-06-24,327.99
2001-06-24,327.92
2001-06-24,327.97
2001-06-25,327.87
2001-06-25,327.93
2001-06-25,327.95
2001-06-25,327.94
2001-06-26,327.96
2001-06-26,327.9
2001-06-26,327.98
2001-06-26,328.04
2001-06-27,328.12
2001-06-27,328.11
2001-06-27,328.07
2001-06-27,328.04
2001-06-28,328.01
2001-06-28,328.09
2001-06-28,328.1
2001-06-28,328.06
2001-06-29,327.93
2001-06-29,328.0
2001-06-29,328.0
2001-06-29,328.02
2001-06-30,327.94
2001-06-30,327.98
2001-06-30,327.97
2001-06-30,327.96
2001-07-01,327.97
2001-07-01,328.0
2001-07-01,327.94
2001-07-01,327.99
2001-07-02,327.96
2001-07-02,327.94
2001-07-02,327.97
2001-07-02,327.91
2001-07-03,328.0
2001-07-03,328.08
2001-07-03,328.0
2001-07-03,327.93
2001-07-04,328.09
2001-07-04,328.13
2001-07-04,328.14
2001-07-04,328.02
2001-07-05,328.1
2001-07-05,328.17
2001-07-05,328.18
2001-07-05,328.04
2001-07-06,328.09
2001-07-06,328.2
2001-07-06,328.17
2001-07-06,328.14
2001-07-07,328.2
2001-07-07,328.26
2001-07-07,328.17
2001-07-07,328.22
2001-07-08,328.26
2001-07-08,328.27
2001-07-08,328.24
2001-07-08,328.19
2001-07-09,328.16
2001-07-09,328.24
2001-07-09,328.24
2001-07-09,328.21
2001-07-10,328.2
2001-07-10,328.15
2001-07-10,328.17
2001-07-10,328.2
2001-07-11,328.14
2001-07-11,328.19
2001-07-11,328.17
2001-07-11,328.2
2001-07-12,328.22
2001-07-12,328.2
2001-07-12,328.17
2001-07-12,328.22
2001-07-13,328.18
2001-07-13,328.24
2001-07-13,328.2
2001-07-13,328.23
2001-07-14,328.12
2001-07-14,328.18
2001-07-14,328.19
2001-07-14,328.16
2001-07-15,328.09
2001-07-15,328.13
2001-07-15,328.16
2001-07-15,328.12
2001-07-16,328.2
2001-07-16,328.21
2001-07-16,328.18
2001-07-16,328.14
2001-07-17,328.32
2001-07-17,328.3
2001-07-17,328.21
2001-07-17,328.28
2001-07-18,328.25
2001-07-18,328.32
2001-07-18,328.32
2001-07-18,328.29
2001-07-19,328.29
2001-07-19,328.3
2001-07-19,328.28
2001-07-19,328.23
2001-07-20,328.34
2001-07-20,328.26
2001-07-20,328.3
2001-07-20,328.34
2001-07-21,328.32
2001-07-21,328.27
2001-07-21,328.35
2001-07-21,328.34
2001-07-22,328.32
2001-07-22,328.33
2001-07-22,328.27
2001-07-22,328.31
2001-07-23,328.32
2001-07-23,328.32
2001-07-23,328.3
2001-07-23,328.26
2001-07-24,328.26
2001-07-24,328.33
2001-07-24,328.34
2001-07-24,328.3
2001-07-25,328.35
2001-07-25,328.31
2001-07-25,328.36
2001-07-25,328.33
2001-07-26,328.39
2001-07-26,328.44
2001-07-26,328.37
2001-07-26,328.34
2001-07-27,328.48
2001-07-27,328.52
2001-07-27,328.46
2001-07-27,328.42
2001-07-28,328.47
2001-07-28,328.54
2001-07-28,328.54
2001-07-28,328.52
2001-07-29,328.52
2001-07-29,328.56
2001-07-29,328.49
2001-07-29,328.55
2001-07-30,328.51
2001-07-30,328.47
2001-07-30,328.4
2001-07-30,328.49
2001-07-31,328.43
2001-07-31,328.48
2001-07-31,328.52
2001-07-31,328.46
2001-08-01,328.62
2001-08-01,328.57
2001-08-01,328.52
2001-08-01,328.61
2001-08-02,328.64
2001-08-02,328.57
2001-08-02,328.6
2001-08-02,328.64
2001-08-03,328.49
2001-08-03,328.58
2001-08-03,328.56
2001-08-03,328.6
2001-08-04,328.46
2001-08-04,328.5
2001-08-04,328.53
2001-08-04,328.54
2001-08-05,328.53
2001-08-05,328.59
2001-08-05,328.57
2001-08-05,328.64
2001-08-06,328.58
2001-08-06,328.62
2001-08-06,328.65
2001-08-06,328.64
2001-08-07,328.62
2001-08-07,328.59
2001-08-07,328.54
2001-08-07,328.6
2001-08-08,328.6
2001-08-08,328.61
2001-08-08,328.58
2001-08-08,328.55
2001-08-09,328.63
2001-08-09,328.66
2001-08-09,328.6
2001-08-09,328.68
2001-08-10,328.72
2001-08-10,328.71
2001-08-10,328.62
2001-08-10,328.67
2001-08-11,328.66
2001-08-11,328.63
2001-08-11,328.65
2001-08-11,328.56
2001-08-12,328.72
2001-08-12,328.62
2001-08-12,328.66
2001-08-12,328.69
2001-08-13,328.74
2001-08-13,328.72
2001-08-13,328.76
2001-08-13,328.68
2001-08-14,328.72
2001-08-14,328.63
2001-08-14,328.74
2001-08-14,328.7
2001-08-15,328.72
2001-08-15,328.71
2001-08-15,328.65
2001-08-15,328.69
2001-08-16,328.76
2001-08-16,328.68
2001-08-16,328.74
2001-08-16,328.71
2001-08-17,328.81
2001-08-17,328.83
2001-08-17,328.74
2001-08-17,328.77
2001-08-18,328.85
2001-08-18,328.79
2001-08-18,328.86
2001-08-18,328.75
2001-08-19,328.71
2001-08-19,328.8
2001-08-19,328.77
2001-08-19,328.8
2001-08-20,328.76
2001-08-20,328.8
2001-08-20,328.73
2001-08-20,328.8
2001-08-21,328.76
2001-08-21,328.71
2001-08-21,328.8
2001-08-21,328.8
2001-08-22,328.82
2001-08-22,328.86
2001-08-22,328.85
2001-08-22,328.79
2001-08-23,328.86
2001-08-23,328.86
2001-08-23,328.79
2001-08-23,328.83
2001-08-24,328.78
2001-08-24,328.82
2001-08-24,328.8
2001-08-24,328.73
2001-08-25,328.78
2001-08-25,328.72
2001-08-25,328.75
2001-08-25,328.75
2001-08-26,328.87
2001-08-26,328.85
2001-08-26,328.83
2001-08-26,328.78
2001-08-27,328.87
2001-08-27,328.88
2001-08-27,328.79
2001-08-27,328.86
2001-08-28,328.79
2001-08-28,328.77
2001-08-28,328.8
2001-08-28,328.73
2001-08-29,328.88
2001-08-29,328.77
2001-08-29,328.83
2001-08-29,328.85
2001-08-30,328.99
2001-08-30,328.99
2001-08-30,328.88
2001-08-30,328.95
2001-08-31,329.03
2001-08-31,328.99
2001-08-31,329.02
2001-08-31,328.96
2001-09-01,328.96
2001-09-01,329.01
2001-09-01,329.08
2001-09-01,329.02
2001-09-02,329.03
2001-09-02,328.98
2001-09-02,329.07
2001-09-02,329.06
2001-09-03,329.04
2001-09-03,329.06
2001-09-03,328.99
2001-09-03,329.08
2001-09-04,329.08
2001-09-04,329.04
2001-09-04,329.0
2001-09-04,329.06
2001-09-05,329.02
2001-09-05,329.06
2001-09-05,329.07
2001-09-05,329.04
2001-09-06,329.06
2001-09-06,329.03
2001-09-06,329.09
2001-09-06,329.11
2001-09-07,329.09
2001-09-07,329.14
2001-09-07,329.12
2001-09-07,329.03
2001-09-08,329.04
2001-09-08,329.07
2001-09-08,329.09
2001-09-08,329.11
2001-09-09,329.07
2001-09-09,329.12
2001-09-09,329.1
2001-09-09,329.12
2001-09-10,329.16
2001-09-10,329.09
2001-09-10,329.15
2001-09-10,329.14
2001-09-11,329.18
2001-09-11,329.14
2001-09-11,329.19
2001-09-11,329.11
2001-09-12,329.11
2001-09-12,329.15
2001-09-12,329.13
2001-09-12,329.08
2001-09-13,329.28
2001-09-13,329.14
2001-09-13,329.18
2001-09-13,329.2
2001-09-14,329.2
2001-09-14,329.3
2001-09-14,329.28
2001-09-14,329.26
2001-09-15,329.21
2001-09-15,329.29
2001-09-15,329.26
2001-09-15,329.28
2001-09-16,329.22
2001-09-16,329.27
2001-09-16,329.3
2001-09-16,329.31
2001-09-17,329.25
2001-09-17,329.28
2001-09-17,329.3
2001-09-17,329.32
2001-09-18,329.31
2001-09-18,329.29
2001-09-18,329.27
2001-09-18,329.23
2001-09-19,329.33
2001-09-19,329.29
2001-09-19,329.33
2001-09-19,329.25
2001-09-20,329.39
2001-09-20,329.32
2001-09-20,329.39
2001-09-20,329.35
2001-09-21,329.39
2001-09-21,329.4
2001-09-21,329.42
2001-09-21,329.35
2001-09-22,329.4
2001-09-22,329.39
2001-09-22,329.37
2001-09-22,329.33
2001-09-23,329.39
2001-09-23,329.33
2001-09-23,329.36
2001-09-23,329.38
2001-09-24,329.37
2001-09-24,329.41
2001-09-24,329.32
2001-09-24,329.4
2001-09-25,329.37
2001-09-25,329.39
2001-09-25,329.42
2001-09-25,329.33
2001-09-26,329.39
2001-09-26,329.36
2001-09-26,329.3
2001-09-26,329.37
2001-09-27,329.4
2001-09-27,329.43
2001-09-27,329.35
2001-09-27,329.39
2001-09-28,329.42
2001-09-28,329.44
2001-09-28,329.34
2001-09-28,329.41
2001-09-29,329.44
2001-09-29,329.39
2001-09-29,329.4
2001-09-29,329.35
2001-09-30,329.42
2001-09-30,329.47
2001-09-30,329.57
2001-09-30,329.45
2001-10-01,329.54
2001-10-01,329.6
2001-10-01,329.59
2001-10-01,329.65
2001-10-02,329.61
2001-10-02,329.54
2001-10-02,329.65
2001-10-02,329.61
2001-10-03,329.71
2001-10-03,329.71
2001-10-03,329.63
2001-10-03,329.66
2001-10-04,329.73
2001-10-04,329.71
2001-10-04,329.68
2001-10-04,329.62
2001-10-05,329.66
2001-10-05,329.69
2001-10-05,329.62
2001-10-05,329.7
2001-10-06,329.7
2001-10-06,329.71
2001-10-06,329.63
2001-10-06,329.68
2001-10-07,329.76
2001-10-07,329.7
2001-10-07,329.72
2001-10-07,329.76
2001-10-08,329.75
2001-10-08,329.78
2001-10-08,329.71
2001-10-08,329.77
2001-10-09,329.74
2001-10-09,329.74
2001-10-09,329.67
2001-10-09,329.72
2001-10-10,329.72
2001-10-10,329.79
2001-10-10,329.81
2001-10-10,329.76
2001-10-11,329.84
2001-10-11,329.8
2001-10-11,329.68
2001-10-11,329.78
2001-10-12,329.67
2001-10-12,329.8
2001-10-12,329.74
2001-10-12,329.77
2001-10-13,329.78
2001-10-13,329.78
2001-10-13,329.81
2001-10-13,329.69
2001-10-14,329.81
2001-10-14,329.79
2001-10-14,329.72
2001-10-14,329.75
2001-10-15,329.92
2001-10-15,329.87
2001-10-15,329.85
2001-10-15,329.79
2001-10-16,329.9
2001-10-16,329.86
2001-10-16,329.94
2001-10-16,329.93
2001-10-17,329.92
2001-10-17,329.89
2001-10-17,329.91
2001-10-17,329.85
2001-10-18,329.91
2001-10-18,329.96
2001-10-18,329.87
2001-10-18,329.97
2001-10-19,329.79
2001-10-19,329.87
2001-10-19,329.93
2001-10-19,329.86
2001-10-20,329.76
2001-10-20,329.84
2001-10-20,329.82
2001-10-20,329.8
2001-10-21,329.85
2001-10-21,329.87
2001-10-21,329.8
2001-10-21,329.91
2001-10-22,329.87
2001-10-22,329.93
2001-10-22,329.93
2001-10-22,329.9
2001-10-23,329.8
2001-10-23,329.86
2001-10-23,329.88
2001-10-23,329.9
2001-10-24,330.03
2001-10-24,329.94
2001-10-24,329.92
2001-10-24,329.84
2001-10-25,330.05
2001-10-25,330.02
2001-10-25,330.14
2001-10-25,330.06
2001-10-26,330.13
2001-10-26,330.09
2001-10-26,330.17
2001-10-26,330.16
2001-10-27,330.11
2001-10-27,330.05
2001-10-27,330.15
2001-10-27,330.13
2001-10-28,330.16
2001-10-28,330.07
2001-10-28,330.21
2001-10-28,330.15
2001-10-29,330.27
2001-10-29,330.15
2001-10-29,330.19
2001-10-29,330.22
2001-10-30,330.17
2001-10-30,330.05
2001-10-30,330.12
2001-10-30,330.12
2001-10-31,330.07
2001-10-31,330.03
2001-10-31,330.1
2001-10-31,330.08
2001-11-01,330.04
2001-11-01,330.13
2001-11-01,330.09
2001-11-01,330.07
2001-11-02,330.17
2001-11-02,330.1
2001-11-02,330.07
2001-11-02,330.11
2001-11-03,330.21
2001-11-03,330.12
2001-11-03,330.17
2001-11-03,330.16
2001-11-04,330.18
2001-11-04,330.14
2001-11-04,330.15
2001-11-04,330.1
2001-11-05,330.1
2001-11-05,330.16
2001-11-05,330.12
2001-11-05,330.05
2001-11-06,330.15
2001-11-06,330.24
2001-11-06,330.15
2001-11-06,330.1
2001-11-07,330.29
2001-11-07,330.38
2001-11-07,330.23
2001-11-07,330.29
2001-11-08,330.36
2001-11-08,330.34
2001-11-08,330.3
2001-11-08,330.41
2001-11-09,330.26
2001-11-09,330.35
2001-11-09,330.29
2001-11-09,330.32
2001-11-10,330.36
2001-11-10,330.32
2001-11-10,330.32
2001-11-10,330.27
2001-11-11,330.3
2001-11-11,330.33
2001-11-11,330.34
2001-11-11,330.38
2001-11-12,330.28
2001-11-12,330.28
2001-11-12,330.36
2001-11-12,330.22
2001-11-13,330.35
2001-11-13,330.25
2001-11-13,330.38
2001-11-13,330.33
2001-11-14,330.34
2001-11-14,330.23
2001-11-14,330.29
2001-11-14,330.28
2001-11-15,330.26
2001-11-15,330.27
2001-11-15,330.32
2001-11-15,330.22
2001-11-16,330.34
2001-11-16,330.35
2001-11-16,330.41
2001-11-16,330.29
2001-11-17,330.37
2001-11-17,330.41
2001-11-17,330.43
2001-11-17,330.46
2001-11-18,330.46
2001-11-18,330.45
2001-11-18,330.5
2001-11-18,330.41
2001-11-19,330.57
2001-11-19,330.5
2001-11-19,330.52
2001-11-19,330.53
2001-11-20,330.47
2001-11-20,330.39
2001-11-20,330.55
2001-11-20,330.47
2001-11-21,330.41
2001-11-21,330.34
2001-11-21,330.37
2001-11-21,330.37
2001-11-22,330.28
2001-11-22,330.34
2001-11-22,330.33
2001-11-22,330.38
2001-11-23,330.34
2001-11-23,330.28
2001-11-23,330.39
2001-11-23,330.34
2001-11-24,330.25
2001-11-24,330.42
2001-11-24,330.35
2001-11-24,330.36
2001-11-25,330.34
2001-11-25,330.52
2001-11-25,330.51
2001-11-25,330.59
2001-11-26,330.5
2001-11-26,330.54
2001-11-26,330.55
2001-11-26,330.61
2001-11-27,330.57
2001-11-27,330.52
2001-11-27,330.57
2001-11-27,330.65
2001-11-28,330.57
2001-11-28,330.67
2001-11-28,330.7
2001-11-28,330.63
2001-11-29,330.42
2001-11-29,330.49
2001-11-29,330.48
2001-11-29,330.57
2001-11-30,330.67
2001-11-30,330.58
2001-11-30,330.47
2001-11-30,330.6
2001-12-01,330.65
2001-12-01,330.73
2001-12-01,330.72
2001-12-01,330.75
2001-12-02,330.66
2001-12-02,330.72
2001-12-02,330.62
2001-12-02,330.68
2001-12-03,330.65
2001-12-03,330.51
2001-12-03,330.57
2001-12-03,330.58
2001-12-04,330.62
2001-12-04,330.62
2001-12-04,330.53
2001-12-04,330.81
2001-12-05,330.9
2001-12-05,330.81
2001-12-05,330.94
2001-12-05,330.88
2001-12-06,330.94
2001-12-06,330.88
2001-12-06,330.88
2001-12-06,330.84
2001-12-07,330.93
2001-12-07,330.87
2001-12-07,330.85
2001-12-07,330.82
2001-12-08,330.87
2001-12-08,330.72
2001-12-08,330.87
2001-12-08,330.92
2001-12-09,330.72
2001-12-09,330.49
2001-12-09,330.4
2001-12-09,330.49
2001-12-10,330.38
2001-12-10,330.41
2001-12-10,330.34
2001-12-10,330.44
2001-12-11,330.51
2001-12-11,330.38
2001-12-11,330.69
2001-12-11,330.51
2001-12-12,331.02
2001-12-12,330.85
2001-12-12,330.69
2001-12-12,330.86
2001-12-13,331.03
2001-12-13,331.08
2001-12-13,331.01
2001-12-13,330.88
2001-12-14,330.42
2001-12-14,330.88
2001-12-14,330.59
2001-12-14,330.59
2001-12-15,330.54
2001-12-15,330.76
2001-12-15,331.0
2001-12-15,330.76
2001-12-16,330.99
2001-12-16,331.08
2001-12-16,331.09
2001-12-16,331.13
2001-12-17,331.02
2001-12-17,331.12
2001-12-17,331.02
2001-12-17,330.97
2001-12-18,331.03
2001-12-18,330.97
2001-12-18,330.98
2001-12-18,330.95
2001-12-19,330.9
2001-12-19,330.82
2001-12-19,330.97
2001-12-19,330.89
2001-12-20,330.89
2001-12-20,330.84
2001-12-20,330.76
2001-12-20,330.83
2001-12-21,330.96
2001-12-21,330.84
2001-12-21,331.05
2001-12-21,330.96
2001-12-22,331.12
2001-12-22,331.03
2001-12-22,331.15
2001-12-22,331.11
2001-12-23,331.12
2001-12-23,331.02
2001-12-23,331.05
2001-12-23,331.09
2001-12-24,331.11
2001-12-24,331.13
2001-12-24,331.08
2001-12-24,331.17
2001-12-25,331.11
2001-12-25,331.1
2001-12-25,331.17
2001-12-25,331.06
2001-12-26,330.91
2001-12-26,330.95
2001-12-26,331.06
2001-12-26,330.95
2001-12-27,330.9
2001-12-27,330.94
2001-12-27,330.92
2001-12-27,330.87
2001-12-28,330.98
2001-12-28,330.92
2001-12-28,330.93
2001-12-28,330.88
2001-12-29,331.02
2001-12-29,331.01
2001-12-29,330.95
2001-12-29,331.07
2001-12-30,331.11
2001-12-30,331.05
2001-12-30,331.05
2001-12-30,331.01
2001-12-31,331.04
2001-12-31,331.1
2001-12-31,331.06
2001-12-31,331.02
2002-01-01,331.06
2002-01-01,331.14
2002-01-01,331.09
2002-01-01,331.09
2002-01-02,331.16
2002-01-02,331.06
2002-01-02,331.12
2002-01-02,331.1
2002-01-03,331.17
2002-01-03,331.12
2002-01-03,331.17
2002-01-03,331.21
2002-01-04,331.28
2002-01-04,331.28
2002-01-04,331.2
2002-01-04,331.38
2002-01-05,331.4
2002-01-05,331.46
2002-01-05,331.41
2002-01-05,331.37
2002-01-06,331.44
2002-01-06,331.35
2002-01-06,331.38
2002-01-06,331.38
2002-01-07,331.33
2002-01-07,331.39
2002-01-07,331.33
2002-01-07,331.23
2002-01-08,331.23
2002-01-08,331.13
2002-01-08,331.05
2002-01-08,331.13
2002-01-09,331.05
2002-01-09,331.03
2002-01-09,331.11
2002-01-09,330.96
2002-01-10,331.35
2002-01-10,331.09
2002-01-10,331.21
2002-01-10,331.2
2002-01-11,331.37
2002-01-11,331.34
2002-01-11,331.37
2002-01-11,331.42
2002-01-12,331.41
2002-01-12,331.33
2002-01-12,331.18
2002-01-12,331.33
2002-01-13,331.11
2002-01-13,331.11
2002-01-13,331.18
2002-01-13,331.06
2002-01-14,331.12
2002-01-14,331.09
2002-01-14,331.03
2002-01-14,331.07
2002-01-15,331.14
2002-01-15,331.21
2002-01-15,331.12
2002-01-15,331.05
2002-01-16,331.19
2002-01-16,331.4
2002-01-16,331.3
2002-01-16,331.27
2002-01-17,331.36
2002-01-17,331.4
2002-01-17,331.38
2002-01-17,331.33
2002-01-18,331.43
2002-01-18,331.51
2002-01-18,331.41
2002-01-18,331.36
2002-01-19,331.36
2002-01-19,331.5
2002-01-19,331.36
2002-01-19,331.27
2002-01-20,331.41
2002-01-20,331.46
2002-01-20,331.3
2002-01-20,331.43
2002-01-21,331.3
2002-01-21,331.37
2002-01-21,331.44
2002-01-21,331.37
2002-01-22,331.3
2002-01-22,331.3
2002-01-22,331.33
2002-01-22,331.26
2002-01-23,331.63
2002-01-23,331.45
2002-01-23,331.31
2002-01-23,331.46
2002-01-24,331.63
2002-01-24,331.69
2002-01-24,331.72
2002-01-24,331.76
2002-01-25,331.67
2002-01-25,331.39
2002-01-25,331.51
2002-01-25,331.51
2002-01-26,331.35
2002-01-26,331.35
2002-01-26,331.39
2002-01-26,331.31
2002-01-27,331.37
2002-01-27,331.33
2002-01-27,331.33
2002-01-27,331.29
2002-01-28,331.38
2002-01-28,331.43
2002-01-28,331.41
2002-01-28,331.34
2002-01-29,331.38
2002-01-29,331.42
2002-01-29,331.34
2002-01-29,331.39
2002-01-30,331.4
2002-01-30,331.69
2002-01-30,331.51
2002-01-30,331.51
2002-01-31,331.76
2002-01-31,331.82
2002-01-31,331.67
2002-01-31,331.8
2002-02-01,331.57
2002-02-01,331.67
2002-02-01,331.67
2002-02-01,331.77
2002-02-02,331.59
2002-02-02,331.55
2002-02-02,331.6
2002-02-02,331.69
2002-02-03,331.75
2002-02-03,331.7
2002-02-03,331.73
2002-02-03,331.66
2002-02-04,331.6
2002-02-04,331.68
2002-02-04,331.71
2002-02-04,331.68
2002-02-05,331.63
2002-02-05,331.69
2002-02-05,331.68
2002-02-05,331.66
2002-02-06,331.73
2002-02-06,331.67
2002-02-06,331.69
2002-02-06,331.71
2002-02-07,331.78
2002-02-07,331.69
2002-02-07,331.74
2002-02-07,331.72
2002-02-08,331.72
2002-02-08,331.71
2002-02-08,331.66
2002-02-08,331.75
2002-02-09,331.71
2002-02-09,331.93
2002-02-09,331.8
2002-02-09,331.82
2002-02-10,331.94
2002-02-10,331.98
2002-02-10,331.9
2002-02-10,332.0
2002-02-11,331.83
2002-02-11,331.63
2002-02-11,331.96
2002-02-11,331.83
2002-02-12,331.63
2002-02-12,331.48
2002-02-12,331.55
2002-02-12,331.55
2002-02-13,331.6
2002-02-13,331.48
2002-02-13,331.54
2002-02-13,331.56
2002-02-14,331.6
2002-02-14,331.58
2002-02-14,331.53
2002-02-14,331.66
2002-02-15,331.65
2002-02-15,331.74
2002-02-15,331.68
2002-02-15,331.69
2002-02-16,331.66
2002-02-16,331.61
2002-02-16,331.67
2002-02-16,331.72
2002-02-17,331.57
2002-02-17,331.53
2002-02-17,331.57
2002-02-17,331.65
2002-02-18,331.67
2002-02-18,331.82
2002-02-18,331.53
2002-02-18,331.65
2002-02-19,331.79
2002-02-19,331.89
2002-02-19,331.95
2002-02-19,331.87
2002-02-20,331.88
2002-02-20,331.92
2002-02-20,331.93
2002-02-20,331.96
2002-02-21,332.05
2002-02-21,332.02
2002-02-21,331.93
2002-02-21,332.06
2002-02-22,331.94
2002-02-22,331.8
2002-02-22,331.94
2002-02-22,332.03
2002-02-23,331.8
2002-02-23,331.71
2002-02-23,331.71
2002-02-23,331.63
2002-02-24,331.76
2002-02-24,331.85
2002-02-24,331.67
2002-02-24,331.77
2002-02-25,332.0
2002-02-25,331.84
2002-02-25,331.95
2002-02-25,331.92
2002-02-26,332.0
2002-02-26,331.96
2002-02-26,331.84
2002-02-26,331.96
2002-02-27,331.84
2002-02-27,331.74
2002-02-27,331.74
2002-02-27,331.68
2002-02-28,331.59
2002-02-28,331.72
2002-02-28,331.66
2002-02-28,331.69
2002-03-01,331.75
2002-03-01,331.73
2002-03-01,331.63
2002-03-01,331.86
2002-03-02,331.86
2002-03-02,332.17
2002-03-02,332.05
2002-03-02,332.03
2002-03-03,332.19
2002-03-03,332.23
2002-03-03,332.14
2002-03-03,332.22
2002-03-04,332.1
2002-03-04,332.1
2002-03-04,332.21
2002-03-04,332.0
2002-03-05,332.05
2002-03-05,331.99
2002-03-05,332.02
2002-03-05,332.06
2002-03-06,331.98
2002-03-06,332.02
2002-03-06,331.92
2002-03-06,331.98
2002-03-07,331.88
2002-03-07,331.8
2002-03-07,331.88
2002-03-07,331.93
2002-03-08,332.0
2002-03-08,331.98
2002-03-08,332.1
2002-03-08,331.85
2002-03-09,332.2
2002-03-09,332.16
2002-03-09,332.18
2002-03-09,332.1
2002-03-10,332.15
2002-03-10,332.07
2002-03-10,332.12
2002-03-10,332.18
2002-03-11,332.08
2002-03-11,332.18
2002-03-11,332.12
2002-03-11,332.15
2002-03-12,332.13
2002-03-12,332.05
2002-03-12,332.05
2002-03-12,331.96
2002-03-13,331.9
2002-03-13,332.0
2002-03-13,331.98
2002-03-13,331.97
2002-03-14,331.9
2002-03-14,331.96
2002-03-14,331.96
2002-03-14,332.03
2002-03-15,332.01
2002-03-15,332.02
2002-03-15,331.93
2002-03-15,332.05
2002-03-16,332.11
2002-03-16,332.12
2002-03-16,332.22
2002-03-16,332.0
2002-03-17,332.15
2002-03-17,331.96
2002-03-17,332.15
2002-03-17,332.21
2002-03-18,331.91
2002-03-18,332.26
2002-03-18,332.11
2002-03-18,332.11
2002-03-19,332.26
2002-03-19,332.33
2002-03-19,332.38
2002-03-19,332.36
2002-03-20,332.3
2002-03-20,332.3
2002-03-20,332.22
2002-03-20,332.37
2002-03-21,332.26
2002-03-21,332.22
2002-03-21,332.21
2002-03-21,332.16
2002-03-22,332.22
2002-03-22,332.19
2002-03-22,332.13
2002-03-22,332.18
2002-03-23,332.18
2002-03-23,332.22
2002-03-23,332.21
2002-03-23,332.15
2002-03-24,332.16
2002-03-24,332.23
2002-03-24,332.11
2002-03-24,332.16
2002-03-25,332.27
2002-03-25,332.23
2002-03-25,332.24
2002-03-25,332.19
2002-03-26,332.26
2002-03-26,332.16
2002-03-26,332.23
2002-03-26,332.23
2002-03-27,332.23
2002-03-27,332.28
2002-03-27,332.18
2002-03-27,332.25
2002-03-28,332.24
2002-03-28,332.26
2002-03-28,332.24
2002-03-28,332.2
2002-03-29,332.39
2002-03-29,332.25
2002-03-29,332.4
2002-03-29,332.34
2002-03-30,332.36
2002-03-30,332.36
2002-03-30,332.4
2002-03-30,332.31
2002-03-31,332.32
2002-03-31,332.36
2002-03-31,332.3
2002-03-31,332.26
2002-04-01,332.29
2002-04-01,332.27
2002-04-01,332.23
2002-04-01,332.27
2002-04-02,332.29
2002-04-02,332.35
2002-04-02,332.3
2002-04-02,332.26
2002-04-03,332.44
2002-04-03,332.35
2002-04-03,332.33
2002-04-03,332.36
2002-04-04,332.44
2002-04-04,332.44
2002-04-04,332.51
2002-04-04,332.4
2002-04-05,332.38
2002-04-05,332.46
2002-04-05,332.53
2002-04-05,332.52
2002-04-06,332.33
2002-04-06,332.34
2002-04-06,332.3
2002-04-06,332.38
2002-04-07,332.33
2002-04-07,332.42
2002-04-07,332.36
2002-04-07,332.38
2002-04-08,332.48
2002-04-08,332.47
2002-04-08,332.4
2002-04-08,332.57
2002-04-09,332.55
2002-04-09,332.59
2002-04-09,332.63
2002-04-09,332.63
2002-04-10,332.63
2002-04-10,332.58
2002-04-10,332.58
2002-04-10,332.5
2002-04-11,332.55
2002-04-11,332.51
2002-04-11,332.52
2002-04-11,332.46
2002-04-12,332.44
2002-04-12,332.49
2002-04-12,332.51
2002-04-12,332.53
2002-04-13,332.49
2002-04-13,332.55
2002-04-13,332.43
2002-04-13,332.52
2002-04-14,332.44
2002-04-14,332.44
2002-04-14,332.52
2002-04-14,332.32
2002-04-15,332.34
2002-04-15,332.32
2002-04-15,332.42
2002-04-15,332.29
2002-04-16,332.53
2002-04-16,332.52
2002-04-16,332.61
2002-04-16,332.42
2002-04-17,332.59
2002-04-17,332.68
2002-04-17,332.68
2002-04-17,332.64
2002-04-18,332.66
2002-04-18,332.67
2002-04-18,332.56
2002-04-18,332.69
2002-04-19,332.58
2002-04-19,332.58
2002-04-19,332.6
2002-04-19,332.51
2002-04-20,332.7
2002-04-20,332.65
2002-04-20,332.59
2002-04-20,332.71
2002-04-21,332.65
2002-04-21,332.59
2002-04-21,332.65
2002-04-21,332.68
2002-04-22,332.73
2002-04-22,332.7
2002-04-22,332.61
2002-04-22,332.67
2002-04-23,332.7
2002-04-23,332.81
2002-04-23,332.78
2002-04-23,332.74
2002-04-24,332.9
2002-04-24,332.75
2002-04-24,332.9
2002-04-24,332.8
2002-04-25,332.79
2002-04-25,332.69
2002-04-25,332.61
2002-04-25,332.7
2002-04-26,332.57
2002-04-26,332.63
2002-04-26,332.57
2002-04-26,332.54
2002-04-27,332.61
2002-04-27,332.73
2002-04-27,332.77
2002-04-27,332.7
2002-04-28,332.76
2002-04-28,332.72
2002-04-28,332.81
2002-04-28,332.82
2002-04-29,332.71
2002-04-29,332.78
2002-04-29,332.78
2002-04-29,332.74
2002-04-30,332.76
2002-04-30,332.74
2002-04-30,332.73
2002-04-30,332.66
2002-05-01,332.69
2002-05-01,332.64
2002-05-01,332.73
2002-05-01,332.73
2002-05-02,332.7
2002-05-02,332.76
2002-05-02,332.77
2002-05-02,332.83
2002-05-03,332.77
2002-05-03,332.81
2002-05-03,332.84
2002-05-03,332.84
2002-05-04,332.85
2002-05-04,332.85
2002-05-04,332.8
2002-05-04,332.83
2002-05-05,332.85
2002-05-05,332.88
2002-05-05,332.87
2002-05-05,332.81
2002-05-06,332.82
2002-05-06,332.87
2002-05-06,332.79
2002-05-06,332.87
2002-05-07,332.75
2002-05-07,332.83
2002-05-07,332.78
2002-05-07,332.83
2002-05-08,332.77
2002-05-08,332.85
2002-05-08,332.83
2002-05-08,332.9
2002-05-09,332.86
2002-05-09,332.88
2002-05-09,332.89
2002-05-09,332.8
2002-05-10,332.73
2002-05-10,332.82
2002-05-10,332.79
2002-05-10,332.83
2002-05-11,333.01
2002-05-11,332.86
2002-05-11,332.77
2002-05-11,332.84
2002-05-12,333.08
2002-05-12,333.07
2002-05-12,333.01
2002-05-12,333.05
2002-05-13,333.02
2002-05-13,332.89
2002-05-13,333.07
2002-05-13,333.01
2002-05-14,332.83
2002-05-14,332.75
2002-05-14,332.89
2002-05-14,332.83
2002-05-15,332.8
2002-05-15,332.83
2002-05-15,332.91
2002-05-15,332.85
2002-05-16,332.99
2002-05-16,332.94
2002-05-16,332.97
2002-05-16,332.89
2002-05-17,332.97
2002-05-17,332.92
2002-05-17,332.99
2002-05-17,332.99
2002-05-18,332.95
2002-05-18,332.99
2002-05-18,332.92
2002-05-18,332.98
2002-05-19,333.06
2002-05-19,332.92
2002-05-19,332.98
2002-05-19,333.0
2002-05-20,333.09
2002-05-20,333.09
2002-05-20,333.04
2002-05-20,333.13
2002-05-21,333.2
2002-05-22,333.06
2002-05-22,332.99
2002-05-22,333.06
2002-05-22,333.14
2002-05-23,332.98
2002-05-23,332.99
2002-05-23,333.04
2002-05-23,332.95
2002-05-24,333.04
2002-05-24,333.06
2002-05-24,332.99
2002-05-24,333.09
2002-05-25,333.04
2002-05-25,333.13
2002-05-25,333.12
2002-05-25,333.08
2002-05-26,333.13
2002-05-26,333.13
2002-05-26,333.1
2002-05-26,333.07
2002-05-27,333.12
2002-05-27,333.15
2002-05-27,333.09
2002-05-27,333.15
2002-05-28,333.13
2002-05-28,333.16
2002-05-28,333.17
2002-05-28,333.09
2002-05-29,333.11
2002-05-29,333.13
2002-05-29,333.14
2002-05-29,333.05
2002-05-30,333.11
2002-05-30,333.24
2002-05-30,333.15
2002-05-30,333.08
2002-05-31,333.21
2002-05-31,333.11
2002-05-31,333.13
2002-05-31,333.13
2002-06-01,333.13
2002-06-01,333.18
2002-06-01,333.15
2002-06-01,333.09
2002-06-02,333.14
2002-06-02,333.16
2002-06-02,333.17
2002-06-02,333.09
2002-06-03,333.22
2002-06-03,333.12
2002-06-03,333.22
2002-06-03,333.19
2002-06-04,333.23
2002-06-04,333.28
2002-06-04,333.19
2002-06-04,333.24
2002-06-05,333.23
2002-06-05,333.27
2002-06-05,333.29
2002-06-05,333.31
2002-06-06,333.22
2002-06-06,333.2
2002-06-06,333.27
2002-06-06,333.23
2002-06-07,333.24
2002-06-07,333.24
2002-06-07,333.2
2002-06-07,333.16
2002-06-08,333.18
2002-06-08,333.2
2002-06-08,333.21
2002-06-08,333.14
2002-06-09,333.24
2002-06-09,333.2
2002-06-09,333.24
2002-06-09,333.16
2002-06-10,333.23
2002-06-10,333.25
2002-06-10,333.32
2002-06-10,333.2
2002-06-11,333.36
2002-06-11,333.29
2002-06-11,333.39
2002-06-11,333.42
2002-06-12,333.47
2002-06-12,333.45
2002-06-12,333.4
2002-06-12,333.49
2002-06-13,333.5
2002-06-13,333.51
2002-06-13,333.44
2002-06-13,333.47
2002-06-14,333.44
2002-06-14,333.48
2002-06-14,333.41
2002-06-14,333.46
2002-06-15,333.4
2002-06-15,333.46
2002-06-15,333.5
2002-06-15,333.45
2002-06-16,333.52
2002-06-16,333.46
2002-06-16,333.52
2002-06-16,333.49
2002-06-17,333.52
2002-06-17,333.47
2002-06-17,333.42
2002-06-17,333.47
2002-06-18,333.31
2002-06-18,333.39
2002-06-18,333.43
2002-06-18,333.38
2002-06-19,333.3
2002-06-19,333.46
2002-06-19,333.49
2002-06-19,333.52
2002-06-20,333.61
2002-06-20,333.57
2002-06-20,333.48
2002-06-20,333.56
2002-06-21,333.66
2002-06-21,333.65
2002-06-21,333.56
2002-06-21,333.69
2002-06-22,333.69
2002-06-22,333.68
2002-06-22,333.7
2002-06-22,333.64
2002-06-23,333.68
2002-06-23,333.6
2002-06-23,333.65
2002-06-23,333.68
2002-06-24,333.61
2002-06-24,333.65
2002-06-24,333.68
2002-06-24,333.68
2002-06-25,333.67
2002-06-25,333.63
2002-06-25,333.7
2002-06-25,333.7
2002-06-26,333.68
2002-06-26,333.66
2002-06-26,333.72
2002-06-26,333.72
2002-06-27,333.66
2002-06-27,333.68
2002-06-27,333.57
2002-06-27,333.64
2002-06-28,333.6
2002-06-28,333.56
2002-06-28,333.53
2002-06-28,333.59
2002-06-29,333.64
2002-06-29,333.56
2002-06-29,333.6
2002-06-29,333.66
2002-06-30,333.73
2002-06-30,333.63
2002-06-30,333.7
2002-06-30,333.68
2002-07-01,333.7
2002-07-01,333.78
2002-07-01,333.76
2002-07-01,333.74
2002-07-02,333.76
2002-07-02,333.71
2002-07-02,333.8
2002-07-02,333.8
2002-07-03,333.71
2002-07-03,333.71
2002-07-03,333.75
2002-07-03,333.65
2002-07-04,333.69
2002-07-04,333.68
2002-07-04,333.63
2002-07-04,333.65
2002-07-05,333.76
2002-07-05,333.65
2002-07-05,333.73
2002-07-05,333.71
2002-07-06,333.8
2002-07-06,333.78
2002-07-06,333.76
2002-07-06,333.71
2002-07-07,333.78
2002-07-07,333.82
2002-07-07,333.76
2002-07-07,333.81
2002-07-08,333.83
2002-07-08,333.77
2002-07-08,333.8
2002-07-08,333.84
2002-07-09,333.82
2002-07-09,333.78
2002-07-09,333.85
2002-07-09,333.86
2002-07-10,333.84
2002-07-10,333.93
2002-07-10,333.88
2002-07-10,333.86
2002-07-11,333.88
2002-07-11,333.93
2002-07-11,333.84
2002-07-11,333.93
2002-07-12,333.81
2002-07-12,333.9
2002-07-12,333.86
2002-07-12,333.89
2002-07-13,333.85
2002-07-13,333.83
2002-07-13,333.82
2002-07-13,333.77
2002-07-14,333.88
2002-07-14,333.85
2002-07-14,333.78
2002-07-14,333.82
2002-07-15,333.94
2002-07-15,333.88
2002-07-15,333.99
2002-07-15,333.96
2002-07-16,333.98
2002-07-16,333.97
2002-07-16,333.94
2002-07-16,334.01
2002-07-17,333.96
2002-07-17,334.04
2002-07-17,334.0
2002-07-17,334.03
2002-07-18,334.04
2002-07-18,334.06
2002-07-18,334.03
2002-07-18,333.96
2002-07-19,334.0
2002-07-19,334.01
2002-07-19,333.92
2002-07-19,333.98
2002-07-20,334.04
2002-07-20,333.99
2002-07-20,334.01
2002-07-20,333.94
2002-07-21,334.04
2002-07-21,334.08
2002-07-21,334.07
2002-07-21,333.99
2002-07-22,334.03
2002-07-22,333.99
2002-07-22,334.08
2002-07-22,334.05
2002-07-23,334.04
2002-07-23,334.1
2002-07-23,334.18
2002-07-23,334.08
2002-07-24,334.17
2002-07-24,334.21
2002-07-24,334.2
2002-07-24,334.15
2002-07-25,334.23
2002-07-25,334.2
2002-07-25,334.19
2002-07-25,334.11
2002-07-26,334.11
2002-07-26,334.13
2002-07-26,334.04
2002-07-26,334.16
2002-07-27,334.14
2002-07-27,334.16
2002-07-27,334.08
2002-07-27,334.11
2002-07-28,334.15
2002-07-28,334.19
2002-07-28,334.22
2002-07-28,334.21
2002-07-29,334.22
2002-07-29,334.11
2002-07-29,334.16
2002-07-29,334.17
2002-07-30,334.18
2002-07-30,334.12
2002-07-30,334.22
2002-07-30,334.15
2002-07-31,334.22
2002-07-31,334.2
2002-07-31,334.22
2002-07-31,334.16
2002-08-01,334.13
2002-08-01,334.17
2002-08-01,334.18
2002-08-01,334.2
2002-08-02,334.17
2002-08-02,334.2
2002-08-02,334.21
2002-08-02,334.14
2002-08-03,334.31
2002-08-03,334.28
2002-08-03,334.21
2002-08-03,334.33
2002-08-04,334.26
2002-08-04,334.31
2002-08-04,334.35
2002-08-04,334.36
2002-08-05,334.27
2002-08-05,334.31
2002-08-05,334.23
2002-08-05,334.29
2002-08-06,334.25
2002-08-06,334.34
2002-08-06,334.29
2002-08-06,334.32
2002-08-07,334.38
2002-08-07,334.34
2002-08-07,334.3
2002-08-07,334.39
2002-08-08,334.43
2002-08-08,334.39
2002-08-08,334.34
2002-08-08,334.43
2002-08-09,334.3
2002-08-09,334.41
2002-08-09,334.37
2002-08-09,334.37
2002-08-10,334.33
2002-08-10,334.29
2002-08-10,334.24
2002-08-10,334.3
2002-08-11,334.28
2002-08-11,334.25
2002-08-11,334.3
2002-08-11,334.31
2002-08-12,334.27
2002-08-12,334.3
2002-08-12,334.36
2002-08-12,334.33
2002-08-13,334.34
2002-08-13,334.4
2002-08-13,334.38
2002-08-13,334.41
2002-08-14,334.41
2002-08-14,334.39
2002-08-14,334.34
2002-08-14,334.41
2002-08-15,334.42
2002-08-15,334.43
2002-08-15,334.39
2002-08-15,334.35
2002-08-16,334.5
2002-08-16,334.41
2002-08-16,334.51
2002-08-16,334.47
2002-08-17,334.52
2002-08-17,334.44
2002-08-17,334.51
2002-08-17,334.47
2002-08-18,334.4
2002-08-18,334.47
2002-08-18,334.44
2002-08-18,334.49
2002-08-19,334.41
2002-08-19,334.5
2002-08-19,334.46
2002-08-19,334.47
2002-08-20,334.54
2002-08-20,334.51
2002-08-20,334.54
2002-08-20,334.47
2002-08-21,334.58
2002-08-21,334.57
2002-08-21,334.52
2002-08-21,334.62
2002-08-22,334.6
2002-08-22,334.68
2002-08-22,334.72
2002-08-22,334.73
2002-08-23,334.76
2002-08-23,334.74
2002-08-23,334.65
2002-08-23,334.7
2002-08-24,334.67
2002-08-24,334.73
2002-08-24,334.7
2002-08-24,334.69
2002-08-25,334.74
2002-08-25,334.71
2002-08-25,334.68
2002-08-25,334.73
2002-08-26,334.66
2002-08-26,334.58
2002-08-26,334.72
2002-08-26,334.66
2002-08-27,334.58
2002-08-27,334.5
2002-08-27,334.55
2002-08-27,334.54
2002-08-28,334.55
2002-08-28,334.65
2002-08-28,334.61
2002-08-28,334.63
2002-08-29,334.7
2002-08-29,334.66
2002-08-29,334.63
2002-08-29,334.68
2002-08-30,334.69
2002-08-30,334.67
2002-08-30,334.75
2002-08-30,334.72
2002-08-31,334.82
2002-08-31,334.83
2002-08-31,334.74
2002-08-31,334.79
2002-09-01,334.81
2002-09-01,334.83
2002-09-01,334.86
2002-09-01,334.77
2002-09-02,334.78
2002-09-02,334.71
2002-09-02,334.78
2002-09-02,334.81
2002-09-03,334.8
2002-09-03,334.73
2002-09-03,334.81
2002-09-03,334.78
2002-09-04,334.87
2002-09-04,334.85
2002-09-04,334.82
2002-09-04,334.79
2002-09-05,334.8
2002-09-05,334.89
2002-09-05,334.89
2002-09-05,334.85
2002-09-06,334.85
2002-09-06,334.8
2002-09-06,334.83
2002-09-06,334.76
2002-09-07,334.81
2002-09-07,334.89
2002-09-07,334.76
2002-09-07,334.81
2002-09-08,334.94
2002-09-08,334.91
2002-09-08,334.87
2002-09-08,334.98
2002-09-09,334.97
2002-09-09,334.98
2002-09-09,334.99
2002-09-09,334.91
2002-09-10,334.96
2002-09-10,334.91
2002-09-10,334.9
2002-09-10,334.85
2002-09-11,334.94
2002-09-11,334.91
2002-09-11,334.88
2002-09-11,334.92
2002-09-12,334.96
2002-09-12,334.94
2002-09-12,334.91
2002-09-12,334.97
2002-09-13,334.92
2002-09-13,334.96
2002-09-13,335.0
2002-09-13,334.97
2002-09-14,335.05
2002-09-14,335.02
2002-09-14,334.97
2002-09-14,335.01
2002-09-15,334.99
2002-09-15,335.07
2002-09-15,335.05
2002-09-15,335.03
2002-09-16,335.01
2002-09-16,334.99
2002-09-16,334.93
2002-09-16,334.98
2002-09-17,335.01
2002-09-17,334.97
2002-09-17,334.93
2002-09-17,334.99
2002-09-18,335.02
2002-09-18,334.93
2002-09-18,334.96
2002-09-18,334.96
2002-09-19,334.99
2002-09-19,335.04
2002-09-19,335.09
2002-09-19,335.06
2002-09-20,335.1
2002-09-20,335.05
2002-09-20,335.15
2002-09-20,335.08
2002-09-21,335.2
2002-09-21,335.24
2002-09-21,335.17
2002-09-21,335.14
2002-09-22,335.17
2002-09-22,335.24
2002-09-22,335.27
2002-09-22,335.23
2002-09-23,335.19
2002-09-23,335.23
2002-09-23,335.11
2002-09-23,335.19
2002-09-24,335.17
2002-09-24,335.19
2002-09-24,335.16
2002-09-24,335.12
2002-09-25,335.21
2002-09-25,335.19
2002-09-25,335.13
2002-09-25,335.17
2002-09-26,335.16
2002-09-26,335.13
2002-09-26,335.18
2002-09-26,335.2
2002-09-27,335.13
2002-09-27,335.2
2002-09-27,335.2
2002-09-27,335.16
2002-09-28,335.26
2002-09-28,335.17
2002-09-28,335.28
2002-09-28,335.28
2002-09-29,335.39
2002-09-29,335.36
2002-09-29,335.28
2002-09-29,335.4
2002-09-30,335.38
2002-09-30,335.41
2002-09-30,335.35
2002-09-30,335.42
2002-10-01,335.34
2002-10-01,335.35
2002-10-01,335.33
2002-10-01,335.27
2002-10-02,335.34
2002-10-02,335.34
2002-10-02,335.45
2002-10-02,335.3
2002-10-03,335.47
2002-10-03,335.43
2002-10-03,335.49
2002-10-03,335.51
2002-10-04,335.38
2002-10-04,335.43
2002-10-04,335.44
2002-10-04,335.48
2002-10-05,335.53
2002-10-05,335.49
2002-10-05,335.48
2002-10-05,335.44
2002-10-06,335.55
2002-10-06,335.49
2002-10-06,335.53
2002-10-06,335.58
2002-10-07,335.51
2002-10-07,335.56
2002-10-07,335.43
2002-10-07,335.51
2002-10-08,335.48
2002-10-08,335.44
2002-10-08,335.37
2002-10-08,335.44
2002-10-09,335.52
2002-10-09,335.47
2002-10-09,335.52
2002-10-09,335.45
2002-10-10,335.53
2002-10-10,335.47
2002-10-10,335.5
2002-10-10,335.51
2002-10-11,335.66
2002-10-11,335.58
2002-10-11,335.59
2002-10-11,335.51
2002-10-12,335.71
2002-10-12,335.69
2002-10-12,335.73
2002-10-12,335.64
2002-10-13,335.67
2002-10-13,335.61
2002-10-13,335.69
2002-10-13,335.66
2002-10-14,335.63
2002-10-14,335.59
2002-10-14,335.55
2002-10-14,335.58
2002-10-15,335.54
2002-10-15,335.5
2002-10-15,335.54
2002-10-15,335.57
2002-10-16,335.47
2002-10-16,335.55
2002-10-16,335.51
2002-10-16,335.54
2002-10-17,335.56
2002-10-17,335.64
2002-10-17,335.49
2002-10-17,335.58
2002-10-18,335.73
2002-10-18,335.7
2002-10-18,335.67
2002-10-18,335.6
2002-10-19,335.69
2002-10-19,335.66
2002-10-19,335.7
2002-10-19,335.72
2002-10-20,335.65
2002-10-20,335.68
2002-10-20,335.6
2002-10-20,335.64
2002-10-21,335.67
2002-10-21,335.72
2002-10-21,335.64
2002-10-21,335.69
2002-10-22,335.69
2002-10-22,335.75
2002-10-22,335.74
2002-10-22,335.8
2002-10-23,335.81
2002-10-23,335.8
2002-10-23,335.83
2002-10-23,335.76
2002-10-24,335.83
2002-10-24,335.74
2002-10-24,335.82
2002-10-24,335.8
2002-10-25,335.79
2002-10-25,335.67
2002-10-25,335.73
2002-10-25,335.72
2002-10-26,335.67
2002-10-26,335.83
2002-10-26,335.72
2002-10-26,335.74
2002-10-27,335.97
2002-10-27,335.89
2002-10-27,335.89
2002-10-27,335.82
2002-10-28,335.89
2002-10-28,335.93
2002-10-28,335.98
2002-10-28,335.93
2002-10-29,335.87
2002-10-29,335.83
2002-10-29,335.91
2002-10-29,335.88
2002-10-30,335.87
2002-10-30,335.86
2002-10-30,335.96
2002-10-30,335.89
2002-10-31,335.94
2002-10-31,336.0
2002-10-31,335.91
2002-10-31,335.92
2002-11-01,335.94
2002-11-01,336.0
2002-11-01,335.98
2002-11-01,336.06
2002-11-02,336.02
2002-11-02,336.08
2002-11-02,336.06
2002-11-02,336.03
2002-11-03,335.89
2002-11-03,335.93
2002-11-03,335.98
2002-11-03,336.03
2002-11-04,336.04
2002-11-04,336.06
2002-11-04,336.19
2002-11-04,335.98
2002-11-05,336.16
2002-11-05,336.24
2002-11-05,336.24
2002-11-05,336.29
2002-11-06,336.23
2002-11-06,336.29
2002-11-06,336.25
2002-11-06,336.19
2002-11-07,336.16
2002-11-07,336.19
2002-11-07,336.2
2002-11-07,336.27
2002-11-08,336.07
2002-11-08,336.13
2002-11-08,336.18
2002-11-08,336.13
2002-11-09,336.15
2002-11-09,336.13
2002-11-09,336.1
2002-11-09,336.19
2002-11-10,336.23
2002-11-10,336.26
2002-11-10,336.23
2002-11-10,336.15
2002-11-11,336.21
2002-11-11,336.26
2002-11-11,336.4
2002-11-11,336.28
2002-11-12,336.44
2002-11-12,336.38
2002-11-12,336.38
2002-11-12,336.32
2002-11-13,336.21
2002-11-13,336.27
2002-11-13,336.24
2002-11-13,336.32
2002-11-14,336.33
2002-11-14,336.28
2002-11-14,336.23
2002-11-14,336.27
2002-11-15,336.46
2002-11-15,336.41
2002-11-15,336.33
2002-11-15,336.41
2002-11-16,336.48
2002-11-16,336.41
2002-11-16,336.41
2002-11-16,336.33
2002-11-17,336.25
2002-11-17,336.29
2002-11-17,336.34
2002-11-17,336.22
2002-11-18,336.34
2002-11-18,336.54
2002-11-18,336.44
2002-11-18,336.43
2002-11-19,336.54
2002-11-19,336.42
2002-11-19,336.47
2002-11-19,336.47
2002-11-20,336.35
2002-11-20,336.45
2002-11-20,336.41
2002-11-20,336.38
2002-11-21,336.4
2002-11-21,336.36
2002-11-21,336.45
2002-11-21,336.39
2002-11-22,336.33
2002-11-22,336.33
2002-11-22,336.38
2002-11-22,336.3
2002-11-23,336.28
2002-11-23,336.26
2002-11-23,336.37
2002-11-23,336.31
2002-11-24,336.35
2002-11-24,336.29
2002-11-24,336.42
2002-11-24,336.33
2002-11-25,336.3
2002-11-25,336.27
2002-11-25,336.32
2002-11-25,336.38
2002-11-26,336.43
2002-11-26,336.38
2002-11-26,336.37
2002-11-26,336.33
2002-11-27,336.55
2002-11-27,336.43
2002-11-27,336.38
2002-11-27,336.42
2002-11-28,336.6
2002-11-28,336.53
2002-11-28,336.47
2002-11-28,336.51
2002-11-29,336.56
2002-11-29,336.52
2002-11-29,336.5
2002-11-29,336.47
2002-11-30,336.62
2002-11-30,336.69
2002-11-30,336.54
2002-11-30,336.6
2002-12-01,336.68
2002-12-01,336.62
2002-12-01,336.57
2002-12-01,336.62
2002-12-02,336.5
2002-12-02,336.48
2002-12-02,336.56
2002-12-02,336.59
2002-12-03,336.57
2002-12-03,336.67
2002-12-03,336.75
2002-12-03,336.66
2002-12-04,336.75
2002-12-04,336.8
2002-12-04,336.75
2002-12-04,336.72
2002-12-05,336.77
2002-12-05,336.7
2002-12-05,336.67
2002-12-05,336.71
2002-12-06,336.71
2002-12-06,336.66
2002-12-06,336.59
2002-12-06,336.64
2002-12-07,336.75
2002-12-07,336.65
2002-12-07,336.68
2002-12-07,336.69
2002-12-08,336.8
2002-12-08,336.8
2002-12-08,336.84
2002-12-08,336.74
2002-12-09,336.79
2002-12-09,336.84
2002-12-09,336.8
2002-12-09,336.77
2002-12-10,336.73
2002-12-10,336.68
2002-12-10,336.73
2002-12-10,336.8
2002-12-11,336.68
2002-12-11,336.82
2002-12-11,336.73
2002-12-11,336.74
2002-12-12,336.87
2002-12-12,336.85
2002-12-12,336.92
2002-12-12,336.81
2002-12-13,336.87
2002-12-13,336.86
2002-12-13,336.88
2002-12-13,336.93
2002-12-14,336.87
2002-12-14,336.92
2002-12-14,336.85
2002-12-14,336.87
2002-12-15,336.82
2002-12-15,336.86
2002-12-15,336.84
2002-12-15,336.92
2002-12-16,336.72
2002-12-16,336.72
2002-12-16,336.54
2002-12-16,336.84
2002-12-17,336.67
2002-12-17,336.6
2002-12-17,336.6
2002-12-17,336.56
2002-12-18,336.86
2002-12-18,336.67
2002-12-18,337.06
2002-12-18,336.85
2002-12-19,337.05
2002-12-19,336.92
2002-12-19,337.11
2002-12-19,337.04
2002-12-20,336.81
2002-12-20,336.95
2002-12-20,336.88
2002-12-20,336.89
2002-12-21,336.9
2002-12-21,336.9
2002-12-21,336.79
2002-12-21,336.97
2002-12-22,336.8
2002-12-22,336.74
2002-12-22,336.75
2002-12-22,336.72
2002-12-23,336.81
2002-12-23,336.75
2002-12-23,336.83
2002-12-23,337.01
2002-12-24,337.18
2002-12-24,337.13
2002-12-24,337.14
2002-12-24,337.01
2002-12-25,337.17
2002-12-25,337.13
2002-12-25,337.22
2002-12-25,337.13
2002-12-26,337.3
2002-12-26,337.28
2002-12-26,337.36
2002-12-26,337.22
2002-12-27,337.29
2002-12-27,337.15
2002-12-27,337.37
2002-12-27,337.29
2002-12-28,336.95
2002-12-28,337.0
2002-12-28,337.15
2002-12-28,336.99
2002-12-29,337.15
2002-12-29,337.0
2002-12-29,336.93
2002-12-29,336.99
2002-12-30,337.15
2002-12-30,337.21
2002-12-30,337.24
2002-12-30,337.3
2002-12-31,337.18
2002-12-31,337.28
2002-12-31,337.13
2002-12-31,337.18
2003-01-01,337.19
2003-01-01,337.15
2003-01-01,337.2
2003-01-01,337.26
2003-01-02,337.3
2003-01-02,337.2
2003-01-02,337.22
2003-01-02,337.24
2003-01-03,337.23
2003-01-03,337.22
2003-01-03,337.27
2003-01-03,337.2
2003-01-04,337.22
2003-01-04,337.24
2003-01-04,337.24
2003-01-04,337.29
2003-01-05,337.08
2003-01-05,337.13
2003-01-05,337.22
2003-01-05,337.14
2003-01-06,337.14
2003-01-06,337.09
2003-01-06,337.21
2003-01-06,337.09
2003-01-07,337.25
2003-01-07,337.16
2003-01-07,337.13
2003-01-07,337.2
2003-01-08,337.24
2003-01-08,337.19
2003-01-08,337.3
2003-01-08,337.23
2003-01-09,337.26
2003-01-09,337.31
2003-01-09,337.36
2003-01-09,337.29
2003-01-10,337.36
2003-01-10,337.29
2003-01-10,337.33
2003-01-10,337.33
2003-01-11,337.46
2003-01-11,337.37
2003-01-11,337.35
2003-01-11,337.32
2003-01-12,337.57
2003-01-12,337.46
2003-01-12,337.53
2003-01-12,337.52
2003-01-13,337.58
2003-01-13,337.52
2003-01-13,337.52
2003-01-13,337.49
2003-01-14,337.44
2003-01-14,337.49
2003-01-14,337.44
2003-01-14,337.4
2003-01-15,337.4
2003-01-15,337.53
2003-01-15,337.47
2003-01-15,337.47
2003-01-16,337.48
2003-01-16,337.52
2003-01-16,337.51
2003-01-16,337.58
2003-01-17,337.49
2003-01-17,337.45
2003-01-17,337.39
2003-01-17,337.42
2003-01-18,337.42
2003-01-18,337.45
2003-01-18,337.5
2003-01-18,337.45
2003-01-19,337.5
2003-01-19,337.54
2003-01-19,337.5
2003-01-19,337.47
2003-01-20,337.51
2003-01-20,337.49
2003-01-20,337.52
2003-01-20,337.57
2003-01-21,337.63
2003-01-21,337.55
2003-01-21,337.53
2003-01-21,337.57
2003-01-22,337.6
2003-01-22,337.66
2003-01-22,337.69
2003-01-22,337.65
2003-01-23,337.56
2003-01-23,337.56
2003-01-23,337.64
2003-01-23,337.47
2003-01-24,337.5
2003-01-24,337.51
2003-01-24,337.55
2003-01-24,337.45
2003-01-25,337.66
2003-01-25,337.54
2003-01-25,337.55
2003-01-25,337.5
2003-01-26,337.66
2003-01-26,337.63
2003-01-26,337.66
2003-01-26,337.72
2003-01-27,337.54
2003-01-27,337.63
2003-01-27,337.5
2003-01-27,337.54
2003-01-28,337.5
2003-01-28,337.63
2003-01-28,337.56
2003-01-28,337.55
2003-01-29,337.75
2003-01-29,337.68
2003-01-29,337.61
2003-01-29,337.69
2003-01-30,337.69
2003-01-30,337.77
2003-01-30,337.72
2003-01-30,337.71
2003-01-31,337.66
2003-01-31,337.68
2003-01-31,337.61
2003-01-31,337.74
2003-02-01,337.65
2003-02-01,337.47
2003-02-01,337.55
2003-02-01,337.55
2003-02-02,337.67
2003-02-02,337.43
2003-02-02,337.54
2003-02-02,337.55
2003-02-03,337.74
2003-02-03,337.78
2003-02-03,337.67
2003-02-03,337.74
2003-02-04,337.66
2003-02-04,337.66
2003-02-04,337.74
2003-02-04,337.59
2003-02-05,337.66
2003-02-05,337.72
2003-02-05,337.64
2003-02-05,337.61
2003-02-06,337.79
2003-02-06,337.73
2003-02-06,337.75
2003-02-06,337.7
2003-02-07,337.74
2003-02-07,337.76
2003-02-07,337.74
2003-02-07,337.69
2003-02-08,337.89
2003-02-08,337.78
2003-02-08,337.78
2003-02-08,337.73
2003-02-09,337.89
2003-02-09,337.95
2003-02-09,337.93
2003-02-09,337.99
2003-02-10,337.87
2003-02-10,337.95
2003-02-10,337.76
2003-02-10,337.87
2003-02-11,337.8
2003-02-11,337.75
2003-02-11,337.85
2003-02-11,337.87
2003-02-12,337.64
2003-02-12,337.8
2003-02-12,337.68
2003-02-12,337.71
2003-02-13,337.65
2003-02-13,337.73
2003-02-13,337.8
2003-02-13,337.73
2003-02-14,337.86
2003-02-14,337.79
2003-02-14,338.01
2003-02-14,337.87
2003-02-15,338.04
2003-02-15,338.13
2003-02-15,337.97
2003-02-15,338.04
2003-02-16,338.07
2003-02-16,338.11
2003-02-16,338.15
2003-02-16,338.13
2003-02-17,338.08
2003-02-17,338.12
2003-02-17,338.07
2003-02-17,338.03
2003-02-18,338.13
2003-02-18,338.04
2003-02-18,338.1
2003-02-18,338.08
2003-02-19,338.02
2003-02-19,338.07
2003-02-19,338.02
2003-02-19,337.8
2003-02-20,338.07
2003-02-20,337.92
2003-02-20,337.78
2003-02-20,337.92
2003-02-21,338.16
2003-02-21,338.13
2003-02-21,338.07
2003-02-21,338.1
2003-02-22,338.02
2003-02-22,338.12
2003-02-22,338.02
2003-02-22,337.92
2003-02-23,337.89
2003-02-23,337.94
2003-02-23,337.84
2003-02-23,337.87
2003-02-24,337.95
2003-02-24,337.93
2003-02-24,337.97
2003-02-24,337.87
2003-02-25,337.83
2003-02-25,337.98
2003-02-25,337.86
2003-02-25,337.8
2003-02-26,337.97
2003-02-26,338.14
2003-02-26,338.09
2003-02-26,338.08
2003-02-27,338.1
2003-02-27,338.15
2003-02-27,338.19
2003-02-27,338.16
2003-02-28,338.27
2003-02-28,338.16
2003-02-28,338.2
2003-02-28,338.2
2003-03-01,338.25
2003-03-01,338.21
2003-03-01,338.26
2003-03-01,338.33
2003-03-02,338.35
2003-03-02,338.31
2003-03-02,338.38
2003-03-02,338.42
2003-03-03,338.14
2003-03-03,338.39
2003-03-03,338.25
2003-03-03,338.25
2003-03-04,338.15
2003-03-04,338.1
2003-03-04,338.18
2003-03-04,338.14
2003-03-05,338.3
2003-03-05,338.29
2003-03-05,338.4
2003-03-05,338.17
2003-03-06,338.41
2003-03-06,338.38
2003-03-06,338.32
2003-03-06,338.36
2003-03-07,338.28
2003-03-07,338.36
2003-03-07,338.3
2003-03-07,338.25
2003-03-08,338.52
2003-03-08,338.34
2003-03-08,338.46
2003-03-08,338.47
2003-03-09,338.48
2003-03-09,338.49
2003-03-09,338.44
2003-03-09,338.52
2003-03-10,338.39
2003-03-10,338.39
2003-03-10,338.44
2003-03-10,338.34
2003-03-11,338.34
2003-03-11,338.32
2003-03-11,338.27
2003-03-11,338.31
2003-03-12,338.43
2003-03-12,338.36
2003-03-12,338.3
2003-03-12,338.36
2003-03-13,338.42
2003-03-13,338.47
2003-03-13,338.39
2003-03-13,338.43
2003-03-14,338.43
2003-03-14,338.39
2003-03-14,338.49
2003-03-14,338.45
2003-03-15,338.31
2003-03-15,338.15
2003-03-15,338.4
2003-03-15,338.31
2003-03-16,338.21
2003-03-16,338.3
2003-03-16,338.19
2003-03-16,338.08
2003-03-17,338.3
2003-03-17,338.3
2003-03-17,338.24
2003-03-17,338.49
2003-03-18,338.44
2003-03-18,338.49
2003-03-18,338.49
2003-03-18,338.57
2003-03-19,338.63
2003-03-19,338.61
2003-03-19,338.53
2003-03-19,338.71
2003-03-20,338.74
2003-03-20,338.7
2003-03-20,338.69
2003-03-20,338.65
2003-03-21,338.75
2003-03-21,338.73
2003-03-21,338.8
2003-03-21,338.67
2003-03-22,338.73
2003-03-22,338.81
2003-03-22,338.79
2003-03-22,338.76
2003-03-23,338.66
2003-03-23,338.66
2003-03-23,338.73
2003-03-23,338.6
2003-03-24,338.59
2003-03-24,338.73
2003-03-24,338.69
2003-03-24,338.68
2003-03-25,338.84
2003-03-25,338.8
2003-03-25,338.83
2003-03-25,338.73
2003-03-26,338.75
2003-03-26,338.82
2003-03-26,338.61
2003-03-26,338.75
2003-03-27,338.52
2003-03-27,338.56
2003-03-27,338.56
2003-03-27,338.61
2003-03-28,338.61
2003-03-28,338.8
2003-03-28,338.93
2003-03-28,338.81
2003-03-29,339.02
2003-03-30,338.97
2003-03-30,338.85
2003-03-30,338.97
2003-03-30,339.04
2003-03-31,338.74
2003-03-31,338.74
2003-03-31,338.85
2003-03-31,338.66
2003-04-01,338.63
2003-04-01,338.67
2003-04-01,338.62
2003-04-01,338.54
2003-04-02,338.72
2003-04-02,338.71
2003-04-02,338.8
2003-04-02,338.59
2003-04-03,338.88
2003-04-03,338.9
2003-04-03,338.86
2003-04-03,338.77
2003-04-04,338.76
2003-04-04,338.85
2003-04-04,338.88
2003-04-04,338.91
2003-04-05,338.74
2003-04-05,338.82
2003-04-05,338.91
2003-04-05,338.83
2003-04-06,338.93
2003-04-06,338.89
2003-04-06,338.85
2003-04-06,338.9
2003-04-07,339.03
2003-04-07,338.89
2003-04-07,338.97
2003-04-07,338.99
2003-04-08,338.95
2003-04-08,339.02
2003-04-08,339.06
2003-04-08,339.03
2003-04-09,338.9
2003-04-09,338.98
2003-04-09,338.81
2003-04-09,338.88
2003-04-10,339.01
2003-04-10,338.94
2003-04-10,338.87
2003-04-10,338.95
2003-04-11,339.0
2003-04-11,338.97
2003-04-11,339.06
2003-04-11,339.04
2003-04-12,338.96
2003-04-12,339.05
2003-04-12,339.07
2003-04-12,339.02
2003-04-13,339.08
2003-04-13,339.03
2003-04-13,338.99
2003-04-13,339.07
2003-04-14,338.95
2003-04-14,338.86
2003-04-14,339.06
2003-04-14,338.95
2003-04-15,339.18
2003-04-15,339.24
2003-04-15,339.24
2003-04-15,338.95
2003-04-16,339.01
2003-04-16,339.09
2003-04-16,339.2
2003-04-16,339.09
2003-04-17,339.07
2003-04-17,338.99
2003-04-17,339.13
2003-04-17,339.08
2003-04-18,339.09
2003-04-18,339.12
2003-04-18,339.02
2003-04-18,339.1
2003-04-19,339.22
2003-04-19,339.18
2003-04-19,339.23
2003-04-19,339.11
2003-04-20,339.07
2003-04-20,339.16
2003-04-20,339.16
2003-04-20,339.22
2003-04-21,339.14
2003-04-21,339.08
2003-04-21,339.05
2003-04-21,339.15
2003-04-22,339.2
2003-04-22,339.05
2003-04-22,339.11
2003-04-22,339.11
2003-04-23,339.24
2003-04-23,339.29
2003-04-23,339.25
2003-04-23,339.19
2003-04-24,339.31
2003-04-24,339.28
2003-04-24,339.3
2003-04-24,339.25
2003-04-25,339.33
2003-04-25,339.34
2003-04-25,339.3
2003-04-25,339.27
2003-04-26,339.28
2003-04-26,339.26
2003-04-26,339.22
2003-04-26,339.31
2003-04-27,339.25
2003-04-27,339.31
2003-04-27,339.3
2003-04-27,339.28
2003-04-28,339.36
2003-04-28,339.29
2003-04-28,339.32
2003-04-28,339.36
2003-04-29,339.31
2003-04-29,339.37
2003-04-29,339.34
2003-04-29,339.39
2003-04-30,339.37
2003-04-30,339.4
2003-04-30,339.33
2003-04-30,339.4
2003-05-01,339.39
2003-05-01,339.35
2003-05-01,339.44
2003-05-01,339.44
2003-05-02,339.35
2003-05-02,339.4
2003-05-02,339.43
2003-05-02,339.38
2003-05-03,339.39
2003-05-03,339.34
2003-05-03,339.4
2003-05-03,339.5
2003-05-04,339.46
2003-05-04,339.53
2003-05-04,339.49
2003-05-04,339.52
2003-05-05,339.43
2003-05-05,339.47
2003-05-05,339.39
2003-05-05,339.47
2003-05-06,339.42
2003-05-06,339.48
2003-05-06,339.49
2003-05-06,339.38
2003-05-07,339.43
2003-05-07,339.47
2003-05-07,339.52
2003-05-07,339.49
2003-05-08,339.49
2003-05-08,339.52
2003-05-08,339.56
2003-05-08,339.55
2003-05-09,339.6
2003-05-09,339.5
2003-05-09,339.58
2003-05-09,339.57
2003-05-10,339.64
2003-05-10,339.58
2003-05-10,339.63
2003-05-10,339.61
2003-05-11,339.62
2003-05-11,339.64
2003-05-11,339.61
2003-05-11,339.58
2003-05-12,339.61
2003-05-12,339.58
2003-05-12,339.65
2003-05-12,339.64
2003-05-13,339.64
2003-05-13,339.69
2003-05-13,339.67
2003-05-13,339.59
2003-05-14,339.67
2003-05-14,339.57
2003-05-14,339.67
2003-05-14,339.62
2003-05-15,339.69
2003-05-15,339.7
2003-05-15,339.63
2003-05-15,339.66
2003-05-16,339.65
2003-05-16,339.59
2003-05-16,339.67
2003-05-16,339.63
2003-05-17,339.62
2003-05-17,339.64
2003-05-17,339.57
2003-05-17,339.66
2003-05-18,339.64
2003-05-18,339.7
2003-05-18,339.68
2003-05-18,339.73
2003-05-19,339.69
2003-05-19,339.75
2003-05-19,339.72
2003-05-19,339.77
2003-05-20,339.79
2003-05-20,339.72
2003-05-20,339.78
2003-05-20,339.75
2003-05-21,339.69
2003-05-21,339.74
2003-05-21,339.77
2003-05-21,339.75
2003-05-22,339.77
2003-05-22,339.75
2003-05-22,339.78
2003-05-22,339.72
2003-05-23,339.78
2003-05-23,339.75
2003-05-23,339.72
2003-05-23,339.78
2003-05-24,339.73
2003-05-24,339.77
2003-05-24,339.71
2003-05-24,339.77
2003-05-25,339.78
2003-05-25,339.73
2003-05-25,339.83
2003-05-25,339.79
2003-05-26,339.85
2003-05-26,339.81
2003-05-26,339.89
2003-05-26,339.87
2003-05-27,339.9
2003-05-27,339.86
2003-05-27,339.94
2003-05-27,339.91
2003-05-28,339.93
2003-05-28,339.9
2003-05-28,339.82
2003-05-28,339.89
2003-05-29,339.91
2003-05-29,339.88
2003-05-29,339.82
2003-05-29,339.87
2003-05-30,339.84
2003-05-30,339.91
2003-05-30,339.87
2003-05-30,339.86
2003-05-31,339.91
2003-05-31,339.95
2003-05-31,339.94
2003-05-31,339.88
2003-06-01,339.95
2003-06-01,339.92
2003-06-01,339.94
2003-06-01,339.88
2003-06-02,339.91
2003-06-02,339.85
2003-06-02,339.91
2003-06-02,339.88
2003-06-03,339.99
2003-06-03,339.99
2003-06-03,339.89
2003-06-03,339.94
2003-06-04,339.94
2003-06-04,339.94
2003-06-04,339.91
2003-06-04,339.98
2003-06-05,340.02
2003-06-05,340.05
2003-06-05,340.01
2003-06-05,339.93
2003-06-06,340.05
2003-06-06,340.09
2003-06-06,340.03
2003-06-06,340.08
2003-06-07,339.98
2003-06-07,340.03
2003-06-07,340.06
2003-06-07,340.02
2003-06-08,339.96
2003-06-08,339.99
2003-06-08,340.01
2003-06-08,340.01
2003-06-09,340.05
2003-06-09,339.98
2003-06-09,340.11
2003-06-09,340.06
2003-06-10,340.18
2003-06-10,340.2
2003-06-10,340.11
2003-06-10,340.15
2003-06-11,340.2
2003-06-11,340.15
2003-06-11,340.21
2003-06-11,340.17
2003-06-12,340.15
2003-06-12,340.17
2003-06-12,340.12
2003-06-12,340.14
2003-06-13,340.13
2003-06-13,340.17
2003-06-13,340.21
2003-06-13,340.19
2003-06-14,340.22
2003-06-14,340.2
2003-06-14,340.24
2003-06-14,340.16
2003-06-15,340.18
2003-06-15,340.22
2003-06-15,340.23
2003-06-15,340.2
2003-06-16,340.17
2003-06-16,340.22
2003-06-16,340.19
2003-06-16,340.22
2003-06-17,340.21
2003-06-17,340.14
2003-06-17,340.18
2003-06-17,340.21
2003-06-18,340.17
2003-06-18,340.1
2003-06-18,340.15
2003-06-18,340.16
2003-06-19,340.19
2003-06-19,340.13
2003-06-19,340.16
2003-06-19,340.18
2003-06-20,340.28
2003-06-20,340.26
2003-06-20,340.27
2003-06-20,340.16
2003-06-21,340.34
2003-06-21,340.31
2003-06-21,340.34
2003-06-21,340.24
2003-06-22,340.26
2003-06-22,340.29
2003-06-22,340.33
2003-06-22,340.32
2003-06-23,340.26
2003-06-23,340.31
2003-06-23,340.29
2003-06-23,340.23
2003-06-24,340.36
2003-06-24,340.43
2003-06-24,340.35
2003-06-24,340.27
2003-06-25,340.48
2003-06-25,340.54
2003-06-25,340.5
2003-06-25,340.4
2003-06-26,340.57
2003-06-26,340.55
2003-06-26,340.53
2003-06-26,340.48
2003-06-27,340.53
2003-06-27,340.51
2003-06-27,340.44
2003-06-27,340.5
2003-06-28,340.42
2003-06-28,340.48
2003-06-28,340.46
2003-06-28,340.49
2003-06-29,340.53
2003-06-29,340.56
2003-06-29,340.53
2003-06-29,340.45
2003-06-30,340.56
2003-06-30,340.53
2003-06-30,340.59
2003-06-30,340.6
2003-07-01,340.54
2003-07-01,340.58
2003-07-01,340.62
2003-07-01,340.6
2003-07-02,340.58
2003-07-02,340.55
2003-07-02,340.61
2003-07-02,340.6
2003-07-03,340.6
2003-07-03,340.6
2003-07-03,340.57
2003-07-03,340.54
2003-07-04,340.56
2003-07-04,340.55
2003-07-04,340.51
2003-07-04,340.56
2003-07-05,340.54
2003-07-05,340.58
2003-07-05,340.57
2003-07-05,340.52
2003-07-06,340.52
2003-07-06,340.51
2003-07-06,340.55
2003-07-06,340.55
2003-07-07,340.51
2003-07-07,340.58
2003-07-07,340.6
2003-07-07,340.57
2003-07-08,340.69
2003-07-08,340.69
2003-07-08,340.66
2003-07-08,340.59
2003-07-09,340.72
2003-07-09,340.75
2003-07-09,340.75
2003-07-09,340.69
2003-07-10,340.78
2003-07-10,340.74
2003-07-10,340.71
2003-07-10,340.79
2003-07-11,340.82
2003-07-11,340.86
2003-07-11,340.8
2003-07-11,340.7
2003-07-12,340.91
2003-07-12,340.86
2003-07-12,340.82
2003-07-12,340.9
2003-07-13,340.85
2003-07-13,340.77
2003-07-13,340.87
2003-07-13,340.85
2003-07-14,340.76
2003-07-14,340.73
2003-07-14,340.8
2003-07-14,340.81
2003-07-15,340.72
2003-07-15,340.78
2003-07-15,340.78
2003-07-15,340.74
2003-07-16,340.77
2003-07-16,340.82
2003-07-16,340.73
2003-07-16,340.82
2003-07-17,340.89
2003-07-17,340.9
2003-07-17,340.79
2003-07-17,340.96
2003-07-18,340.97
2003-07-18,340.98
2003-07-18,340.91
2003-07-18,340.98
2003-07-19,341.03
2003-07-19,340.94
2003-07-19,341.01
2003-07-19,340.99
2003-07-20,341.0
2003-07-20,341.03
2003-07-20,340.92
2003-07-20,340.98
2003-07-21,340.9
2003-07-21,340.94
2003-07-21,340.97
2003-07-21,340.99
2003-07-22,340.95
2003-07-22,340.95
2003-07-22,340.91
2003-07-22,340.93
2003-07-23,340.96
2003-07-23,340.93
2003-07-23,340.98
2003-07-23,340.89
2003-07-24,340.95
2003-07-24,340.93
2003-07-24,340.96
2003-07-24,340.88
2003-07-25,340.91
2003-07-25,341.04
2003-07-25,340.96
2003-07-25,340.99
2003-07-26,341.06
2003-07-26,341.11
2003-07-26,341.02
2003-07-26,341.06
2003-07-27,341.1
2003-07-27,341.14
2003-07-27,341.06
2003-07-27,341.11
2003-07-28,341.08
2003-07-28,341.08
2003-07-28,341.05
2003-07-28,341.1
2003-07-29,341.1
2003-07-29,341.02
2003-07-29,341.08
2003-07-29,341.12
2003-07-30,341.08
2003-07-30,341.13
2003-07-30,341.14
2003-07-30,341.21
2003-07-31,341.22
2003-07-31,341.15
2003-07-31,341.2
2003-07-31,341.23
2003-08-01,341.21
2003-08-01,341.25
2003-08-01,341.23
2003-08-01,341.17
2003-08-02,341.22
2003-08-02,341.25
2003-08-02,341.18
2003-08-02,341.26
2003-08-03,341.24
2003-08-03,341.23
2003-08-03,341.16
2003-08-03,341.22
2003-08-04,341.18
2003-08-04,341.23
2003-08-04,341.23
2003-08-04,341.2
2003-08-05,341.23
2003-08-05,341.2
2003-08-05,341.17
2003-08-05,341.23
2003-08-06,341.23
2003-08-06,341.19
2003-08-06,341.27
2003-08-06,341.26
2003-08-07,341.23
2003-08-07,341.25
2003-08-07,341.27
2003-08-07,341.19
2003-08-08,341.31
2003-08-08,341.3
2003-08-08,341.27
2003-08-08,341.24
2003-08-09,341.39
2003-08-09,341.34
2003-08-09,341.29
2003-08-09,341.33
2003-08-10,341.44
2003-08-10,341.36
2003-08-10,341.39
2003-08-10,341.42
2003-08-11,341.37
2003-08-11,341.39
2003-08-11,341.29
2003-08-11,341.4
2003-08-12,341.25
2003-08-12,341.32
2003-08-12,341.36
2003-08-12,341.3
2003-08-13,341.33
2003-08-13,341.41
2003-08-13,341.38
2003-08-13,341.44
2003-08-14,341.43
2003-08-14,341.38
2003-08-14,341.45
2003-08-14,341.49
2003-08-15,341.55
2003-08-15,341.5
2003-08-15,341.45
2003-08-15,341.49
2003-08-16,341.46
2003-08-16,341.56
2003-08-16,341.54
2003-08-16,341.52
2003-08-17,341.42
2003-08-17,341.34
2003-08-17,341.47
2003-08-17,341.42
2003-08-18,341.41
2003-08-18,341.36
2003-08-18,341.45
2003-08-18,341.39
2003-08-19,341.53
2003-08-19,341.43
2003-08-19,341.52
2003-08-19,341.49
2003-08-20,341.58
2003-08-20,341.54
2003-08-20,341.53
2003-08-20,341.5
2003-08-21,341.53
2003-08-21,341.6
2003-08-21,341.57
2003-08-21,341.62
2003-08-28,341.68
2003-08-29,341.74
2003-08-29,341.72
2003-08-29,341.75
2003-08-29,341.81
2003-08-30,341.73
2003-08-30,341.75
2003-08-30,341.81
2003-08-30,341.78
2003-08-31,341.78
2003-08-31,341.82
2003-08-31,341.88
2003-08-31,341.81
2003-09-01,341.83
2003-09-01,341.83
2003-09-01,341.8
2003-09-01,341.88
2003-09-02,341.84
2003-09-02,341.81
2003-09-02,341.78
2003-09-02,341.76
2003-09-03,341.8
2003-09-03,341.87
2003-09-03,341.82
2003-09-03,341.79
2003-09-04,341.8
2003-09-04,341.75
2003-09-04,341.8
2003-09-04,341.85
2003-09-05,341.75
2003-09-05,341.78
2003-09-05,341.84
2003-09-05,341.79
2003-09-06,341.8
2003-09-06,341.88
2003-09-06,341.8
2003-09-06,341.77
2003-09-07,341.93
2003-09-07,341.82
2003-09-07,341.86
2003-09-07,341.85
2003-09-08,341.97
2003-09-08,342.04
2003-09-08,341.92
2003-09-08,341.97
2003-09-09,341.98
2003-09-09,342.01
2003-09-09,341.97
2003-09-09,342.05
2003-09-10,341.95
2003-09-10,342.03
2003-09-10,341.91
2003-09-10,341.97
2003-09-11,341.89
2003-09-11,341.83
2003-09-11,341.85
2003-09-11,341.93
2003-09-12,341.94
2003-09-12,341.9
2003-09-12,342.05
2003-09-12,341.95
2003-09-13,342.1
2003-09-13,342.02
2003-09-13,342.06
2003-09-13,342.05
2003-09-14,341.96
2003-09-14,341.99
2003-09-14,342.01
2003-09-14,342.05
2003-09-15,341.97
2003-09-15,342.0
2003-09-15,342.06
2003-09-15,341.95
2003-09-16,342.07
2003-09-16,342.07
2003-09-16,342.03
2003-09-16,342.15
2003-09-17,342.15
2003-09-17,342.13
2003-09-17,342.16
2003-09-17,342.21
2003-09-18,342.09
2003-09-18,342.13
2003-09-18,342.15
2003-09-18,342.11
2003-09-19,342.1
2003-09-20,342.23
2003-09-20,342.16
2003-09-20,342.16
2003-09-20,342.13
2003-09-21,342.2
2003-09-21,342.26
2003-09-21,342.16
2003-09-21,342.2
2003-09-22,342.19
2003-09-22,342.15
2003-09-22,342.19
2003-09-22,342.24
2003-09-23,342.22
2003-09-23,342.21
2003-09-23,342.14
2003-09-23,342.27
2003-09-24,342.07
2003-09-24,342.1
2003-09-24,342.16
2003-09-24,342.11
2003-09-25,342.17
2003-09-25,342.07
2003-09-25,342.11
2003-09-25,342.1
2003-09-26,342.2
2003-09-26,342.2
2003-09-26,342.27
2003-09-26,342.15
2003-09-27,342.24
2003-09-27,342.2
2003-09-27,342.27
2003-09-27,342.22
2003-09-28,342.22
2003-09-28,342.23
2003-09-28,342.27
2003-09-28,342.2
2003-09-29,342.3
2003-09-29,342.25
2003-09-29,342.24
2003-09-29,342.23
2003-09-30,342.22
2003-09-30,342.2
2003-09-30,342.25
2003-09-30,342.19
2003-10-01,342.31
2003-10-01,342.17
2003-10-01,342.22
2003-10-01,342.2
2003-10-02,342.5
2003-10-02,342.42
2003-10-02,342.31
2003-10-02,342.42
2003-10-03,342.53
2003-10-03,342.46
2003-10-03,342.49
2003-10-03,342.46
2003-10-04,342.47
2003-10-04,342.5
2003-10-04,342.45
2003-10-04,342.43
2003-10-05,342.47
2003-10-05,342.45
2003-10-05,342.42
2003-10-05,342.5
2003-10-06,342.49
2003-10-06,342.61
2003-10-06,342.55
2003-10-06,342.55
2003-10-07,342.67
2003-10-07,342.6
2003-10-07,342.61
2003-10-07,342.57
2003-10-08,342.57
2003-10-08,342.66
2003-10-08,342.61
2003-10-08,342.59
2003-10-09,342.62
2003-10-09,342.7
2003-10-09,342.66
2003-10-09,342.66
2003-10-10,342.64
2003-10-10,342.69
2003-10-10,342.74
2003-10-10,342.68
2003-10-11,342.51
2003-10-11,342.6
2003-10-11,342.58
2003-10-11,342.66
2003-10-12,342.55
2003-10-12,342.59
2003-10-12,342.53
2003-10-12,342.5
2003-10-13,342.57
2003-10-13,342.6
2003-10-13,342.6
2003-10-13,342.65
2003-10-14,342.65
2003-10-14,342.63
2003-10-14,342.59
2003-10-14,342.7
2003-10-15,342.72
2003-10-15,342.65
2003-10-15,342.64
2003-10-15,342.69
2003-10-16,342.68
2003-10-16,342.61
2003-10-16,342.62
2003-10-16,342.66
2003-10-17,342.67
2003-10-17,342.74
2003-10-17,342.63
2003-10-17,342.67
2003-10-18,342.78
2003-10-18,342.73
2003-10-18,342.78
2003-10-18,342.85
2003-10-19,342.9
2003-10-19,342.78
2003-10-19,342.83
2003-10-19,342.83
2003-10-20,342.82
2003-10-20,342.78
2003-10-20,342.9
2003-10-20,342.84
2003-10-21,342.88
2003-10-21,342.88
2003-10-21,342.96
2003-10-21,342.84
2003-10-22,343.02
2003-10-22,342.96
2003-10-22,342.95
2003-10-22,342.92
2003-10-23,343.01
2003-10-23,343.08
2003-10-23,343.08
2003-10-23,343.16
2003-10-24,343.12
2003-10-24,343.04
2003-10-24,343.11
2003-10-24,343.16
2003-10-25,343.06
2003-10-25,342.94
2003-10-25,342.99
2003-10-25,343.02
2003-10-26,342.96
2003-10-26,342.87
2003-10-26,342.99
2003-10-26,342.95
2003-10-27,343.09
2003-10-27,343.19
2003-10-27,343.09
2003-10-27,342.96
2003-10-28,343.39
2003-10-28,343.32
2003-10-28,343.32
2003-10-28,343.19
2003-10-29,343.44
2003-10-29,343.44
2003-10-29,343.37
2003-10-29,343.49
2003-10-30,343.46
2003-10-30,343.4
2003-10-30,343.49
2003-10-30,343.47
2003-10-31,343.4
2003-10-31,343.35
2003-10-31,343.35
2003-10-31,343.3
2003-11-01,343.31
2003-11-01,343.29
2003-11-01,343.25
2003-11-01,343.32
2003-11-02,343.35
2003-11-02,343.28
2003-11-02,343.33
2003-11-02,343.36
2003-11-03,343.21
2003-11-03,343.25
2003-11-03,343.29
2003-11-03,343.25
2003-11-04,343.22
2003-11-04,343.28
2003-11-04,343.32
2003-11-04,343.28
2003-11-05,343.26
2003-11-05,343.31
2003-11-05,343.31
2003-11-05,343.34
2003-11-06,343.31
2003-11-06,343.28
2003-11-06,343.33
2003-11-06,343.36
2003-11-07,343.3
2003-11-07,343.33
2003-11-07,343.35
2003-11-07,343.28
2003-11-08,343.27
2003-11-08,343.41
2003-11-08,343.34
2003-11-08,343.35
2003-11-09,343.45
2003-11-09,343.4
2003-11-09,343.4
2003-11-09,343.34
2003-11-10,343.5
2003-11-10,343.45
2003-11-10,343.4
2003-11-10,343.46
2003-11-11,343.45
2003-11-11,343.53
2003-11-11,343.42
2003-11-11,343.49
2003-11-12,343.59
2003-11-12,343.52
2003-11-12,343.66
2003-11-12,343.64
2003-11-13,343.5
2003-11-13,343.44
2003-11-13,343.54
2003-11-13,343.47
2003-11-14,343.54
2003-11-14,343.51
2003-11-14,343.51
2003-11-14,343.47
2003-11-15,343.61
2003-11-15,343.51
2003-11-15,343.72
2003-11-15,343.61
2003-11-16,343.74
2003-11-16,343.71
2003-11-16,343.61
2003-11-16,343.69
2003-11-17,343.67
2003-11-17,343.69
2003-11-17,343.65
2003-11-17,343.61
2003-11-18,343.56
2003-11-18,343.62
2003-11-18,343.56
2003-11-18,343.51
2003-11-19,343.69
2003-11-19,343.69
2003-11-19,343.58
2003-11-19,343.76
2003-11-20,343.84
2003-11-20,343.84
2003-11-20,343.76
2003-11-20,343.87
2003-11-21,343.91
2003-11-21,343.97
2003-11-21,343.9
2003-11-21,343.82
2003-11-22,343.74
2003-11-22,343.89
2003-11-22,343.89
2003-11-22,343.99
2003-11-23,343.61
2003-11-23,343.75
2003-11-23,343.72
2003-11-23,343.68
2003-11-24,343.97
2003-11-24,343.75
2003-11-24,343.88
2003-11-24,343.88
2003-11-25,343.97
2003-11-25,344.02
2003-11-25,344.06
2003-11-25,344.0
2003-11-26,344.0
2003-11-26,343.78
2003-11-26,343.94
2003-11-26,343.93
2003-11-27,343.57
2003-11-27,343.62
2003-11-27,343.62
2003-11-27,343.78
2003-11-28,343.72
2003-11-28,343.82
2003-11-28,343.59
2003-11-28,343.72
2003-11-29,343.93
2003-11-29,343.93
2003-11-29,343.98
2003-11-29,343.82
2003-11-30,343.98
2003-11-30,343.99
2003-11-30,344.01
2003-11-30,343.94
2003-12-01,343.85
2003-12-01,343.92
2003-12-01,343.97
2003-12-01,343.9
2003-12-02,343.98
2003-12-02,343.89
2003-12-02,343.89
2003-12-02,343.82
2003-12-03,344.08
2003-12-03,343.98
2003-12-03,344.1
2003-12-03,344.13
2003-12-04,344.04
2003-12-04,344.08
2003-12-04,344.09
2003-12-04,344.11
2003-12-05,344.09
2003-12-05,344.14
2003-12-05,344.1
2003-12-05,344.04
2003-12-06,344.1
2003-12-06,344.2
2003-12-06,344.15
2003-12-06,344.15
2003-12-07,344.16
2003-12-07,344.21
2003-12-07,344.21
2003-12-07,344.25
2003-12-08,344.18
2003-12-08,344.27
2003-12-08,344.06
2003-12-08,344.17
2003-12-09,344.02
2003-12-09,344.09
2003-12-09,344.14
2003-12-09,344.1
2003-12-10,344.18
2003-12-10,344.1
2003-12-10,344.18
2003-12-10,344.22
2003-12-11,344.26
2003-12-11,344.37
2003-12-11,344.2
2003-12-11,344.31
2003-12-12,344.11
2003-12-12,344.11
2003-12-12,344.21
2003-12-12,344.04
2003-12-13,344.12
2003-12-13,344.07
2003-12-13,344.01
2003-12-13,344.07
2003-12-14,344.21
2003-12-14,344.24
2003-12-14,344.27
2003-12-14,344.12
2003-12-15,344.23
2003-12-15,344.02
2003-12-15,344.1
2003-12-15,344.13
2003-12-16,344.02
2003-12-16,344.1
2003-12-16,344.15
2003-12-16,344.1
2003-12-17,344.14
2003-12-17,344.2
2003-12-17,344.2
2003-12-17,344.25
2003-12-18,344.22
2003-12-18,344.3
2003-12-18,344.29
2003-12-18,344.26
2003-12-19,344.37
2003-12-19,344.26
2003-12-19,344.33
2003-12-19,344.34
2003-12-20,344.4
2003-12-20,344.33
2003-12-20,344.46
2003-12-20,344.4
2003-12-21,344.38
2003-12-21,344.42
2003-12-21,344.39
2003-12-21,344.31
2003-12-22,344.35
2003-12-22,344.35
2003-12-22,344.41
2003-12-22,344.26
2003-12-23,344.38
2003-12-23,344.5
2003-12-23,344.54
2003-12-23,344.58
2003-12-24,344.49
2003-12-24,344.43
2003-12-24,344.54
2003-12-24,344.5
2003-12-25,344.77
2003-12-25,344.62
2003-12-25,344.5
2003-12-25,344.63
2003-12-26,344.41
2003-12-26,344.32
2003-12-26,344.43
2003-12-26,344.61
2003-12-27,344.14
2003-12-27,344.22
2003-12-27,344.32
2003-12-27,344.2
2003-12-28,344.3
2003-12-28,344.12
2003-12-28,344.19
2003-12-28,344.19
2003-12-29,344.5
2003-12-29,344.68
2003-12-29,344.3
2003-12-29,344.5
2003-12-30,344.77
2003-12-30,344.78
2003-12-30,344.73
2003-12-30,344.68
2003-12-31,344.71
2003-12-31,344.53
2003-12-31,344.66
2003-12-31,344.65
2004-01-01,344.38
2004-01-01,344.53
2004-01-01,344.45
2004-01-01,344.46
2004-01-02,344.53
2004-01-02,344.62
2004-01-02,344.44
2004-01-02,344.53
2004-01-03,344.64
2004-01-03,344.6
2004-01-03,344.45
2004-01-03,344.58
2004-01-04,344.5
2004-01-04,344.38
2004-01-04,344.47
2004-01-04,344.46
2004-01-05,344.47
2004-01-05,344.45
2004-01-05,344.38
2004-01-05,344.51
2004-01-06,344.65
2004-01-06,344.51
2004-01-06,344.62
2004-01-06,344.63
2004-01-07,344.6
2004-01-07,344.66
2004-01-07,344.59
2004-01-07,344.51
2004-01-08,344.47
2004-01-08,344.56
2004-01-08,344.52
2004-01-08,344.54
2004-01-09,344.51
2004-01-09,344.51
2004-01-09,344.44
2004-01-09,344.58
2004-01-10,344.67
2004-01-10,344.67
2004-01-10,344.72
2004-01-10,344.57
2004-01-11,344.78
2004-01-11,344.77
2004-01-11,344.67
2004-01-11,344.74
2004-01-12,344.61
2004-01-12,344.52
2004-01-12,344.67
2004-01-12,344.6
2004-01-13,344.58
2004-01-13,344.58
2004-01-13,344.64
2004-01-13,344.51
2004-01-14,344.78
2004-01-14,344.64
2004-01-14,344.89
2004-01-14,344.78
2004-01-15,344.99
2004-01-15,344.89
2004-01-15,344.97
2004-01-15,344.93
2004-01-16,344.93
2004-01-16,344.92
2004-01-16,344.87
2004-01-16,344.96
2004-01-17,344.75
2004-01-17,344.84
2004-01-17,344.83
2004-01-17,344.89
2004-01-18,344.69
2004-01-18,344.77
2004-01-18,344.73
2004-01-18,344.74
2004-01-19,344.87
2004-01-19,344.81
2004-01-19,344.81
2004-01-19,344.73
2004-01-20,344.81
2004-01-20,344.85
2004-01-20,344.88
2004-01-20,344.86
2004-01-21,344.74
2004-01-21,344.68
2004-01-21,344.81
2004-01-21,344.74
2004-01-22,344.64
2004-01-22,344.7
2004-01-22,344.7
2004-01-22,344.74
2004-01-23,344.78
2004-01-23,344.78
2004-01-23,344.85
2004-01-23,344.71
2004-01-24,344.96
2004-01-24,344.93
2004-01-24,344.85
2004-01-24,344.93
2004-01-25,344.82
2004-01-25,344.99
2004-01-25,344.93
2004-01-25,344.94
2004-01-26,344.82
2004-01-26,344.66
2004-01-26,344.73
2004-01-26,344.72
2004-01-27,344.66
2004-01-27,344.74
2004-01-27,344.78
2004-01-27,344.74
2004-01-28,344.78
2004-01-28,344.86
2004-01-28,344.93
2004-01-28,344.84
2004-01-29,344.8
2004-01-29,344.88
2004-01-29,344.85
2004-01-29,344.85
2004-01-30,344.91
2004-01-30,344.85
2004-01-30,345.07
2004-01-30,344.91
2004-01-31,345.13
2004-01-31,345.16
2004-01-31,345.11
2004-01-31,345.03
2004-02-01,344.96
2004-02-01,345.04
2004-02-01,344.87
2004-02-01,344.95
2004-02-02,344.87
2004-02-02,345.12
2004-02-02,344.91
2004-02-02,344.91
2004-02-03,345.09
2004-02-03,345.11
2004-02-03,345.07
2004-02-03,345.15
2004-02-04,344.87
2004-02-04,345.02
2004-02-04,345.08
2004-02-04,345.02
2004-02-05,344.81
2004-02-05,344.81
2004-02-05,344.67
2004-02-05,344.88
2004-02-06,344.62
2004-02-06,344.65
2004-02-06,344.68
2004-02-06,344.56
2004-02-07,344.68
2004-02-07,344.88
2004-02-07,344.95
2004-02-07,344.87
2004-02-08,344.89
2004-02-08,344.84
2004-02-08,344.93
2004-02-08,344.89
2004-02-09,344.91
2004-02-09,344.99
2004-02-09,345.04
2004-02-09,344.99
2004-02-10,344.98
2004-02-10,344.97
2004-02-10,344.92
2004-02-10,345.01
2004-02-11,344.98
2004-02-11,345.02
2004-02-11,345.07
2004-02-11,345.02
2004-02-12,344.93
2004-02-12,344.96
2004-02-12,344.97
2004-02-12,345.01
2004-02-13,344.97
2004-02-13,344.91
2004-02-13,344.96
2004-02-13,345.03
2004-02-14,345.01
2004-02-14,345.06
2004-02-14,344.96
2004-02-14,344.99
2004-02-15,345.04
2004-02-15,345.08
2004-02-15,345.05
2004-02-15,344.98
2004-02-16,344.98
2004-02-16,344.99
2004-02-16,344.93
2004-02-16,345.01
2004-02-17,345.05
2004-02-17,344.99
2004-02-17,344.93
2004-02-17,344.99
2004-02-18,345.05
2004-02-18,345.34
2004-02-18,345.14
2004-02-18,345.13
2004-02-19,345.28
2004-02-19,345.18
2004-02-19,345.26
2004-02-19,345.39
2004-02-20,345.46
2004-02-20,345.5
2004-02-20,345.46
2004-02-20,345.38
2004-02-21,345.48
2004-02-21,345.53
2004-02-21,345.63
2004-02-21,345.53
2004-02-22,345.73
2004-02-22,345.62
2004-02-22,345.68
2004-02-22,345.67
2004-02-23,345.54
2004-02-23,345.55
2004-02-23,345.36
2004-02-23,345.69
2004-02-24,345.24
2004-02-24,345.36
2004-02-24,345.18
2004-02-24,345.25
2004-02-25,345.38
2004-02-25,345.25
2004-02-25,345.25
2004-02-25,345.18
2004-02-26,345.38
2004-02-26,345.43
2004-02-26,345.5
2004-02-26,345.45
2004-02-27,345.46
2004-02-27,345.47
2004-02-27,345.44
2004-02-27,345.39
2004-02-28,345.33
2004-02-28,345.44
2004-02-28,345.39
2004-02-28,345.39
2004-02-29,345.39
2004-02-29,345.35
2004-02-29,345.31
2004-02-29,345.36
2004-03-01,345.46
2004-03-01,345.37
2004-03-01,345.46
2004-03-01,345.66
2004-03-02,345.73
2004-03-02,345.76
2004-03-02,345.63
2004-03-02,345.77
2004-03-03,345.55
2004-03-03,345.59
2004-03-03,345.64
2004-03-03,345.61
2004-03-04,345.67
2004-03-04,345.56
2004-03-04,345.56
2004-03-04,345.43
2004-03-05,345.3
2004-03-05,345.2
2004-03-05,345.45
2004-03-05,345.29
2004-03-06,345.21
2004-03-06,345.21
2004-03-06,345.17
2004-03-06,345.29
2004-03-07,345.31
2004-03-07,345.19
2004-03-07,345.24
2004-03-07,345.24
2004-03-08,345.35
2004-03-08,345.41
2004-03-08,345.29
2004-03-08,345.35
2004-03-09,345.54
2004-03-09,345.4
2004-03-09,345.54
2004-03-09,345.7
2004-03-10,345.8
2004-03-10,345.74
2004-03-10,345.7
2004-03-10,345.75
2004-03-11,345.77
2004-03-11,345.71
2004-03-11,345.71
2004-03-11,345.67
2004-03-12,345.8
2004-03-12,345.74
2004-03-12,345.72
2004-03-12,345.76
2004-03-13,345.75
2004-03-13,345.55
2004-03-13,345.68
2004-03-13,345.68
2004-03-14,345.54
2004-03-14,345.49
2004-03-14,345.51
2004-03-14,345.57
2004-03-15,345.65
2004-03-15,345.61
2004-03-15,345.56
2004-03-15,345.61
2004-03-16,345.69
2004-03-16,345.63
2004-03-16,345.75
2004-03-16,345.69
2004-03-17,345.86
2004-03-17,345.81
2004-03-17,345.73
2004-03-17,345.8
2004-03-18,345.74
2004-03-18,345.85
2004-03-18,345.8
2004-03-18,345.8
2004-03-19,345.69
2004-03-19,345.74
2004-03-19,345.79
2004-03-19,345.73
2004-03-20,345.69
2004-03-20,345.74
2004-03-20,345.66
2004-03-20,345.69
2004-03-21,345.78
2004-03-21,345.69
2004-03-21,345.78
2004-03-21,345.89
2004-03-22,346.04
2004-03-22,345.98
2004-03-22,345.89
2004-03-22,345.98
2004-03-23,345.91
2004-03-23,346.02
2004-03-23,345.95
2004-03-23,345.87
2004-03-24,345.87
2004-03-24,345.85
2004-03-24,345.83
2004-03-24,345.9
2004-03-25,345.78
2004-03-25,345.87
2004-03-25,345.81
2004-03-25,345.76
2004-03-26,345.79
2004-03-26,345.78
2004-03-26,345.76
2004-03-26,345.82
2004-03-27,345.88
2004-03-27,345.77
2004-03-27,345.81
2004-03-27,345.81
2004-03-28,345.81
2004-03-28,345.77
2004-03-28,345.8
2004-03-28,345.86
2004-03-29,345.92
2004-03-29,345.79
2004-03-29,345.84
2004-03-29,345.84
2004-03-30,345.9
2004-03-30,345.95
2004-03-30,345.95
2004-03-30,346.01
2004-03-31,345.99
2004-03-31,346.02
2004-03-31,346.06
2004-03-31,346.03
2004-04-01,346.02
2004-04-01,346.07
2004-04-01,346.07
2004-04-01,346.25
2004-04-02,346.01
2004-04-02,346.17
2004-04-02,346.16
2004-04-02,346.25
2004-04-03,345.94
2004-04-03,345.86
2004-04-03,345.94
2004-04-03,346.02
2004-04-04,345.83
2004-04-04,345.89
2004-04-04,345.92
2004-04-04,345.88
2004-04-05,345.86
2004-04-05,345.9
2004-04-05,345.84
2004-04-05,345.84
2004-04-06,345.88
2004-04-06,345.94
2004-04-06,345.89
2004-04-06,345.86
2004-04-07,345.96
2004-04-07,345.91
2004-04-07,346.02
2004-04-07,345.96
2004-04-08,345.99
2004-04-08,346.04
2004-04-08,346.0
2004-04-08,345.96
2004-04-09,345.98
2004-04-09,346.01
2004-04-09,345.97
2004-04-09,345.95
2004-04-10,345.97
2004-04-10,346.0
2004-04-10,346.06
2004-04-10,346.02
2004-04-11,345.95
2004-04-11,346.04
2004-04-11,345.91
2004-04-11,345.99
2004-04-12,345.9
2004-04-12,345.98
2004-04-12,345.93
2004-04-12,345.95
2004-04-13,345.93
2004-04-13,345.95
2004-04-13,345.96
2004-04-13,346.01
2004-04-14,345.97
2004-04-14,346.05
2004-04-14,345.96
2004-04-14,346.0
2004-04-15,346.02
2004-04-15,346.0
2004-04-15,346.08
2004-04-15,346.03
2004-04-16,346.03
2004-04-16,346.13
2004-04-16,346.02
2004-04-16,346.04
2004-04-17,346.07
2004-04-17,345.97
2004-04-17,346.07
2004-04-17,346.15
2004-04-18,345.87
2004-04-18,345.94
2004-04-18,345.97
2004-04-18,345.85
2004-04-19,345.96
2004-04-19,345.92
2004-04-19,345.89
2004-04-19,345.88
2004-04-20,345.93
2004-04-20,345.95
2004-04-20,345.9
2004-04-20,346.07
2004-04-21,346.08
2004-04-21,346.05
2004-04-21,346.12
2004-04-21,346.21
2004-04-22,346.28
2004-04-22,346.16
2004-04-22,346.23
2004-04-22,346.23
2004-04-23,346.14
2004-04-23,346.16
2004-04-23,346.24
2004-04-23,346.11
2004-04-24,346.14
2004-04-24,346.17
2004-04-24,346.17
2004-04-24,346.24
2004-04-25,346.2
2004-04-25,346.15
2004-04-25,346.15
2004-04-25,346.1
2004-04-26,346.09
2004-04-26,346.17
2004-04-26,346.13
2004-04-26,346.11
2004-04-27,346.35
2004-04-27,346.13
2004-04-27,346.2
2004-04-27,346.2
2004-04-28,346.46
2004-04-28,346.35
2004-04-28,346.56
2004-04-28,346.46
2004-04-29,346.31
2004-04-29,346.41
2004-04-29,346.54
2004-04-29,346.42
2004-04-30,346.29
2004-04-30,346.27
2004-04-30,346.33
2004-04-30,346.24
2004-05-01,346.2
2004-05-01,346.25
2004-05-01,346.3
2004-05-01,346.22
2004-05-02,346.23
2004-05-02,346.29
2004-05-02,346.4
2004-05-02,346.29
2004-05-03,346.39
2004-05-03,346.33
2004-05-03,346.49
2004-05-03,346.38
2004-05-04,346.5
2004-05-04,346.45
2004-05-04,346.54
2004-05-04,346.49
2004-05-05,346.48
2004-05-05,346.52
2004-05-05,346.56
2004-05-05,346.5
2004-05-06,346.43
2004-05-06,346.43
2004-05-06,346.48
2004-05-06,346.51
2004-05-07,346.52
2004-05-07,346.57
2004-05-07,346.49
2004-05-07,346.5
2004-05-08,346.58
2004-05-08,346.52
2004-05-08,346.58
2004-05-08,346.67
2004-05-09,346.73
2004-05-09,346.81
2004-05-09,346.66
2004-05-09,346.73
2004-05-10,346.84
2004-05-10,346.84
2004-05-10,346.79
2004-05-10,346.92
2004-05-11,346.8
2004-05-11,346.84
2004-05-11,346.79
2004-05-11,346.89
2004-05-12,346.8
2004-05-12,346.82
2004-05-12,346.85
2004-05-12,346.76
2004-05-13,346.75
2004-05-13,346.76
2004-05-13,346.81
2004-05-13,346.72
2004-05-14,346.87
2004-05-14,346.79
2004-05-14,346.75
2004-05-14,346.8
2004-05-15,346.84
2004-05-15,346.88
2004-05-15,346.89
2004-05-15,346.95
2004-05-16,346.95
2004-05-16,346.95
2004-05-16,347.01
2004-05-16,346.92
2004-05-17,346.89
2004-05-17,346.86
2004-05-17,346.94
2004-05-17,346.82
2004-05-18,346.78
2004-05-18,346.84
2004-05-18,346.89
2004-05-18,346.8
2004-05-19,346.91
2004-05-19,346.89
2004-05-19,346.87
2004-05-19,346.97
2004-05-20,346.89
2004-05-20,346.95
2004-05-20,346.91
2004-05-20,346.87
2004-05-21,346.9
2004-05-21,346.88
2004-05-21,346.92
2004-05-21,346.99
2004-05-22,346.98
2004-05-22,347.05
2004-05-22,346.94
2004-05-22,346.96
2004-05-23,347.06
2004-05-23,347.03
2004-05-23,347.07
2004-05-23,347.11
2004-05-24,347.05
2004-05-24,347.03
2004-05-24,347.08
2004-05-24,347.13
2004-05-25,347.09
2004-05-25,347.13
2004-05-25,347.07
2004-05-25,347.04
2004-05-26,347.11
2004-05-26,347.03
2004-05-26,347.04
2004-05-26,347.07
2004-05-27,347.06
2004-05-27,346.99
2004-05-27,346.99
2004-05-27,347.04
2004-05-28,347.18
2004-05-28,347.08
2004-05-28,347.11
2004-05-28,347.06
2004-05-29,347.13
2004-05-29,347.15
2004-05-29,347.19
2004-05-29,347.1
2004-05-30,347.1
2004-05-30,347.15
2004-05-30,347.07
2004-05-30,347.11
2004-05-31,347.16
2004-05-31,347.09
2004-05-31,347.23
2004-05-31,347.15
2004-06-01,347.27
2004-06-01,347.21
2004-06-01,347.26
2004-06-01,347.32
2004-06-02,347.28
2004-06-02,347.23
2004-06-02,347.34
2004-06-02,347.3
2004-06-03,347.16
2004-06-03,347.16
2004-06-03,347.12
2004-06-03,347.25
2004-06-04,347.15
2004-06-04,347.11
2004-06-04,347.11
2004-06-04,347.17
2004-06-05,347.23
2004-06-05,347.23
2004-06-05,347.32
2004-06-05,347.17
2004-06-06,347.32
2004-06-06,347.38
2004-06-06,347.42
2004-06-06,347.37
2004-06-07,347.4
2004-06-07,347.37
2004-06-07,347.43
2004-06-07,347.39
2004-06-08,347.34
2004-06-08,347.31
2004-06-08,347.29
2004-06-08,347.4
2004-06-09,347.31
2004-06-09,347.15
2004-06-09,347.21
2004-06-09,347.2
2004-06-10,347.17
2004-06-10,347.24
2004-06-10,347.19
2004-06-10,347.13
2004-06-11,347.25
2004-06-11,347.31
2004-06-11,347.25
2004-06-11,347.22
2004-06-12,347.27
2004-06-12,347.24
2004-06-12,347.3
2004-06-12,347.25
2004-06-13,347.29
2004-06-13,347.24
2004-06-13,347.26
2004-06-13,347.21
2004-06-14,347.29
2004-06-14,347.43
2004-06-14,347.35
2004-06-14,347.34
2004-06-15,347.45
2004-06-15,347.43
2004-06-15,347.41
2004-06-15,347.51
2004-06-16,347.36
2004-06-16,347.41
2004-06-16,347.39
2004-06-16,347.48
2004-06-17,347.31
2004-06-17,347.4
2004-06-17,347.34
2004-06-17,347.31
2004-06-18,347.29
2004-06-18,347.27
2004-06-18,347.31
2004-06-18,347.36
2004-06-19,347.25
2004-06-19,347.29
2004-06-19,347.32
2004-06-19,347.24
2004-06-20,347.3
2004-06-20,347.45
2004-06-20,347.35
2004-06-20,347.35
2004-06-21,347.5
2004-06-21,347.58
2004-06-21,347.45
2004-06-21,347.48
2004-06-22,347.54
2004-06-22,347.57
2004-06-22,347.51
2004-06-22,347.48
2004-06-23,347.38
2004-06-23,347.43
2004-06-23,347.41
2004-06-23,347.48
2004-06-24,347.41
2004-06-24,347.39
2004-06-24,347.46
2004-06-24,347.4
2004-06-25,347.44
2004-06-25,347.5
2004-06-25,347.43
2004-06-25,347.41
2004-06-26,347.54
2004-06-26,347.6
2004-06-26,347.54
2004-06-26,347.49
2004-06-27,347.56
2004-06-27,347.6
2004-06-27,347.6
2004-06-27,347.63
2004-06-28,347.52
2004-06-28,347.54
2004-06-28,347.58
2004-06-28,347.54
2004-06-29,347.57
2004-06-29,347.5
2004-06-29,347.49
2004-06-29,347.54
2004-06-30,347.42
2004-06-30,347.46
2004-06-30,347.49
2004-06-30,347.43
2004-07-01,347.53
2004-07-01,347.43
2004-07-01,347.44
2004-07-01,347.46
2004-07-02,347.51
2004-07-02,347.51
2004-07-02,347.47
2004-07-02,347.59
2004-07-03,347.59
2004-07-03,347.64
2004-07-03,347.55
2004-07-03,347.57
2004-07-04,347.58
2004-07-04,347.67
2004-07-04,347.59
2004-07-04,347.62
2004-07-05,347.63
2004-07-05,347.6
2004-07-05,347.56
2004-07-05,347.59
2004-07-06,347.56
2004-07-06,347.58
2004-07-06,347.64
2004-07-06,347.55
2004-07-07,347.62
2004-07-07,347.6
2004-07-07,347.61
2004-07-07,347.68
2004-07-08,347.68
2004-07-08,347.72
2004-07-08,347.67
2004-07-08,347.65
2004-07-09,347.66
2004-07-09,347.67
2004-07-09,347.69
2004-07-09,347.71
2004-07-10,347.64
2004-07-10,347.72
2004-07-10,347.65
2004-07-10,347.68
2004-07-11,347.67
2004-07-11,347.69
2004-07-11,347.7
2004-07-11,347.76
2004-07-12,347.73
2004-07-12,347.74
2004-07-12,347.8
2004-07-12,347.71
2004-07-13,347.69
2004-07-13,347.75
2004-07-13,347.67
2004-07-13,347.64
2004-07-14,347.68
2004-07-14,347.59
2004-07-14,347.64
2004-07-14,347.65
2004-07-15,347.6
2004-07-15,347.56
2004-07-15,347.69
2004-07-15,347.59
2004-07-16,347.67
2004-07-16,347.65
2004-07-16,347.68
2004-07-16,347.76
2004-07-17,347.75
2004-07-17,347.68
2004-07-17,347.71
2004-07-17,347.68
2004-07-18,347.69
2004-07-18,347.77
2004-07-18,347.68
2004-07-18,347.71
2004-07-19,347.71
2004-07-19,347.74
2004-07-19,347.7
2004-07-19,347.78
2004-07-20,347.74
2004-07-20,347.77
2004-07-20,347.82
2004-07-20,347.75
2004-07-21,347.77
2004-07-21,347.8
2004-07-21,347.79
2004-07-21,347.86
2004-07-22,347.91
2004-07-22,347.82
2004-07-22,347.85
2004-07-22,347.86
2004-07-23,347.87
2004-07-23,347.9
2004-07-23,347.95
2004-07-23,347.89
2004-07-24,347.81
2004-07-24,347.84
2004-07-24,347.78
2004-07-24,347.87
2004-07-25,347.78
2004-07-25,347.81
2004-07-25,347.89
2004-07-25,347.81
2004-07-26,347.87
2004-07-26,347.86
2004-07-26,347.83
2004-07-26,347.94
2004-07-27,347.98
2004-07-27,347.9
2004-07-27,347.88
2004-07-27,347.92
2004-07-28,347.98
2004-07-28,347.86
2004-07-28,347.92
2004-07-28,347.88
2004-07-29,348.01
2004-07-29,347.94
2004-07-29,347.91
2004-07-29,347.92
2004-07-30,347.99
2004-07-30,348.02
2004-07-30,348.07
2004-07-30,347.98
2004-07-31,348.05
2004-07-31,348.1
2004-07-31,348.02
2004-07-31,348.02
2004-08-01,348.04
2004-08-01,348.0
2004-08-01,348.08
2004-08-01,347.99
2004-08-02,347.99
2004-08-02,348.03
2004-08-02,347.95
2004-08-02,347.95
2004-08-03,347.98
2004-08-03,348.01
2004-08-03,348.03
2004-08-03,348.09
2004-08-04,348.03
2004-08-04,348.04
2004-08-04,348.12
2004-08-04,348.07
2004-08-05,348.08
2004-08-05,348.05
2004-08-05,348.01
2004-08-05,348.03
2004-08-06,348.02
2004-08-06,348.01
2004-08-06,348.07
2004-08-06,347.98
2004-08-07,348.12
2004-08-07,348.06
2004-08-07,348.03
2004-08-07,348.07
2004-08-08,348.09
2004-08-08,348.12
2004-08-08,348.06
2004-08-08,348.07
2004-08-09,348.1
2004-08-09,348.13
2004-08-09,348.04
2004-08-09,348.07
2004-08-10,348.12
2004-08-10,348.2
2004-08-10,348.13
2004-08-10,348.1
2004-08-11,348.15
2004-08-11,348.18
2004-08-11,348.17
2004-08-11,348.23
2004-08-12,348.16
2004-08-12,348.15
2004-08-12,348.19
2004-08-12,348.23
2004-08-13,348.15
2004-08-13,348.2
2004-08-13,348.27
2004-08-13,348.2
2004-08-14,348.28
2004-08-14,348.22
2004-08-14,348.22
2004-08-14,348.2
2004-08-15,348.22
2004-08-15,348.26
2004-08-15,348.24
2004-08-15,348.32
2004-08-16,348.25
2004-08-16,348.32
2004-08-16,348.28
2004-08-16,348.26
2004-08-17,348.23
2004-08-17,348.35
2004-08-17,348.25
2004-08-17,348.29
2004-08-18,348.36
2004-08-18,348.34
2004-08-18,348.42
2004-08-18,348.31
2004-08-19,348.34
2004-08-19,348.37
2004-08-19,348.33
2004-08-19,348.4
2004-08-20,348.43
2004-08-20,348.34
2004-08-20,348.39
2004-08-20,348.35
2004-08-21,348.43
2004-08-21,348.5
2004-08-21,348.39
2004-08-21,348.39
2004-08-22,348.56
2004-08-22,348.49
2004-08-22,348.46
2004-08-22,348.51
2004-08-23,348.5
2004-08-23,348.48
2004-08-23,348.53
2004-08-23,348.55
2004-08-24,348.49
2004-08-24,348.46
2004-08-24,348.54
2004-08-24,348.5
2004-08-25,348.5
2004-08-25,348.47
2004-08-25,348.5
2004-08-25,348.55
2004-08-26,348.66
2004-08-26,348.57
2004-08-26,348.57
2004-08-26,348.53
2004-08-27,348.58
2004-08-27,348.61
2004-08-27,348.62
2004-08-27,348.65
2004-08-28,348.63
2004-08-28,348.58
2004-08-28,348.61
2004-08-28,348.68
2004-08-29,348.66
2004-08-29,348.71
2004-08-29,348.61
2004-08-29,348.63
2004-08-30,348.71
2004-08-30,348.66
2004-08-30,348.67
2004-08-30,348.63
2004-08-31,348.63
2004-08-31,348.69
2004-08-31,348.65
2004-08-31,348.62
2004-09-01,348.66
2004-09-01,348.66
2004-09-01,348.63
2004-09-01,348.77
2004-09-02,348.98
2004-09-02,348.77
2004-09-02,348.84
2004-09-02,348.84
2004-09-03,348.98
2004-09-03,348.97
2004-09-03,348.91
2004-09-03,349.03
2004-09-04,348.9
2004-09-04,348.92
2004-09-04,348.81
2004-09-04,348.87
2004-09-05,348.79
2004-09-05,348.85
2004-09-05,348.76
2004-09-05,348.81
2004-09-06,348.78
2004-09-06,348.89
2004-09-06,348.82
2004-09-06,348.82
2004-09-07,349.01
2004-09-07,348.94
2004-09-07,348.85
2004-09-07,348.93
2004-09-08,348.94
2004-09-08,348.9
2004-09-08,349.01
2004-09-08,348.94
2004-09-09,348.94
2004-09-09,349.02
2004-09-09,348.95
2004-09-09,348.91
2004-09-10,348.95
2004-09-10,348.9
2004-09-10,348.95
2004-09-10,349.01
2004-09-11,348.93
2004-09-11,349.01
2004-09-11,348.9
2004-09-11,348.87
2004-09-12,348.97
2004-09-12,349.02
2004-09-12,349.02
2004-09-12,349.1
2004-09-13,349.14
2004-09-13,349.08
2004-09-13,349.21
2004-09-13,349.14
2004-09-14,349.19
2004-09-14,349.14
2004-09-14,349.24
2004-09-14,349.17
2004-09-15,349.17
2004-09-15,349.23
2004-09-15,349.19
2004-09-15,349.15
2004-09-16,349.19
2004-09-16,349.16
2004-09-16,349.23
2004-09-16,349.15
2004-09-17,349.16
2004-09-17,349.26
2004-09-17,349.17
2004-09-17,349.21
2004-09-18,349.3
2004-09-18,349.25
2004-09-18,349.39
2004-09-18,349.31
2004-09-19,349.38
2004-09-19,349.33
2004-09-19,349.22
2004-09-19,349.32
2004-09-20,349.24
2004-09-20,349.18
2004-09-20,349.17
2004-09-20,349.13
2004-09-21,349.18
2004-09-21,349.14
2004-09-21,349.07
2004-09-21,349.1
2004-09-22,349.1
2004-09-22,349.23
2004-09-22,349.14
2004-09-22,349.16
2004-09-23,349.2
2004-09-23,349.21
2004-09-23,349.27
2004-09-23,349.16
2004-09-24,349.25
2004-09-24,349.24
2004-09-24,349.31
2004-09-24,349.22
2004-09-25,349.3
2004-09-25,349.3
2004-09-25,349.26
2004-09-25,349.36
2004-09-26,349.34
2004-09-26,349.3
2004-09-26,349.39
2004-09-26,349.33
2004-09-27,349.4
2004-09-27,349.36
2004-09-27,349.33
2004-09-27,349.3
2004-09-28,349.35
2004-09-28,349.38
2004-09-28,349.33
2004-09-28,349.41
2004-09-29,349.42
2004-09-29,349.37
2004-09-29,349.49
2004-09-29,349.4
2004-09-30,349.46
2004-09-30,349.44
2004-09-30,349.42
2004-09-30,349.49
2004-10-01,349.39
2004-10-01,349.31
2004-10-01,349.42
2004-10-01,349.37
2004-10-02,349.29
2004-10-02,349.32
2004-10-02,349.35
2004-10-02,349.31
2004-10-03,349.37
2004-10-03,349.3
2004-10-03,349.33
2004-10-03,349.28
2004-10-04,349.38
2004-10-04,349.45
2004-10-04,349.38
2004-10-04,349.33
2004-10-05,349.43
2004-10-05,349.44
2004-10-05,349.41
2004-10-05,349.5
2004-10-06,349.45
2004-10-06,349.46
2004-10-06,349.49
2004-10-06,349.42
2004-10-07,349.41
2004-10-07,349.39
2004-10-07,349.46
2004-10-07,349.43
2004-10-08,349.43
2004-10-08,349.5
2004-10-08,349.42
2004-10-08,349.38
2004-10-09,349.57
2004-10-09,349.57
2004-10-09,349.67
2004-10-09,349.49
2004-10-10,349.73
2004-10-10,349.69
2004-10-10,349.66
2004-10-10,349.69
2004-10-11,349.62
2004-10-11,349.67
2004-10-11,349.62
2004-10-11,349.54
2004-10-12,349.51
2004-10-12,349.55
2004-10-12,349.59
2004-10-12,349.53
2004-10-13,349.52
2004-10-13,349.57
2004-10-13,349.52
2004-10-13,349.45
2004-10-14,349.43
2004-10-14,349.48
2004-10-14,349.55
2004-10-14,349.48
2004-10-15,349.52
2004-10-15,349.56
2004-10-15,349.6
2004-10-15,349.56
2004-10-16,349.55
2004-10-16,349.58
2004-10-16,349.54
2004-10-16,349.6
2004-10-17,349.54
2004-10-17,349.59
2004-10-17,349.53
2004-10-17,349.64
2004-10-18,349.56
2004-10-18,349.58
2004-10-18,349.63
2004-10-18,349.6
2004-10-19,349.57
2004-10-19,349.64
2004-10-19,349.7
2004-10-19,349.62
2004-10-20,349.81
2004-10-20,349.77
2004-10-20,349.7
2004-10-20,349.78
2004-10-21,349.71
2004-10-21,349.6
2004-10-21,349.78
2004-10-21,349.73
2004-10-22,349.51
2004-10-22,349.52
2004-10-22,349.48
2004-10-22,349.6
2004-10-23,349.63
2004-10-23,349.55
2004-10-23,349.51
2004-10-23,349.55
2004-10-24,349.73
2004-10-24,349.67
2004-10-24,349.66
2004-10-24,349.62
2004-10-25,349.65
2004-10-25,349.71
2004-10-25,349.69
2004-10-25,349.75
2004-10-26,349.74
2004-10-26,349.74
2004-10-26,349.69
2004-10-26,349.87
2004-10-27,349.84
2004-10-27,349.92
2004-10-27,349.8
2004-10-27,349.86
2004-10-28,349.81
2004-10-28,349.61
2004-10-28,349.61
2004-10-28,349.43
2004-10-29,349.49
2004-10-29,349.42
2004-10-29,349.43
2004-10-29,349.38
2004-10-30,349.45
2004-10-30,349.52
2004-10-30,349.61
2004-10-30,349.52
2004-10-31,349.64
2004-10-31,349.68
2004-10-31,349.63
2004-10-31,349.54
2004-11-01,349.36
2004-11-01,349.42
2004-11-01,349.54
2004-11-01,349.41
2004-11-02,349.43
2004-11-02,349.54
2004-11-02,349.43
2004-11-02,349.35
2004-11-03,349.54
2004-11-03,349.72
2004-11-03,349.72
2004-11-03,349.8
2004-11-04,349.78
2004-11-04,349.76
2004-11-04,349.76
2004-11-04,349.71
2004-11-05,349.79
2004-11-05,349.69
2004-11-05,349.76
2004-11-05,349.75
2004-11-06,349.84
2004-11-06,349.88
2004-11-06,349.85
2004-11-06,349.79
2004-11-07,349.79
2004-11-07,349.85
2004-11-07,349.86
2004-11-07,349.88
2004-11-08,349.7
2004-11-08,349.77
2004-11-08,349.77
2004-11-08,349.87
2004-11-09,349.64
2004-11-09,349.71
2004-11-09,349.67
2004-11-09,349.68
2004-11-10,349.76
2004-11-10,349.68
2004-11-10,349.73
2004-11-10,349.73
2004-11-11,349.76
2004-11-11,349.69
2004-11-11,349.76
2004-11-11,349.91
2004-11-12,349.9
2004-11-12,349.98
2004-11-12,350.07
2004-11-12,350.01
2004-11-13,349.97
2004-11-13,350.03
2004-11-13,350.04
2004-11-13,350.07
2004-11-14,349.95
2004-11-14,349.91
2004-11-14,349.95
2004-11-14,349.99
2004-11-15,349.99
2004-11-15,349.94
2004-11-15,349.95
2004-11-15,349.9
2004-11-16,349.84
2004-11-16,349.88
2004-11-16,349.92
2004-11-16,349.89
2004-11-17,349.88
2004-11-17,349.82
2004-11-17,349.87
2004-11-17,349.92
2004-11-18,349.89
2004-11-18,349.97
2004-11-18,349.97
2004-11-18,350.06
2004-11-19,350.21
2004-11-19,350.21
2004-11-19,350.31
2004-11-19,350.06
2004-11-20,350.28
2004-11-20,350.35
2004-11-20,350.35
2004-11-20,350.44
2004-11-21,350.52
2004-11-21,350.41
2004-11-21,350.5
2004-11-21,350.56
2004-11-22,350.42
2004-11-22,350.35
2004-11-22,350.26
2004-11-22,350.25
2004-11-23,350.31
2004-11-23,350.19
2004-11-23,350.27
2004-11-23,350.26
2004-11-24,350.16
2004-11-24,350.22
2004-11-24,350.12
2004-11-24,350.16
2004-11-25,350.28
2004-11-25,350.22
2004-11-25,350.14
2004-11-25,350.22
2004-11-26,350.31
2004-11-26,350.26
2004-11-26,350.2
2004-11-26,350.26
2004-11-27,350.34
2004-11-27,350.48
2004-11-27,350.34
2004-11-27,350.24
2004-11-28,350.38
2004-11-28,350.37
2004-11-28,350.49
2004-11-28,350.14
2004-11-29,350.1
2004-11-29,350.15
2004-11-29,350.09
2004-11-29,350.07
2004-11-30,350.1
2004-11-30,350.11
2004-11-30,350.12
2004-11-30,350.15
2004-12-01,350.15
2004-12-01,350.27
2004-12-01,350.22
2004-12-01,350.24
2004-12-02,350.29
2004-12-02,350.26
2004-12-02,350.26
2004-12-02,350.21
2004-12-03,350.31
2004-12-03,350.26
2004-12-03,350.37
2004-12-03,350.31
2004-12-04,350.37
2004-12-04,350.53
2004-12-04,350.5
2004-12-04,350.56
2004-12-05,350.7
2004-12-05,350.61
2004-12-05,350.67
2004-12-05,350.53
2004-12-06,350.56
2004-12-06,350.27
2004-12-06,350.18
2004-12-06,350.27
2004-12-07,350.21
2004-12-07,350.2
2004-12-07,350.19
2004-12-07,350.2
2004-12-08,350.21
2004-12-08,350.21
2004-12-08,350.19
2004-12-08,350.2
2004-12-09,350.27
2004-12-09,350.21
2004-12-09,350.22
2004-12-09,350.22
2004-12-10,350.26
2004-12-10,350.28
2004-12-10,350.28
2004-12-10,350.31
2004-12-11,350.31
2004-12-11,350.38
2004-12-11,350.33
2004-12-11,350.33
2004-12-12,350.35
2004-12-12,350.33
2004-12-12,350.35
2004-12-12,350.37
2004-12-13,350.34
2004-12-13,350.36
2004-12-13,350.35
2004-12-13,350.36
2004-12-14,350.37
2004-12-14,350.35
2004-12-14,350.36
2004-12-14,350.36
2004-12-15,350.36
2004-12-15,350.37
2004-12-15,350.36
2004-12-15,350.36
2004-12-16,350.36
2004-12-16,350.35
2004-12-16,350.33
2004-12-16,350.35
2004-12-17,350.33
2004-12-17,350.35
2004-12-17,350.36
2004-12-17,350.34
2004-12-18,350.36
2004-12-18,350.35
2004-12-18,350.35
2004-12-18,350.35
2004-12-19,350.36
2004-12-19,350.35
2004-12-19,350.37
2004-12-19,350.36
2004-12-20,350.44
2004-12-20,350.52
2004-12-20,350.36
2004-12-20,350.44
2004-12-21,350.52
2004-12-21,350.47
2004-12-21,350.36
2004-12-21,350.45
2004-12-22,350.37
2004-12-22,350.39
2004-12-22,350.41
2004-12-22,350.39
2004-12-23,350.41
2004-12-23,350.41
2004-12-23,350.39
2004-12-23,350.41
2004-12-24,350.41
2004-12-24,350.42
2004-12-24,350.4
2004-12-24,350.41
2004-12-25,350.45
2004-12-25,350.44
2004-12-25,350.44
2004-12-25,350.42
2004-12-26,350.44
2004-12-26,350.45
2004-12-26,350.44
2004-12-26,350.46
2004-12-27,350.46
2004-12-27,350.46
2004-12-27,350.45
2004-12-27,350.48
2004-12-28,350.47
2004-12-28,350.47
2004-12-28,350.57
2004-12-28,350.44
2004-12-29,350.57
2006-03-22,350.57
2006-03-22,350.52
2006-03-22,350.53
2006-03-22,350.45
2006-03-23,350.42
2006-03-23,350.5
2006-03-23,350.55
2006-03-23,350.5
2006-03-24,350.25
2006-03-24,350.32
2006-03-24,350.42
2006-03-24,350.32
2006-03-25,350.22
2006-03-25,350.26
2006-03-25,350.21
2006-03-25,350.19
2006-03-26,350.12
2006-03-26,350.15
2006-03-26,350.15
2006-03-26,350.21
2006-03-27,350.14
2006-03-27,350.16
2006-03-27,350.13
2006-03-27,350.08
2006-03-28,350.06
2006-03-28,349.98
2006-03-28,350.13
2006-03-28,350.06
2006-03-29,349.97
2006-03-29,350.15
2006-03-29,350.07
2006-03-29,350.07
2006-03-30,350.17
2006-03-30,350.13
2006-03-30,350.13
2006-03-30,350.07
2006-03-31,350.14
2006-03-31,350.12
2006-03-31,350.2
2006-03-31,350.05
2006-04-01,350.17
2006-04-01,350.24
2006-04-01,350.19
2006-04-01,350.24
2006-04-02,350.17
2006-04-02,350.11
2006-04-02,350.17
2006-04-02,350.22
2006-04-03,350.12
2006-04-03,350.09
2006-04-03,350.13
2006-04-03,350.0
2006-04-04,349.73
2006-04-04,350.0
2006-04-04,349.9
2006-04-04,349.9
2006-04-05,349.88
2006-04-05,349.75
2006-04-05,350.01
2006-04-05,349.89
2006-04-06,350.05
2006-04-06,350.0
2006-04-06,350.07
2006-04-06,349.94
2006-04-07,349.92
2006-04-07,349.92
2006-04-07,350.0
2006-04-07,349.89
2006-04-08,349.93
2006-04-08,350.02
2006-04-08,350.0
2006-04-08,349.97
2006-04-09,349.86
2006-04-09,349.8
2006-04-09,349.87
2006-04-09,349.94
2006-04-10,349.85
2006-04-10,349.79
2006-04-10,349.73
2006-04-10,349.81
2006-04-11,349.87
2006-04-11,349.77
2006-04-11,349.87
2006-04-11,349.82
2006-04-12,349.9
2006-04-12,349.86
2006-04-12,349.92
2006-04-12,349.8
2006-04-13,349.67
2006-04-13,349.81
2006-04-13,349.9
2006-04-13,349.82
2006-04-14,349.6
2006-04-14,349.6
2006-04-14,349.55
2006-04-14,349.71
2006-04-15,349.75
2006-04-15,349.81
2006-04-15,349.69
2006-04-15,349.81
2006-04-16,349.72
2006-04-16,349.78
2006-04-16,349.76
2006-04-16,349.8
2006-04-17,349.8
2006-04-17,349.73
2006-04-17,349.76
2006-04-17,349.79
2006-04-18,349.63
2006-04-18,349.7
2006-04-18,349.73
2006-04-18,349.76
2006-04-19,349.57
2006-04-19,349.57
2006-04-19,349.63
2006-04-19,349.52
2006-04-20,349.51
2006-04-20,349.55
2006-04-20,349.58
2006-04-20,349.55
2006-04-21,349.53
2006-04-21,349.49
2006-04-21,349.47
2006-04-21,349.43
2006-04-22,349.53
2006-04-22,349.5
2006-04-22,349.51
2006-04-22,349.46
2006-04-23,349.52
2006-04-23,349.66
2006-04-23,349.61
2006-04-23,349.62
2006-04-24,349.63
2006-04-24,349.61
2006-04-24,349.65
2006-04-24,349.56
2006-04-25,349.44
2006-04-25,349.58
2006-04-25,349.5
2006-04-25,349.5
2006-04-26,349.43
2006-04-26,349.48
2006-04-26,349.38
2006-04-26,349.43
2006-04-27,349.44
2006-04-27,349.36
2006-04-27,349.51
2006-04-27,349.43
2006-04-28,349.56
2006-04-28,349.54
2006-04-28,349.47
2006-04-28,349.55
2006-04-29,349.55
2006-04-29,349.42
2006-04-29,349.52
2006-04-29,349.5
2006-04-30,349.31
2006-04-30,349.44
2006-04-30,349.38
2006-04-30,349.38
2006-05-01,349.32
2006-05-01,349.27
2006-05-01,349.3
2006-05-01,349.33
2006-05-02,349.31
2006-05-02,349.25
2006-05-02,349.29
2006-05-02,349.29
2006-05-03,349.27
2006-05-03,349.3
2006-05-03,349.23
2006-05-03,349.26
2006-05-04,349.24
2006-05-04,349.34
2006-05-04,349.31
2006-05-04,349.29
2006-05-05,349.35
2006-05-05,349.34
2006-05-05,349.26
2006-05-05,349.31
2006-05-06,349.31
2006-05-06,349.28
2006-05-06,349.2
2006-05-06,349.28
2006-05-07,349.24
2006-05-07,349.24
2006-05-07,349.21
2006-05-07,349.17
2006-05-08,349.09
2006-05-08,349.21
2006-05-08,349.17
2006-05-08,349.18
2006-05-09,349.12
2006-05-09,349.14
2006-05-09,349.11
2006-05-09,349.06
2006-05-10,349.14
2006-05-10,349.1
2006-05-10,349.18
2006-05-10,349.16
2006-05-11,349.13
2006-05-11,349.08
2006-05-11,349.14
2006-05-11,349.17
2006-05-12,349.12
2006-05-12,349.09
2006-05-12,349.08
2006-05-12,349.06
2006-05-13,349.05
2006-05-13,349.11
2006-05-13,349.08
2006-05-13,349.11
2006-05-14,349.0
2006-05-14,349.04
2006-05-14,349.05
2006-05-14,349.1
2006-05-15,348.99
2006-05-15,349.04
2006-05-15,349.1
2006-05-15,349.06
2006-05-16,349.04
2006-05-16,349.09
2006-05-16,349.06
2006-05-16,348.98
2006-05-17,348.91
2006-05-17,349.01
2006-05-17,348.96
2006-05-17,348.96
2006-05-18,348.94
2006-05-18,348.99
2006-05-18,349.03
2006-05-18,348.97
2006-05-19,348.99
2006-05-19,348.99
2006-05-19,349.01
2006-05-19,348.94
2006-05-20,348.85
2006-05-20,348.95
2006-05-20,348.92
2006-05-20,348.96
2006-05-21,348.74
2006-05-21,348.74
2006-05-21,348.68
2006-05-21,348.85
2006-05-22,348.84
2006-05-22,348.84
2006-05-22,348.64
2006-05-22,348.98
2006-05-23,349.05
2006-05-23,348.96
2006-05-23,349.03
2006-05-23,348.99
2006-05-24,348.94
2006-05-24,348.82
2006-05-24,348.99
2006-05-24,348.94
2006-05-25,348.63
2006-05-25,348.74
2006-05-25,348.82
2006-05-25,348.74
2006-05-26,348.63
2006-05-26,348.54
2006-05-26,348.61
2006-05-26,348.59
2006-05-27,348.52
2006-05-27,348.59
2006-05-27,348.67
2006-05-27,348.6
2006-05-28,348.79
2006-05-28,348.77
2006-05-28,348.66
2006-05-28,348.74
2006-05-29,348.76
2006-05-29,348.78
2006-05-29,348.73
2006-05-29,348.78
2006-05-30,348.68
2006-05-30,348.75
2006-05-30,348.78
2006-05-30,348.74
2006-05-31,348.72
2006-05-31,348.69
2006-05-31,348.7
2006-05-31,348.64
2006-06-01,348.63
2006-06-01,348.69
2006-06-01,348.65
2006-06-01,348.65
2006-06-02,348.71
2006-06-02,348.7
2006-06-02,348.64
2006-06-02,348.67
2006-06-03,348.48
2006-06-03,348.57
2006-06-03,348.65
2006-06-03,348.57
2006-06-04,348.5
2006-06-04,348.44
2006-06-04,348.49
2006-06-04,348.52
2006-06-05,348.47
2006-06-05,348.5
2006-06-05,348.44
2006-06-05,348.51
2006-06-06,348.51
2006-06-06,348.44
2006-06-06,348.5
2006-06-06,348.4
2006-06-07,348.46
2006-06-07,348.45
2006-06-07,348.4
2006-06-07,348.43
2006-06-08,348.47
2006-06-08,348.45
2006-06-08,348.38
2006-06-08,348.44
2006-06-09,348.44
2006-06-09,348.46
2006-06-09,348.38
2006-06-09,348.43
2006-06-10,348.36
2006-06-10,348.4
2006-06-10,348.28
2006-06-10,348.35
2006-06-11,348.26
2006-06-11,348.33
2006-06-11,348.29
2006-06-11,348.31
2006-06-12,348.42
2006-06-12,348.32
2006-06-12,348.46
2006-06-12,348.41
2006-06-13,348.5
2006-06-13,348.43
2006-06-13,348.46
2006-06-13,348.48
2006-06-14,348.41
2006-06-14,348.46
2006-06-14,348.41
2006-06-14,348.28
2006-06-15,348.22
2006-06-15,348.22
2006-06-15,348.28
2006-06-15,348.14
2006-06-16,348.19
2006-06-16,348.24
2006-06-16,348.28
2006-06-16,348.27
2006-06-17,348.25
2006-06-17,348.28
2006-06-17,348.3
2006-06-17,348.29
2006-06-18,348.27
2006-06-18,348.25
2006-06-18,348.28
2006-06-18,348.21
2006-06-19,348.23
2006-06-19,348.2
2006-06-19,348.17
2006-06-19,348.22
2006-06-20,348.23
2006-06-20,348.15
2006-06-20,348.2
2006-06-20,348.25
2006-06-21,348.2
2006-06-21,348.16
2006-06-21,348.2
2006-06-21,348.11
2006-06-22,348.21
2006-06-22,348.15
2006-06-22,348.18
2006-06-22,348.21
2006-06-23,348.17
2006-06-23,348.2
2006-06-23,348.21
2006-06-23,348.13
2006-06-24,348.15
2006-06-24,348.1
2006-06-24,348.23
2006-06-24,348.14
2006-06-25,348.03
2006-06-25,348.14
2006-06-25,348.15
2006-06-25,348.1
2006-06-26,348.03
2006-06-26,348.06
2006-06-26,347.93
2006-06-26,348.03
2006-06-27,347.91
2006-06-27,347.98
2006-06-27,348.04
2006-06-27,348.06
2006-06-28,348.01
2006-06-28,347.97
2006-06-28,348.05
2006-06-28,348.01
2006-06-29,348.02
2006-06-29,348.04
2006-06-29,347.96
2006-06-29,348.01
2006-06-30,348.0
2006-06-30,347.84
2006-06-30,347.94
2006-06-30,347.94
2006-07-01,347.84
2006-07-01,347.83
2006-07-01,347.77
2006-07-01,347.86
2006-07-02,347.84
2006-07-02,347.9
2006-07-02,347.8
2006-07-02,347.86
2006-07-03,347.88
2006-07-03,347.92
2006-07-03,347.94
2006-07-03,347.94
2006-07-04,347.88
2006-07-04,347.93
2006-07-04,347.82
2006-07-04,347.92
2006-07-05,347.79
2006-07-05,347.83
2006-07-05,347.71
2006-07-05,347.79
2006-07-06,347.81
2006-07-06,347.74
2006-07-06,347.81
2006-07-06,347.77
2006-07-07,347.78
2006-07-07,347.73
2006-07-07,347.81
2006-07-07,347.79
2006-07-08,347.74
2006-07-08,347.66
2006-07-08,347.79
2006-07-08,347.74
2006-07-09,347.67
2006-07-09,347.52
2006-07-09,347.61
2006-07-09,347.61
2006-07-10,347.5
2006-07-10,347.57
2006-07-10,347.55
2006-07-10,347.57
2006-07-11,347.54
2006-07-11,347.61
2006-07-11,347.62
2006-07-11,347.58
2006-07-12,347.68
2006-07-12,347.57
2006-07-12,347.62
2006-07-12,347.66
2006-07-13,347.68
2006-07-13,347.67
2006-07-13,347.59
2006-07-13,347.63
2006-07-14,347.6
2006-07-14,347.59
2006-07-14,347.63
2006-07-14,347.5
2006-07-15,347.49
2006-07-15,347.53
2006-07-15,347.57
2006-07-15,347.57
2006-07-16,347.5
2006-07-16,347.58
2006-07-16,347.61
2006-07-16,347.55
2006-07-17,347.44
2006-07-17,347.49
2006-07-17,347.57
2006-07-17,347.51
2006-07-18,347.48
2006-07-18,347.45
2006-07-18,347.46
2006-07-18,347.33
2006-07-19,347.33
2006-07-19,347.42
2006-07-19,347.39
2006-07-19,347.39
2006-07-20,347.4
2006-07-20,347.37
2006-07-20,347.38
2006-07-20,347.38
2006-07-21,347.38
2006-07-21,347.29
2006-07-21,347.37
2006-07-21,347.37
2006-07-22,347.28
2006-07-22,347.22
2006-07-22,347.3
2006-07-22,347.29
2006-07-23,347.23
2006-07-23,347.23
2006-07-23,347.23
2006-07-23,347.16
2006-07-24,347.04
2006-07-24,347.14
2006-07-24,347.17
2006-07-24,347.14
2006-07-25,347.06
2006-07-25,347.04
2006-07-25,347.1
2006-07-25,347.01
2006-07-26,347.18
2006-07-26,347.18
2006-07-26,347.1
2006-07-26,347.22
2006-07-27,347.29
2006-07-27,347.26
2006-07-27,347.22
2006-07-27,347.29
2006-07-28,347.27
2006-07-28,347.27
2006-07-28,347.2
2006-07-28,347.27
2006-07-29,347.22
2006-07-29,347.22
2006-07-29,347.2
2006-07-29,347.21
2006-07-30,347.2
2006-07-30,347.19
2006-07-30,347.19
2006-07-30,347.09
2006-07-31,347.07
2006-07-31,347.02
2006-07-31,347.07
2006-07-31,347.09
2006-08-01,347.07
2006-08-01,347.07
2006-08-01,347.04
2006-08-01,347.02
2006-08-02,347.1
2006-08-02,347.1
2006-08-02,347.08
2006-08-02,347.02
2006-08-03,346.99
2006-08-03,347.0
2006-08-03,346.94
2006-08-03,347.02
2006-08-04,346.98
2006-08-04,346.96
2006-08-04,347.01
2006-08-04,346.99
2006-08-05,346.96
2006-08-05,347.02
2006-08-05,347.01
2006-08-05,347.02
2006-08-06,346.97
2006-08-06,346.95
2006-08-06,346.91
2006-08-06,346.96
2006-08-07,346.98
2006-08-07,346.91
2006-08-07,346.98
2006-08-07,346.93
2006-08-08,346.95
2006-08-08,346.93
2006-08-08,346.95
2006-08-08,346.88
2006-08-09,346.9
2006-08-09,346.88
2006-08-09,346.88
2006-08-09,346.79
2006-08-10,346.83
2006-08-10,346.86
2006-08-10,346.78
2006-08-11,346.82
2006-08-11,346.79
2006-08-11,346.7
2006-08-11,346.79
2006-08-12,346.69
2006-08-12,346.61
2006-08-12,346.69
2006-08-12,346.71
2006-08-13,346.67
2006-08-13,346.69
2006-08-13,346.64
2006-08-13,346.63
2006-08-14,346.69
2006-08-14,346.72
2006-08-14,346.72
2006-08-14,346.65
2006-08-15,346.62
2006-08-15,346.69
2006-08-15,346.68
2006-08-15,346.66
2006-08-16,346.53
2006-08-16,346.68
2006-08-16,346.63
2006-08-16,346.69
2006-08-17,346.58
2006-08-17,346.63
2006-08-17,346.7
2006-08-17,346.71
2006-08-18,346.61
2006-08-18,346.63
2006-08-18,346.63
2006-08-18,346.54
2006-08-19,346.53
2006-08-19,346.46
2006-08-19,346.56
2006-08-19,346.52
2006-08-20,346.45
2006-08-20,346.49
2006-08-20,346.39
2006-08-20,346.48
2006-08-21,346.42
2006-08-21,346.45
2006-08-21,346.37
2006-08-21,346.44
2006-08-22,346.47
2006-08-22,346.44
2006-08-22,346.39
2006-08-22,346.42
2006-08-23,346.48
2006-08-23,346.34
2006-08-23,346.44
2006-08-23,346.42
2006-08-24,346.2
2006-08-24,346.36
2006-08-24,346.31
2006-08-24,346.32
2006-08-25,346.17
2006-08-25,346.21
2006-08-25,346.25
2006-08-25,346.24
2006-08-26,346.18
2006-08-26,346.21
2006-08-26,346.24
2006-08-26,346.25
2006-08-27,346.16
2006-08-27,346.21
2006-08-27,346.25
2006-08-27,346.26
2006-08-28,346.16
2006-08-28,346.1
2006-08-28,346.19
2006-08-28,346.17
2006-08-29,346.12
2006-08-29,346.09
2006-08-29,346.11
2006-08-29,346.03
2006-08-30,346.07
2006-08-30,346.1
2006-08-30,346.06
2006-08-30,346.0
2006-08-31,346.06
2006-08-31,346.2
2006-08-31,346.05
2006-08-31,346.0
2006-09-01,346.11
2006-09-01,346.13
2006-09-01,346.2
2006-09-01,346.13
2006-09-02,346.12
2006-09-02,346.04
2006-09-02,346.1
2006-09-02,346.1
2006-09-03,346.09
2006-09-03,346.08
2006-09-03,346.0
2006-09-03,346.08
2006-09-04,346.05
2006-09-04,346.11
2006-09-04,346.08
2006-09-04,346.14
2006-09-05,346.16
2006-09-05,346.13
2006-09-05,346.21
2006-09-05,346.22
2006-09-06,346.19
2006-09-06,346.04
2006-09-06,346.14
2006-09-06,346.14
2006-09-07,345.87
2006-09-07,345.97
2006-09-07,345.97
2006-09-07,346.04
2006-09-08,345.94
2006-09-08,345.9
2006-09-08,345.94
2006-09-08,345.89
2006-09-09,345.95
2006-09-09,345.94
2006-09-09,345.92
2006-09-09,345.91
2006-09-10,345.93
2006-09-10,345.88
2006-09-10,345.93
2006-09-10,345.91
2006-09-11,345.92
2006-09-11,345.89
2006-09-11,345.92
2006-09-11,345.86
2006-09-12,345.88
2006-09-12,345.89
2006-09-12,345.81
2006-09-12,345.88
2006-09-13,345.83
2006-09-13,345.76
2006-09-13,345.66
2006-09-13,345.76
2006-09-14,345.66
2006-09-14,345.62
2006-09-14,345.56
2006-09-14,345.62
2006-09-15,345.58
2006-09-15,345.64
2006-09-15,345.6
2006-09-15,345.64
2006-09-16,345.63
2006-09-16,345.69
2006-09-16,345.69
2006-09-16,345.65
2006-09-17,345.73
2006-09-17,345.7
2006-09-17,345.73
2006-09-17,345.67
2006-09-18,345.62
2006-09-18,345.71
2006-09-18,345.72
2006-09-18,345.69
2006-09-19,345.59
2006-09-19,345.66
2006-09-19,345.67
2006-09-19,345.63
2006-09-20,345.6
2006-09-20,345.6
2006-09-20,345.63
2006-09-20,345.52
2006-09-21,345.39
2006-09-21,345.5
2006-09-21,345.57
2006-09-21,345.5
2006-09-22,345.39
2006-09-22,345.35
2006-09-22,345.33
2006-09-22,345.36
2006-09-23,345.46
2006-09-23,345.38
2006-09-23,345.52
2006-09-23,345.5
2006-09-24,345.47
2006-09-24,345.54
2006-09-24,345.54
2006-09-24,345.52
2006-09-25,345.48
2006-09-25,345.49
2006-09-25,345.43
2006-09-25,345.5
2006-09-26,345.48
2006-09-26,345.5
2006-09-26,345.5
2006-09-26,345.46
2006-09-27,345.48
2006-09-27,345.51
2006-09-27,345.51
2006-09-27,345.44
2006-09-28,345.36
2006-09-28,345.46
2006-09-28,345.47
2006-09-28,345.45
2006-09-29,345.37
2006-09-29,345.34
2006-09-29,345.35
2006-09-29,345.28
2006-09-30,345.29
2006-09-30,345.28
2006-09-30,345.26
2006-09-30,345.19
2006-10-01,345.15
2006-10-01,345.18
2006-10-01,345.22
2006-10-01,345.23
2006-10-02,345.17
2006-10-02,345.22
2006-10-02,345.18
2006-10-02,345.22
2006-10-03,345.21
2006-10-03,345.18
2006-10-03,345.12
2006-10-03,345.22
2006-10-04,345.05
2006-10-04,345.13
2006-10-04,345.11
2006-10-04,345.14
2006-10-05,345.09
2006-10-05,344.97
2006-10-05,345.04
2006-10-05,345.08
2006-10-06,345.07
2006-10-06,345.01
2006-10-06,345.04
2006-10-06,344.98
2006-10-07,344.96
2006-10-07,345.04
2006-10-07,345.04
2006-10-07,345.07
2006-10-08,344.9
2006-10-08,344.97
2006-10-08,344.96
2006-10-08,344.99
2006-10-09,344.94
2006-10-09,344.92
2006-10-09,344.97
2006-10-09,344.88
2006-10-10,344.94
2006-10-10,344.94
2006-10-10,344.91
2006-10-10,344.99
2006-10-11,344.91
2006-10-11,344.93
2006-10-11,344.82
2006-10-11,344.9
2006-10-12,344.71
2006-10-12,344.84
2006-10-12,344.79
2006-10-12,344.79
2006-10-13,344.64
2006-10-13,344.71
2006-10-13,344.75
2006-10-13,344.71
2006-10-14,344.69
2006-10-14,344.72
2006-10-14,344.71
2006-10-14,344.67
2006-10-15,344.74
2006-10-15,344.69
2006-10-15,344.64
2006-10-15,344.72
2006-10-16,344.65
2006-10-16,344.57
2006-10-16,344.63
2006-10-16,344.61
2006-10-17,344.63
2006-10-17,344.65
2006-10-17,344.73
2006-10-17,344.57
2006-10-18,344.87
2006-10-18,344.83
2006-10-18,344.86
2006-10-18,344.73
2006-10-19,344.72
2006-10-19,344.84
2006-10-19,344.85
2006-10-19,344.9
2006-10-20,344.62
2006-10-20,344.62
2006-10-20,344.51
2006-10-20,344.72
2006-10-21,344.64
2006-10-21,344.54
2006-10-21,344.58
2006-10-21,344.6
2006-10-22,344.67
2006-10-22,344.65
2006-10-22,344.57
2006-10-22,344.63
2006-10-23,344.56
2006-10-23,344.56
2006-10-23,344.61
2006-10-23,344.49
2006-10-24,344.53
2006-10-24,344.49
2006-10-24,344.43
2006-10-24,344.49
2006-10-25,344.5
2006-10-25,344.45
2006-10-25,344.58
2006-10-25,344.49
2006-10-26,344.75
2006-10-26,344.58
2006-10-26,344.71
2006-10-26,344.69
2006-10-27,344.7
2006-10-27,344.61
2006-10-27,344.7
2006-10-27,344.75
2006-10-28,344.49
2006-10-28,344.39
2006-10-28,344.61
2006-10-28,344.49
2006-10-29,344.26
2006-10-29,344.28
2006-10-29,344.39
2006-10-29,344.22
2006-10-30,344.28
2006-10-30,344.33
2006-10-30,344.26
2006-10-30,344.23
2006-10-31,344.21
2006-10-31,344.28
2006-10-31,344.24
2006-10-31,344.24
2006-11-01,344.24
2006-11-01,344.3
2006-11-01,344.27
2006-11-01,344.26
2006-11-02,344.26
2006-11-02,344.26
2006-11-02,344.21
2006-11-02,344.32
2006-11-03,344.2
2006-11-03,344.27
2006-11-03,344.16
2006-11-03,344.21
2006-11-04,344.18
2006-11-04,344.13
2006-11-04,344.22
2006-11-04,344.15
2006-11-05,344.24
2006-11-05,344.2
2006-11-05,344.19
2006-11-05,344.15
2006-11-06,344.24
2006-11-06,344.17
2006-11-06,344.17
2006-11-06,344.13
2006-11-07,344.02
2006-11-07,344.02
2006-11-07,343.91
2006-11-07,344.14
2006-11-08,343.81
2006-11-08,343.77
2006-11-08,343.81
2006-11-08,343.91
2006-11-09,343.84
2006-11-09,343.78
2006-11-09,343.85
2006-11-09,343.92
2006-11-10,343.97
2006-11-10,343.89
2006-11-10,343.97
2006-11-10,344.02
2006-11-11,343.97
2006-11-11,343.8
2006-11-11,343.84
2006-11-11,343.84
2006-11-12,343.92
2006-11-12,343.92
2006-11-12,343.97
2006-11-12,343.82
2006-11-13,343.98
2006-11-13,343.88
2006-11-13,343.93
2006-11-13,343.93
2006-11-14,343.82
2006-11-14,343.84
2006-11-14,343.8
2006-11-14,343.9
2006-11-15,343.82
2006-11-15,343.88
2006-11-15,343.76
2006-11-15,343.81
2006-11-16,343.7
2006-11-16,343.72
2006-11-16,343.66
2006-11-16,343.76
2006-11-17,343.69
2006-11-17,343.71
2006-11-17,343.75
2006-11-17,343.71
2006-11-18,343.73
2006-11-18,343.69
2006-11-18,343.72
2006-11-18,343.78
2006-11-19,343.73
2006-11-19,343.76
2006-11-19,343.81
2006-11-19,343.76
2006-11-20,343.76
2006-11-20,343.68
2006-11-20,343.65
2006-11-20,343.72
2006-11-21,343.68
2006-11-21,343.66
2006-11-21,343.69
2006-11-21,343.74
2006-11-22,343.61
2006-11-22,343.66
2006-11-22,343.66
2006-11-22,343.73
2006-11-23,343.62
2006-11-23,343.54
2006-11-23,343.54
2006-11-23,343.49
2006-11-24,343.41
2006-11-24,343.37
2006-11-24,343.49
2006-11-24,343.41
2006-11-25,343.37
2006-11-25,343.33
2006-11-25,343.41
2006-11-25,343.37
2006-11-26,343.37
2006-11-26,343.42
2006-11-26,343.35
2006-11-26,343.38
2006-11-28,343.35
2006-12-15,342.74
2006-12-15,342.46
2006-12-15,342.43
2006-12-15,342.28
2006-12-16,342.14
2006-12-16,342.23
2006-12-16,342.25
2006-12-16,342.34
2006-12-17,342.45
2006-12-17,342.26
2006-12-17,342.43
2006-12-17,342.58
2006-12-18,342.65
2006-12-18,342.45
2006-12-18,342.5
2006-12-18,342.54
2006-12-19,342.65
2006-12-19,342.81
2006-12-19,342.53
2006-12-19,342.66
2006-12-20,342.72
2006-12-20,342.81
2006-12-20,342.62
2006-12-20,342.7
2006-12-21,342.58
2006-12-21,342.65
2006-12-21,342.73
2006-12-21,342.61
2006-12-22,342.68
2006-12-22,342.52
2006-12-22,342.44
2006-12-22,342.41
2006-12-23,342.68
2006-12-23,342.71
2006-12-23,342.78
2006-12-23,342.58
2006-12-24,342.83
2006-12-24,342.76
2006-12-24,342.65
2006-12-24,342.75
2006-12-25,342.62
2006-12-25,342.68
2006-12-25,342.71
2006-12-25,342.81
2006-12-26,342.71
2006-12-26,342.61
2006-12-26,342.39
2006-12-26,342.57
2006-12-27,342.45
2006-12-27,342.18
2006-12-27,342.13
2006-12-28,342.12
2006-12-28,342.21
2006-12-28,342.22
2006-12-28,342.4
2006-12-29,342.38
2006-12-29,342.61
2006-12-29,342.49
2006-12-29,342.52
2006-12-30,342.6
2006-12-30,342.66
2006-12-30,342.61
2006-12-30,342.55
2006-12-31,342.59
2006-12-31,342.58
2006-12-31,342.49
2006-12-31,342.67
2007-01-01,342.42
2007-01-01,342.44
2007-01-01,342.35
2007-01-01,342.51
2007-01-02,342.46
2007-01-02,342.53
2007-01-02,342.44
2007-01-02,342.38
2007-01-03,342.41
2007-01-03,342.48
2007-01-03,342.35
2007-01-03,342.38
2007-01-04,342.32
2007-01-04,342.14
2007-01-04,342.42
2007-01-04,342.33
2007-01-05,342.12
2007-01-05,342.32
2007-01-05,342.53
2007-01-05,342.3
2007-01-06,342.43
2007-01-06,342.47
2007-01-06,342.51
2007-01-06,342.55
2007-01-07,342.51
2007-01-07,342.56
2007-01-07,342.46
2007-01-07,342.61
2007-01-08,342.3
2007-01-08,342.4
2007-01-08,342.51
2007-01-08,342.4
2007-01-09,342.33
2007-01-09,342.15
2007-01-09,342.23
2007-01-09,342.25
2007-01-10,342.03
2007-01-10,342.02
2007-01-10,342.18
2007-01-10,341.96
2007-01-11,341.92
2007-01-11,341.84
2007-01-11,341.91
2007-01-11,341.99
2007-01-12,341.89
2007-01-12,341.83
2007-01-12,341.93
2007-01-12,342.06
2007-01-13,342.11
2007-01-13,342.11
2007-01-13,342.05
2007-01-13,342.19
2007-01-14,342.15
2007-01-14,342.19
2007-01-14,342.2
2007-01-14,342.26
2007-01-15,342.2
2007-01-15,342.28
2007-01-15,342.33
2007-01-15,342.27
2007-01-16,342.14
2007-01-16,342.26
2007-01-16,342.11
2007-01-16,342.03
2007-01-17,342.0
2007-01-17,341.98
2007-01-17,342.07
2007-01-17,341.93
2007-01-18,342.03
2007-01-18,341.94
2007-01-18,341.89
2007-01-18,341.95
2007-01-19,341.78
2007-01-19,341.85
2007-01-19,341.93
2007-01-19,341.89
2007-01-20,341.89
2007-01-20,341.96
2007-01-20,341.93
2007-01-20,341.85
2007-01-21,341.95
2007-01-21,341.88
2007-01-21,341.84
2007-01-21,341.8
2007-01-22,341.91
2007-01-22,342.07
2007-01-22,342.0
2007-01-22,341.98
2007-01-23,342.02
2007-01-23,342.07
2007-01-23,342.02
2007-01-23,341.93
2007-01-24,341.93
2007-01-24,341.89
2007-01-24,342.01
2007-01-24,341.93
2007-01-25,341.94
2007-01-25,341.83
2007-01-25,341.83
2007-01-25,341.74
2007-01-26,341.78
2007-01-26,341.72
2007-01-26,341.65
2007-01-26,341.71
2007-01-27,341.65
2007-01-27,341.68
2007-01-27,341.76
2007-01-27,341.7
2007-01-28,341.68
2007-01-28,341.69
2007-01-28,341.72
2007-01-28,341.62
2007-01-29,341.63
2007-01-29,341.52
2007-01-29,341.69
2007-01-29,341.6
2007-01-30,341.53
2007-01-30,341.63
2007-01-30,341.53
2007-01-30,341.5
2007-01-31,341.49
2007-01-31,341.57
2007-01-31,341.44
2007-01-31,341.51
2007-02-01,341.64
2007-02-01,341.53
2007-02-01,341.53
2007-02-01,341.47
2007-02-02,341.67
2007-02-02,341.6
2007-02-02,341.66
2007-02-02,341.79
2007-02-03,341.78
2007-02-03,341.76
2007-02-03,341.86
2007-02-03,341.8
2007-02-04,341.75
2007-02-04,341.68
2007-02-04,341.77
2007-02-04,341.82
2007-02-05,341.58
2007-02-05,341.73
2007-02-05,341.66
2007-02-05,341.67
2007-02-06,341.62
2007-02-06,341.54
2007-02-06,341.5
2007-02-06,341.56
2007-02-07,341.48
2007-02-07,341.54
2007-02-07,341.41
2007-02-07,341.46
2007-02-08,341.43
2007-02-08,341.55
2007-02-08,341.46
2007-02-08,341.48
2007-02-09,341.49
2007-02-09,341.42
2007-02-09,341.55
2007-02-09,341.48
2007-02-10,341.38
2007-02-10,341.28
2007-02-10,341.47
2007-02-10,341.38
2007-02-11,341.29
2007-02-11,341.37
2007-02-11,341.23
2007-02-11,341.3
2007-02-12,341.43
2007-02-12,341.28
2007-02-12,341.35
2007-02-12,341.36
2007-02-13,341.39
2007-02-13,341.29
2007-02-13,341.31
2007-02-13,341.25
2007-02-14,341.43
2007-02-14,341.44
2007-02-14,341.56
2007-02-14,341.34
2007-02-15,341.65
2007-02-15,341.55
2007-02-15,341.49
2007-02-15,341.57
2007-02-16,341.46
2007-02-16,341.46
2007-02-16,341.58
2007-02-16,341.37
2007-02-17,341.2
2007-02-17,341.33
2007-02-17,341.33
2007-02-17,341.42
2007-02-18,341.05
2007-02-18,341.05
2007-02-18,340.95
2007-02-18,341.2
2007-02-19,341.02
2007-02-19,341.0
2007-02-19,340.88
2007-02-19,341.19
2007-02-20,341.27
2007-02-20,341.17
2007-02-20,341.34
2007-02-20,341.33
2007-02-21,341.2
2007-02-21,341.2
2007-02-21,341.12
2007-02-21,341.31
2007-02-22,341.03
2007-02-22,341.11
2007-02-22,341.17
2007-02-22,341.14
2007-02-23,341.11
2007-02-23,341.03
2007-02-23,341.22
2007-02-23,341.1
2007-02-24,341.25
2007-02-24,341.16
2007-02-24,341.22
2007-02-24,341.31
2007-02-25,341.14
2007-02-25,341.13
2007-02-25,341.21
2007-02-25,341.06
2007-02-26,341.16
2007-02-26,341.04
2007-02-26,341.09
2007-02-26,341.1
2007-02-27,341.08
2007-02-27,341.0
2007-02-27,341.02
2007-02-27,340.94
2007-02-28,340.92
2007-02-28,341.0
2007-02-28,341.13
2007-02-28,341.03
2007-03-01,341.01
2007-03-01,341.17
2007-03-01,341.09
2007-03-01,341.11
2007-03-02,341.25
2007-03-02,341.14
2007-03-02,341.04
2007-03-02,341.16
2007-03-03,341.26
2007-03-03,341.23
2007-03-03,341.31
2007-03-03,341.16
2007-03-04,341.24
2007-03-04,341.11
2007-03-04,341.23
2007-03-04,341.3
2007-03-05,341.01
2007-03-05,341.14
2007-03-05,341.07
2007-03-05,341.08
2007-03-06,340.98
2007-03-06,341.05
2007-03-06,341.1
2007-03-06,341.06
2007-03-07,340.98
2007-03-07,340.9
2007-03-07,340.99
2007-03-07,341.03
2007-03-08,340.95
2007-03-08,340.89
2007-03-08,340.95
2007-03-08,341.01
2007-03-09,340.97
2007-03-09,340.85
2007-03-09,340.91
2007-03-09,340.95
2007-03-10,340.87
2007-03-10,340.94
2007-03-10,340.85
2007-03-10,340.8
2007-03-11,341.0
2007-03-11,340.95
2007-03-11,341.02
2007-03-11,340.9
2007-03-12,340.92
2007-03-12,340.95
2007-03-12,340.82
2007-03-12,340.99
2007-03-13,340.82
2007-03-13,340.94
2007-03-13,340.92
2007-03-13,340.89
2007-03-14,340.82
2007-03-14,340.96
2007-03-14,340.9
2007-03-14,340.91
2007-03-15,340.83
2007-03-15,340.76
2007-03-15,340.9
2007-03-15,340.83
2007-03-16,340.84
2007-03-16,340.91
2007-03-16,340.86
2007-03-16,340.75
2007-03-17,340.82
2007-03-17,340.79
2007-03-17,340.72
2007-03-17,340.86
2007-03-18,340.7
2007-03-18,340.76
2007-03-18,340.8
2007-03-18,340.75
2007-03-19,340.83
2007-03-19,340.8
2007-03-19,340.76
2007-03-19,340.7
2007-03-20,340.83
2007-03-20,340.7
2007-03-20,340.76
2007-03-20,340.85
2007-03-21,340.74
2007-03-21,340.6
2007-03-21,340.66
2007-03-21,340.69
2007-03-22,340.55
2007-03-22,340.57
2007-03-22,340.48
2007-03-22,340.63
2007-03-23,340.71
2007-03-23,340.6
2007-03-23,340.78
2007-03-23,340.69
2007-03-24,340.8
2007-03-24,340.81
2007-03-24,340.89
2007-03-24,340.74
2007-03-25,340.78
2007-03-25,340.87
2007-03-25,340.89
2007-03-25,340.85
2007-03-26,340.83
2007-03-26,340.73
2007-03-26,340.79
2007-03-26,340.86
2007-03-27,340.68
2007-03-27,340.77
2007-03-27,340.62
2007-03-27,340.59
2007-03-28,340.76
2007-03-28,340.7
2007-03-28,340.83
2007-03-28,340.78
2007-03-29,340.69
2007-03-29,340.85
2007-03-29,340.8
2007-03-29,340.79
2007-03-30,340.8
2007-03-30,340.79
2007-03-30,340.85
2007-03-30,340.74
2007-03-31,340.68
2007-03-31,340.68
2007-03-31,340.77
2007-03-31,340.55
2007-04-01,340.44
2007-04-01,340.52
2007-04-01,340.58
2007-04-01,340.52
2007-04-02,340.56
2007-04-02,340.56
2007-04-02,340.52
2007-04-02,340.63
2007-04-03,340.62
2007-04-03,340.57
2007-04-03,340.64
2007-04-03,340.68
2007-04-04,340.69
2007-04-04,340.6
2007-04-04,340.52
2007-04-04,340.59
2007-04-05,340.58
2007-04-05,340.45
2007-04-05,340.51
2007-04-05,340.52
2007-04-06,340.39
2007-04-06,340.49
2007-04-06,340.44
2007-04-06,340.47
2007-04-07,340.48
2007-04-07,340.38
2007-04-07,340.46
2007-04-07,340.43
2007-04-08,340.51
2007-04-08,340.46
2007-04-08,340.37
2007-04-08,340.47
2007-04-09,340.44
2007-04-09,340.54
2007-04-09,340.49
2007-04-09,340.51
2007-04-10,340.5
2007-04-10,340.45
2007-04-10,340.56
2007-04-10,340.53
2007-04-11,340.5
2007-04-11,340.42
2007-04-11,340.42
2007-04-11,340.34
2007-04-12,340.44
2007-04-12,340.24
2007-04-12,340.23
2007-04-12,340.33
2007-04-13,340.54
2007-04-13,340.53
2007-04-13,340.43
2007-04-13,340.64
2007-04-14,340.56
2007-04-14,340.63
2007-04-14,340.4
2007-04-14,340.54
2007-04-15,340.32
2007-04-15,340.28
2007-04-15,340.31
2007-04-15,340.42
2007-04-16,340.62
2007-04-16,340.48
2007-04-16,340.5
2007-04-16,340.35
2007-04-17,340.66
2007-04-17,340.58
2007-04-17,340.61
2007-04-17,340.48
2007-04-18,340.51
2007-04-18,340.42
2007-04-18,340.41
2007-04-18,340.29
2007-04-19,340.28
2007-04-19,340.37
2007-04-19,340.18
2007-04-19,340.29
2007-04-20,340.27
2007-04-20,340.17
2007-04-20,340.22
2007-04-20,340.23
2007-04-21,340.24
2007-04-21,340.4
2007-04-21,340.44
2007-04-21,340.44
2007-04-22,340.42
2007-04-22,340.36
2007-04-22,340.32
2007-04-22,340.37
2007-04-23,340.38
2007-04-23,340.5
2007-04-23,340.29
2007-04-23,340.4
2007-04-24,340.46
2007-04-24,340.39
2007-04-24,340.48
2007-04-24,340.51
2007-04-25,340.46
2007-04-25,340.33
2007-04-25,340.34
2007-04-25,340.19
2007-04-26,340.16
2007-04-26,340.17
2007-04-26,340.22
2007-04-26,340.09
2007-04-27,340.17
2007-04-27,340.31
2007-04-27,340.26
2007-04-27,340.23
2007-04-28,340.2
2007-04-28,340.27
2007-04-28,340.29
2007-04-28,340.31
2007-04-29,340.21
2007-04-29,340.32
2007-04-29,340.27
2007-04-29,340.27
2007-04-30,340.13
2007-04-30,340.23
2007-04-30,340.31
2007-04-30,340.25
2007-05-01,340.22
2007-05-01,340.19
2007-05-01,340.16
2007-05-01,340.1
2007-05-02,340.14
2007-05-02,340.24
2007-05-02,340.22
2007-05-02,340.2
2007-05-03,340.18
2007-05-03,340.23
2007-05-03,340.1
2007-05-03,340.17
2007-05-04,340.11
2007-05-04,340.16
2007-05-04,340.03
2007-05-04,340.12
2007-05-05,340.07
2007-05-05,340.17
2007-05-05,339.98
2007-05-05,340.09
2007-05-06,340.23
2007-05-06,340.26
2007-05-06,340.19
2007-05-06,340.12
2007-05-07,340.23
2007-05-07,340.23
2007-05-07,340.26
2007-05-07,340.17
2007-05-08,340.25
2007-05-08,340.19
2007-05-08,340.18
2007-05-08,340.08
2007-05-09,340.25
2007-05-09,340.21
2007-05-09,340.13
2007-05-09,340.21
2007-05-10,340.25
2007-05-10,340.28
2007-05-10,340.18
2007-05-10,340.23
2007-05-11,340.25
2007-05-11,340.28
2007-05-11,340.22
2007-05-11,340.17
2007-05-12,340.18
2007-05-12,340.2
2007-05-12,340.23
2007-05-12,340.13
2007-05-13,340.16
2007-05-13,340.19
2007-05-13,340.07
2007-05-13,340.14
2007-05-14,340.17
2007-05-14,340.05
2007-05-14,340.11
2007-05-14,340.11
2007-05-15,340.13
2007-05-15,340.1
2007-05-15,340.16
2007-05-15,340.18
2007-05-16,340.14
2007-05-16,340.1
2007-05-16,340.1
2007-05-16,340.03
2007-05-17,340.08
2007-05-17,340.08
2007-05-17,340.12
2007-05-17,340.03
2007-05-18,340.09
2007-05-18,340.1
2007-05-18,340.03
2007-05-18,340.13
2007-05-19,340.1
2007-05-19,340.05
2007-05-19,339.99
2007-05-19,340.08
2007-05-20,340.0
2007-05-20,340.06
2007-05-20,340.02
2007-05-20,339.91
2007-05-21,339.99
2007-05-21,339.9
2007-05-21,339.96
2007-05-21,340.0
2007-05-22,340.01
2007-05-22,339.97
2007-05-22,340.03
2007-05-22,339.91
2007-05-23,340.04
2007-05-23,340.12
2007-05-23,339.98
2007-05-23,340.05
2007-05-24,340.11
2007-05-24,339.98
2007-05-24,340.06
2007-05-24,340.03
2007-05-25,340.11
2007-05-25,340.08
2007-05-25,340.03
2007-05-25,340.07
2007-05-26,340.03
2007-05-26,340.12
2007-05-26,340.08
2007-05-26,340.11
2007-05-27,340.06
2007-05-27,340.0
2007-05-27,340.1
2007-05-27,340.11
2007-05-28,339.99
2007-05-28,340.09
2007-05-28,340.07
2007-05-28,340.04
2007-05-29,340.14
2007-05-29,340.03
2007-05-29,340.1
2007-05-29,340.18
2007-05-30,340.06
2007-05-30,340.18
2007-05-30,340.17
2007-05-30,340.12
2007-05-31,340.04
2007-05-31,340.03
2007-05-31,340.12
2007-05-31,339.98
2007-06-01,340.03
2007-06-01,339.93
2007-06-01,339.99
2007-06-01,340.0
2007-06-02,340.03
2007-06-02,340.01
2007-06-02,340.06
2007-06-02,339.95
2007-06-03,340.0
2007-06-03,340.09
2007-06-03,340.06
2007-06-03,340.11
2007-06-04,340.06
2007-06-04,340.1
2007-06-04,340.0
2007-06-04,340.09
2007-06-05,339.92
2007-06-05,340.0
2007-06-05,340.06
2007-06-05,340.01
2007-06-06,339.95
2007-06-06,339.98
2007-06-06,339.97
2007-06-06,339.88
2007-06-07,339.9
2007-06-07,340.03
2007-06-07,339.96
2007-06-07,339.95
2007-06-08,340.01
2007-06-08,339.92
2007-06-08,339.98
2007-06-08,339.98
2007-06-09,340.01
2007-06-09,340.01
2007-06-09,339.99
2007-06-09,339.94
2007-06-10,339.96
2007-06-10,340.01
2007-06-10,339.99
2007-06-10,339.91
2007-06-11,340.05
2007-06-11,339.96
2007-06-11,339.95
2007-06-11,339.89
2007-06-12,340.0
2007-06-12,340.08
2007-06-12,340.15
2007-06-12,340.11
2007-06-13,340.15
2007-06-13,340.0
2007-06-13,340.1
2007-06-13,340.11
2007-06-14,339.98
2007-06-15,339.96
2007-06-15,339.9
2007-06-15,339.94
2007-06-15,340.0
2007-06-16,339.95
2007-06-16,340.06
2007-06-16,340.07
2007-06-16,339.99
2007-06-17,339.99
2007-06-17,339.94
2007-06-17,339.96
2007-06-17,339.86
2007-06-18,340.01
2007-06-18,339.94
2007-06-18,339.85
2007-06-18,339.92
2007-06-19,340.07
2007-06-19,340.1
2007-06-19,340.05
2007-06-19,339.97
2007-06-20,340.09
2007-06-20,340.04
2007-06-20,340.15
2007-06-20,340.17
2007-06-21,339.93
2007-06-21,340.01
2007-06-21,340.07
2007-06-21,340.07
2007-06-22,339.9
2007-06-22,339.83
2007-06-22,339.97
2007-06-22,339.93
2007-06-23,339.9
2007-06-23,339.82
2007-06-23,339.84
2007-06-23,339.88
2007-06-24,339.8
2007-06-24,339.87
2007-06-24,339.85
2007-06-24,339.9
2007-06-25,339.91
2007-06-25,339.96
2007-06-25,339.83
2007-06-25,339.91
2007-06-26,340.01
2007-06-26,340.03
2007-06-26,339.98
2007-06-26,339.92
2007-06-27,339.93
2007-06-27,340.03
2007-06-27,340.0
2007-06-27,339.98
2007-06-28,339.94
2007-06-28,339.99
2007-06-28,339.97
2007-06-28,339.89
2007-06-29,339.86
2007-06-29,339.95
2007-06-29,339.92
2007-06-29,339.99
2007-06-30,339.91
2007-06-30,339.86
2007-06-30,339.97
2007-06-30,339.94
2007-07-01,339.93
2007-07-01,339.84
2007-07-01,339.91
2007-07-01,339.89
2007-07-02,339.92
2007-07-02,339.95
2007-07-02,339.92
2007-07-02,339.87
2007-07-03,339.96
2007-07-03,339.9
2007-07-03,339.83
2007-07-03,339.9
2007-07-04,339.87
2007-07-04,339.76
2007-07-04,339.83
2007-07-04,339.82
2007-07-05,339.82
2007-07-05,339.84
2007-07-05,339.86
2007-07-05,339.77
2007-07-06,339.89
2007-07-06,339.85
2007-07-06,339.9
2007-07-06,339.79
2007-07-07,339.85
2007-07-08,339.86
2007-07-08,339.78
2007-07-08,339.84
2007-07-08,339.82
2007-07-09,339.9
2007-07-09,339.78
2007-07-09,339.84
2007-07-09,339.86
2007-07-10,339.81
2007-07-10,339.84
2007-07-10,339.86
2007-07-10,339.93
2007-07-11,339.91
2007-07-11,339.96
2007-07-11,339.85
2007-07-11,339.93
2007-07-12,339.98
2007-07-12,339.92
2007-07-12,339.95
2007-07-12,339.87
2007-07-13,339.97
2007-07-13,339.91
2007-07-13,339.85
2007-07-13,339.92
2007-07-14,339.95
2007-07-14,339.91
2007-07-14,339.88
2007-07-14,339.82
2007-07-15,339.86
2007-07-15,339.75
2007-07-15,339.89
2007-07-15,339.83
2007-07-16,339.76
2007-07-16,339.79
2007-07-16,339.83
2007-07-16,339.7
2007-07-17,339.67
2007-07-17,339.73
2007-07-17,339.77
2007-07-17,339.75
2007-07-18,339.69
2007-07-18,339.79
2007-07-18,339.75
2007-07-18,339.78
2007-07-19,339.76
2007-07-19,339.75
2007-07-19,339.72
2007-07-19,339.68
2007-07-20,339.82
2007-07-20,339.7
2007-07-20,339.75
2007-07-20,339.78
2007-07-21,339.91
2007-07-21,339.79
2007-07-21,339.84
2007-07-21,339.87
2007-07-22,339.95
2007-07-22,339.8
2007-07-22,339.91
2007-07-22,339.88
2007-07-24,339.74
2007-07-25,339.77
2007-07-25,339.7
2007-07-25,339.77
2007-07-25,339.82
2007-07-26,339.81
2007-07-26,339.87
2007-07-26,339.75
2007-07-26,339.84
2007-07-27,339.79
2007-07-27,339.89
2007-07-27,339.87
2007-07-27,339.85
2007-07-28,339.88
2007-07-28,339.73
2007-07-28,339.82
2007-07-28,339.85
2007-07-29,339.75
2007-07-29,339.75
2007-07-29,339.67
2007-07-29,339.8
2007-07-30,339.75
2007-07-30,339.7
2007-07-30,339.72
2007-07-30,339.64
2007-07-31,339.78
2007-07-31,339.74
2007-07-31,339.81
2007-07-31,339.69
2007-08-01,339.84
2007-08-01,339.72
2007-08-01,339.81
2007-08-01,339.78
2007-08-02,339.88
2007-08-02,339.78
2007-08-02,339.84
2007-08-02,339.83
2007-08-03,339.84
2007-08-03,339.88
2007-08-03,339.83
2007-08-03,339.76
2007-08-04,339.76
2007-08-04,339.83
2007-08-04,339.83
2007-08-04,339.87
2007-08-05,339.85
2007-08-05,339.79
2007-08-05,339.84
2007-08-05,339.88
2007-08-06,339.87
2007-08-06,339.84
2007-08-06,339.9
2007-08-06,339.77
2007-08-07,339.88
2007-08-07,339.84
2007-08-07,339.76
2007-08-07,339.85
2007-08-08,339.81
2007-08-08,339.83
2007-08-08,339.79
2007-08-08,339.74
2007-08-09,339.82
2007-08-09,339.81
2007-08-09,339.86
2007-08-09,339.76
2007-08-10,339.74
2007-08-10,339.87
2007-08-10,339.83
2007-08-10,339.84
2007-08-11,339.83
2007-08-11,339.76
2007-08-11,339.85
2007-08-11,339.81
2007-08-12,339.86
2007-08-12,339.89
2007-08-12,339.79
2007-08-12,339.85
2007-08-13,339.88
2007-08-13,339.78
2007-08-13,339.91
2007-08-13,339.85
2007-08-14,339.69
2007-08-14,339.78
2007-08-14,339.78
2007-08-14,339.84
2007-08-15,339.65
2007-08-15,339.72
2007-08-15,339.76
2007-08-15,339.73
2007-08-16,339.74
2007-08-16,339.65
2007-08-16,339.76
2007-08-16,339.71
2007-08-17,339.64
2007-08-17,339.7
2007-08-17,339.7
2007-08-17,339.73
2007-08-18,339.71
2007-08-18,339.75
2007-08-18,339.73
2007-08-18,339.62
2007-08-19,339.81
2007-08-19,339.72
2007-08-19,339.85
2007-08-19,339.79
2007-08-20,339.92
2007-08-20,339.8
2007-08-20,339.88
2007-08-20,339.85
2007-08-21,339.88
2007-08-21,339.81
2007-08-21,339.7
2007-08-21,339.84
2007-08-22,339.72
2007-08-22,339.63
2007-08-22,339.77
2007-08-22,339.72
2007-08-23,339.59
2007-08-23,339.69
2007-08-23,339.66
2007-08-23,339.67
2007-08-24,339.79
2007-08-24,339.69
2007-08-24,339.69
2007-08-24,339.63
2007-08-25,339.79
2007-08-25,339.73
2007-08-25,339.82
2007-08-25,339.85
2007-08-26,339.8
2007-08-26,339.89
2007-08-26,339.86
2007-08-26,339.71
2007-08-27,339.79
2007-08-27,339.72
2007-08-27,339.82
2007-08-27,339.84
2007-08-28,339.85
2007-08-28,339.82
2007-08-28,339.72
2007-08-28,339.79
2007-09-11,339.95
2007-09-12,339.94
2007-09-12,339.83
2007-09-12,339.89
2007-09-12,339.95
2007-09-13,339.8
2007-09-13,339.9
2007-09-13,339.86
2007-09-13,339.92
2007-09-14,339.91
2007-09-14,339.9
2007-09-14,339.86
2007-09-14,339.82
2007-09-15,339.82
2007-09-15,339.88
2007-09-15,339.91
2007-09-15,339.92
2007-09-16,339.8
2007-09-16,339.86
2007-09-16,339.92
2007-09-16,339.9
2007-09-17,339.83
2007-09-17,339.88
2007-09-17,339.77
2007-09-17,339.84
2007-09-18,339.8
2007-09-18,339.86
2007-09-18,339.92
2007-09-18,339.85
2007-09-19,339.83
2007-09-19,339.73
2007-09-19,339.85
2007-09-19,339.89
2007-09-20,339.77
2007-09-20,339.77
2007-09-20,339.82
2007-09-20,339.69
2007-09-21,339.78
2007-09-21,339.71
2007-09-21,339.76
2007-09-21,339.83
2007-09-22,339.88
2007-09-22,339.78
2007-09-22,339.88
2007-09-22,339.84
2007-09-23,339.89
2007-09-23,339.96
2007-09-23,339.91
2007-09-23,339.83
2007-09-24,340.0
2007-09-24,339.87
2007-09-24,339.94
2007-09-24,339.94
2007-09-25,339.9
2007-09-25,340.02
2007-09-25,340.0
2007-09-25,339.98
2007-09-26,340.0
2007-09-26,339.98
2007-09-26,339.96
2007-09-26,339.89
2007-09-27,339.91
2007-09-27,339.98
2007-09-27,339.81
2007-09-27,339.91
2007-09-28,339.81
2007-09-28,339.86
2007-09-28,339.82
2007-09-28,339.71
2007-09-29,339.87
2007-09-29,339.76
2007-09-29,339.84
2007-09-29,339.91
2007-09-30,339.89
2007-09-30,340.03
2007-09-30,339.98
2007-09-30,340.02
2007-10-01,339.93
2007-10-01,340.06
2007-10-01,340.0
2007-10-01,340.01
2007-10-02,340.06
2007-10-02,339.98
2007-10-02,339.99
2007-10-02,339.92
2007-10-03,339.82
2007-10-03,339.97
2007-10-03,339.9
2007-10-03,339.91
2007-10-04,339.85
2007-10-04,339.77
2007-10-04,339.78
2007-10-04,339.7
2007-10-05,339.74
2007-10-05,339.8
2007-10-05,339.79
2007-10-05,339.9
2007-10-06,339.98
2007-10-06,339.89
2007-10-06,340.01
2007-10-06,340.03
2007-10-07,340.07
2007-10-07,339.92
2007-10-07,340.03
2007-10-07,340.0
2007-10-08,339.92
2007-10-08,339.96
2007-10-08,339.81
2007-10-08,339.9
2007-10-09,339.89
2007-10-09,339.95
2007-10-09,339.98
2007-10-09,339.93
2007-10-10,339.96
2007-10-10,339.99
2007-10-10,339.89
2007-10-10,340.03
2007-10-11,339.89
2007-10-11,339.89
2007-10-11,339.79
2007-10-11,339.95
2007-10-12,339.89
2007-10-12,339.77
2007-10-12,339.82
2007-10-12,339.86
2007-10-13,339.92
2007-10-13,339.78
2007-10-13,339.86
2007-10-13,339.9
2007-10-14,339.93
2007-10-14,339.93
2007-10-14,339.98
2007-10-14,339.9
2007-10-15,339.96
2007-10-15,339.91
2007-10-15,339.84
2007-10-15,339.93
2007-10-16,339.97
2007-10-16,339.87
2007-10-16,339.87
2007-10-16,339.81
2007-10-17,340.02
2007-10-17,339.96
2007-10-17,339.92
2007-10-17,339.98
2007-10-18,339.95
2007-10-18,340.09
2007-10-18,340.05
2007-10-18,340.02
2007-10-19,340.02
2007-10-19,339.92
2007-10-19,340.08
2007-10-19,340.02
2007-10-20,339.96
2007-10-20,339.94
2007-10-20,339.98
2007-10-20,339.86
2007-10-21,340.15
2007-10-21,340.15
2007-10-21,340.3
2007-10-21,339.94
2007-10-22,340.35
2007-10-22,340.33
2007-10-22,340.28
2007-10-22,340.41
2007-10-23,340.32
2007-10-23,340.25
2007-10-23,340.17
2007-10-23,340.25
2007-10-24,340.23
2007-10-24,340.08
2007-10-24,340.16
2007-10-24,340.17
2007-10-26,339.87
2007-10-26,339.94
2007-10-26,339.95
2007-10-26,340.06
2007-10-27,340.05
2007-10-27,340.23
2007-10-27,340.15
2007-10-27,340.15
2007-10-28,340.21
2007-10-28,340.12
2007-10-28,340.26
2007-10-28,340.2
2007-10-29,340.21
2007-10-29,340.05
2007-10-29,340.12
2007-10-29,340.12
2007-10-30,340.08
2007-10-30,340.03
2007-10-30,340.09
2007-10-30,340.14
2007-10-31,340.1
2007-10-31,340.14
2007-10-31,340.03
2007-10-31,340.1
2007-11-01,340.11
2007-11-01,340.04
2007-11-01,339.96
2007-11-01,340.04
2007-11-02,340.11
2007-11-02,339.97
2007-11-02,340.03
2007-11-02,340.02
2007-11-03,340.11
2007-11-03,340.04
2007-11-03,340.14
2007-11-03,340.1
2007-11-04,340.15
2007-11-04,340.1
2007-11-04,340.08
2007-11-04,340.04
2007-11-05,340.06
2007-11-05,340.12
2007-11-05,340.04
2007-11-05,340.02
2007-11-06,340.02
2007-11-06,339.96
2007-11-06,340.0
2007-11-06,340.08
2007-11-07,340.14
2007-11-07,340.09
2007-11-07,340.1
2007-11-07,340.05
2007-11-08,340.1
2007-11-08,340.05
2007-11-08,340.16
2007-11-08,340.1
2007-11-09,340.1
2007-11-09,340.05
2007-11-09,340.14
2007-11-09,340.11
2007-11-10,340.09
2007-11-10,340.13
2007-11-10,340.0
2007-11-10,340.07
2007-11-11,340.08
2007-11-11,340.04
2007-11-11,339.99
2007-11-11,340.04
2007-11-12,340.06
2007-11-12,340.25
2007-11-12,340.19
2007-11-12,340.18
2007-11-13,340.15
2007-11-13,340.26
2007-11-13,340.21
2007-11-13,340.21
2007-11-14,340.14
2007-11-14,340.2
2007-11-14,340.16
2007-11-14,340.11
2007-11-15,340.16
2007-11-15,340.13
2007-11-15,340.22
2007-11-15,340.09
2007-11-16,340.23
2007-11-16,340.18
2007-11-16,340.18
2007-11-16,340.14
2007-11-17,340.16
2007-11-17,340.2
2007-11-17,340.19
2007-11-17,340.25
2007-11-18,340.19
2007-11-18,340.23
2007-11-18,340.17
2007-11-18,340.14
2007-11-19,340.21
2007-11-19,340.27
2007-11-19,340.19
2007-11-19,340.15
2007-11-20,340.11
2007-11-20,340.17
2007-11-20,340.22
2007-11-20,340.15
2007-11-21,340.17
2007-11-21,340.22
2007-11-21,340.27
2007-11-21,340.22
2007-11-22,340.23
2007-11-22,340.28
2007-11-22,340.24
2007-11-22,340.18
2007-11-23,340.24
2007-11-23,340.12
2007-11-23,340.1
2007-11-23,340.19
2007-11-24,340.32
2007-11-24,340.18
2007-11-24,340.23
2007-11-24,340.23
2007-11-25,340.3
2007-11-25,340.39
2007-11-25,340.24
2007-11-25,340.32
2007-11-26,340.45
2007-11-26,340.41
2007-11-26,340.34
2007-11-26,340.4
2007-11-27,340.28
2007-11-27,340.35
2007-11-27,340.39
2007-11-27,340.43
2007-11-28,340.51
2007-11-28,340.43
2007-11-28,340.37
2007-11-28,340.45
2007-11-29,340.35
2007-11-29,340.25
2007-11-29,340.45
2007-11-29,340.35
2007-11-30,339.75
2007-11-30,340.27
2007-11-30,340.0
2007-11-30,340.0
2007-12-01,340.22
2007-12-01,340.22
2007-12-01,340.5
2007-12-01,339.82
2007-12-02,340.67
2007-12-02,340.79
2007-12-02,340.67
2007-12-02,340.5
2007-12-03,340.79
2007-12-03,340.75
2007-12-03,340.72
2007-12-03,340.68
2007-12-04,340.49
2007-12-04,340.49
2007-12-04,340.32
2007-12-04,340.68
2007-12-05,340.18
2007-12-05,340.22
2007-12-05,340.33
2007-12-05,340.25
2007-12-06,340.32
2007-12-06,340.24
2007-12-06,340.26
2007-12-06,340.19
2007-12-07,340.3
2007-12-07,340.24
2007-12-07,340.2
2007-12-07,340.25
2007-12-08,340.27
2007-12-08,340.24
2007-12-08,340.32
2007-12-08,340.27
2007-12-09,340.41
2007-12-09,340.35
2007-12-09,340.33
2007-12-09,340.28
2007-12-10,340.34
2007-12-10,340.21
2007-12-10,340.27
2007-12-10,340.18
2007-12-11,340.28
2007-12-11,340.45
2007-12-11,340.69
2007-12-11,340.47
2007-12-12,340.62
2007-12-12,340.68
2007-12-12,340.77
2007-12-12,340.7
2007-12-13,340.48
2007-12-13,340.57
2007-12-13,340.53
2007-12-13,340.65
2007-12-14,340.56
2007-12-14,340.63
2007-12-14,340.73
2007-12-14,340.62
2007-12-15,340.6
2007-12-15,340.64
2007-12-15,340.66
2007-12-15,340.74
2007-12-16,340.42
2007-12-16,340.49
2007-12-16,340.48
2007-12-16,340.61
2007-12-17,340.61
2007-12-17,340.5
2007-12-17,340.45
2007-12-17,340.53
2007-12-18,340.59
2007-12-18,340.65
2007-12-18,340.58
2007-12-18,340.55
2007-12-19,340.64
2007-12-19,340.59
2007-12-19,340.64
2007-12-19,340.7
2007-12-20,340.66
2007-12-20,340.57
2007-12-20,340.57
2007-12-20,340.42
2007-12-21,340.72
2007-12-21,340.53
2007-12-21,340.39
2007-12-21,340.55
2007-12-22,340.8
2007-12-22,340.72
2007-12-22,340.87
2007-12-22,340.81
2007-12-23,340.67
2007-12-23,340.74
2007-12-23,340.7
2007-12-23,340.82
2007-12-24,340.57
2007-12-24,340.56
2007-12-24,340.73
2007-12-24,340.48
2007-12-25,340.51
2007-12-25,340.75
2007-12-25,340.67
2007-12-25,340.67
2007-12-26,340.67
2007-12-26,340.48
2007-12-26,340.47
2007-12-26,340.39
2007-12-27,340.6
2007-12-27,340.7
2007-12-27,340.45
2007-12-27,340.59
2007-12-28,340.6
2007-12-28,340.66
2007-12-28,340.66
2007-12-28,340.72
2007-12-29,340.74
2007-12-29,340.66
2007-12-29,340.66
2007-12-29,340.61
2007-12-30,340.66
2007-12-30,340.62
2007-12-30,340.76
2007-12-30,340.66
2007-12-31,340.87
2007-12-31,340.71
2007-12-31,340.72
2007-12-31,340.65
2008-01-01,340.73
2008-01-01,340.79
2008-01-01,340.79
2008-01-01,340.88
2008-01-02,340.71
2008-01-02,340.79
2008-01-02,340.72
2008-01-02,340.65
2008-01-03,340.67
2008-01-03,340.74
2008-01-03,340.63
2008-01-03,340.68
2008-01-04,340.54
2008-01-04,340.67
2008-01-04,340.75
2008-01-04,340.67
2008-01-05,340.53
2008-01-05,340.54
2008-01-05,340.6
2008-01-05,340.49
2008-01-06,340.55
2008-01-06,340.63
2008-01-06,340.57
2008-01-06,340.39
2008-01-07,340.38
2008-01-07,340.83
2008-01-07,340.6
2008-01-07,340.61
2008-01-08,340.85
2008-01-08,340.91
2008-01-08,340.81
2008-01-08,340.86
2008-01-09,340.84
2008-01-09,340.82
2008-01-09,340.89
2008-01-09,340.82
2008-01-10,340.92
2008-01-10,340.84
2008-01-10,340.78
2008-01-10,340.84
2008-01-11,340.81
2008-01-11,340.77
2008-01-11,340.86
2008-01-11,340.75
2008-01-12,340.8
2008-01-12,340.85
2008-01-12,340.85
2008-01-12,340.92
2008-01-13,340.88
2008-01-13,340.99
2008-01-13,340.86
2008-01-13,340.91
2008-01-14,341.0
2008-01-14,341.09
2008-01-14,340.99
2008-01-14,340.96
2008-01-15,340.82
2008-01-15,340.71
2008-01-15,341.01
2008-01-15,340.82
2008-01-16,340.7
2008-01-16,340.83
2008-01-16,340.71
2008-01-16,340.65
2008-01-17,340.92
2008-01-17,340.78
2008-01-17,340.84
2008-01-17,340.84
2008-01-18,341.07
2008-01-18,340.92
2008-01-18,340.87
2008-01-18,340.93
2008-01-19,340.99
2008-01-19,340.99
2008-01-19,341.09
2008-01-19,340.9
2008-01-20,340.9
2008-01-20,340.77
2008-01-20,340.71
2008-01-20,340.78
2008-01-21,340.86
2008-01-21,340.86
2008-01-21,340.96
2008-01-21,340.78
2008-01-22,340.96
2008-01-22,341.03
2008-01-22,340.9
2008-01-22,340.97
2008-01-23,340.82
2008-01-23,340.96
2008-01-23,340.76
2008-01-23,340.81
2008-01-24,340.93
2008-01-24,340.85
2008-01-24,340.86
2008-01-24,340.81
2008-01-25,341.04
2008-01-25,340.9
2008-01-25,341.13
2008-01-25,341.03
2008-01-26,340.91
2008-01-26,341.05
2008-01-26,341.04
2008-01-26,341.18
2008-01-27,340.94
2008-01-27,340.87
2008-01-27,340.88
2008-01-27,340.79
2008-01-28,341.0
2008-01-28,340.9
2008-01-28,341.13
2008-01-28,341.01
2008-01-29,341.1
2008-01-29,341.15
2008-01-29,341.16
2008-01-29,341.21
2008-01-30,341.06
2008-01-30,341.09
2008-01-30,341.26
2008-01-30,341.12
2008-01-31,341.33
2008-01-31,341.23
2008-01-31,341.28
2008-01-31,341.2
2008-02-01,341.04
2008-02-01,341.1
2008-02-01,341.08
2008-02-01,341.2
2008-02-02,341.08
2008-02-02,341.07
2008-02-02,341.12
2008-02-02,341.02
2008-02-03,340.88
2008-02-03,340.87
2008-02-03,340.8
2008-02-03,341.06
2008-02-04,340.83
2008-02-04,340.91
2008-02-04,341.17
2008-02-04,340.92
2008-02-05,341.28
2008-02-05,341.15
2008-02-05,341.28
2008-02-05,341.38
2008-02-06,341.21
2008-02-06,341.35
2008-02-06,341.22
2008-02-06,341.29
2008-02-07,341.24
2008-02-07,341.23
2008-02-07,341.16
2008-02-07,341.33
2008-02-08,341.22
2008-02-08,341.18
2008-02-08,341.13
2008-02-08,341.17
2008-02-09,341.14
2008-02-09,341.21
2008-02-09,341.27
2008-02-09,341.18
2008-02-10,341.21
2008-02-10,341.14
2008-02-10,341.26
2008-02-10,341.21
2008-02-11,341.12
2008-02-11,341.19
2008-02-11,341.24
2008-02-11,341.16
2008-02-12,341.18
2008-02-12,341.18
2008-02-12,341.11
2008-02-12,341.26
2008-02-13,340.96
2008-02-13,340.96
2008-02-13,341.15
2008-02-13,340.87
2008-02-14,341.11
2008-02-14,340.95
2008-02-14,340.84
2008-02-14,340.95
2008-02-15,341.39
2008-02-15,341.09
2008-02-15,341.23
2008-02-15,341.22
2008-02-16,341.33
2008-02-16,341.43
2008-02-16,341.37
2008-02-16,341.39
2008-02-17,341.3
2008-02-17,341.25
2008-02-17,341.37
2008-02-17,341.31
2008-02-18,341.32
2008-02-18,341.26
2008-02-18,341.21
2008-02-18,341.28
2008-02-19,341.27
2008-02-19,341.4
2008-02-19,341.36
2008-02-19,341.35
2008-02-20,341.29
2008-02-20,341.16
2008-02-20,341.28
2008-02-20,341.38
2008-02-21,341.3
2008-02-21,341.34
2008-02-21,341.25
2008-02-21,341.37
2008-02-22,341.24
2008-02-22,341.35
2008-02-22,341.22
2008-02-22,341.17
2008-02-23,341.4
2008-02-23,341.48
2008-02-23,341.38
2008-02-23,341.32
2008-02-24,341.52
2008-02-24,341.48
2008-02-24,341.38
2008-02-24,341.48
2008-02-25,341.51
2008-02-25,341.5
2008-02-25,341.56
2008-02-25,341.45
2008-02-26,341.52
2008-02-26,341.47
2008-02-26,341.54
2008-02-26,341.59
2008-02-27,341.52
2008-02-27,341.4
2008-02-27,341.4
2008-02-27,341.28
2008-02-28,341.24
2008-02-28,341.35
2008-02-28,341.26
2008-02-28,341.19
2008-02-29,341.4
2008-02-29,341.4
2008-02-29,341.52
2008-02-29,341.31
2008-03-01,341.45
2008-03-01,341.53
2008-03-01,341.33
2008-03-01,341.45
2008-03-02,341.39
2008-03-02,341.41
2008-03-02,341.31
2008-03-02,341.58
2008-03-03,341.54
2008-03-03,341.62
2008-03-03,341.7
2008-03-03,341.67
2008-03-04,341.31
2008-03-04,341.42
2008-03-04,341.56
2008-03-04,341.42
2008-03-05,341.4
2008-03-05,341.4
2008-03-05,341.57
2008-03-05,341.32
2008-03-06,341.54
2008-03-06,341.63
2008-03-06,341.69
2008-03-06,341.66
2008-03-07,341.57
2008-03-07,341.73
2008-03-07,341.65
2008-03-07,341.67
2008-03-08,341.62
2008-03-08,341.46
2008-03-08,341.46
2008-03-08,341.36
2008-03-09,341.56
2008-03-09,341.55
2008-03-09,341.68
2008-03-09,341.42
2008-03-10,341.7
2008-03-10,341.65
2008-03-10,341.76
2008-03-10,341.73
2008-03-11,341.69
2008-03-11,341.56
2008-03-11,341.74
2008-03-11,341.69
2008-03-12,341.53
2008-03-12,341.62
2008-03-12,341.43
2008-03-12,341.54
2008-03-13,341.53
2008-03-13,341.5
2008-03-13,341.54
2008-03-13,341.46
2008-03-14,341.43
2008-03-14,341.5
2008-03-14,341.57
2008-03-14,341.53
2008-03-15,341.39
2008-03-15,341.5
2008-03-15,341.39
2008-03-15,341.26
2008-03-16,341.36
2008-03-16,341.25
2008-03-16,341.56
2008-03-16,341.37
2008-03-17,341.67
2008-03-25,341.77
2008-03-26,341.73
2008-03-26,341.83
2008-03-26,341.86
2008-03-26,341.78
2008-03-27,341.78
2008-03-27,341.62
2008-03-27,341.73
2008-03-27,341.72
2008-03-28,341.67
2008-03-28,341.56
2008-03-28,341.63
2008-03-28,341.64
2008-03-29,341.67
2008-03-29,341.72
2008-03-29,341.73
2008-03-29,341.61
2008-03-30,341.88
2008-03-30,341.66
2008-03-30,341.78
2008-03-30,341.77
2008-03-31,341.9
2008-03-31,341.81
2008-03-31,341.87
2008-03-31,341.93
2008-04-01,341.79
2008-04-01,341.85
2008-04-01,341.88
2008-04-01,341.9
2008-04-02,341.92
2008-04-02,341.82
2008-04-02,341.87
2008-04-02,341.87
2008-04-03,342.0
2008-04-03,341.96
2008-04-03,341.87
2008-04-03,342.03
2008-04-04,341.82
2008-04-04,342.03
2008-04-04,341.98
2008-04-04,341.97
2008-04-05,341.74
2008-04-05,341.81
2008-04-05,341.79
2008-04-05,341.86
2008-04-06,341.94
2008-04-06,341.9
2008-04-06,341.87
2008-04-06,341.78
2008-04-07,341.94
2008-04-07,341.85
2008-04-07,341.89
2008-04-07,341.95
2008-04-08,341.82
2008-04-08,341.86
2008-04-08,341.92
2008-04-08,341.73
2008-04-09,341.86
2008-04-09,341.76
2008-04-09,341.95
2008-04-09,341.83
2008-04-10,341.98
2008-04-10,341.91
2008-04-10,342.08
2008-04-10,341.99
2008-04-11,342.17
2008-04-11,342.14
2008-04-11,342.05
2008-04-11,342.11
2008-04-12,342.16
2008-04-12,342.13
2008-04-12,342.07
2008-04-12,342.2
2008-04-13,342.06
2008-04-13,341.97
2008-04-13,342.07
2008-04-13,342.1
2008-04-14,341.97
2008-04-14,342.03
2008-04-14,341.99
2008-04-14,341.92
2008-04-15,341.99
2008-04-15,341.97
2008-04-15,341.88
2008-04-15,341.94
2008-04-16,341.99
2008-04-16,342.09
2008-04-16,341.99
2008-04-16,341.93
2008-04-17,342.12
2008-04-17,342.06
2008-04-17,342.19
2008-04-17,342.16
2008-04-18,341.92
2008-04-18,342.15
2008-04-18,342.04
2008-04-18,342.03
2008-04-19,341.94
2008-04-19,341.88
2008-04-19,342.02
2008-04-19,341.93
2008-04-20,341.98
2008-04-20,342.13
2008-04-20,342.1
2008-04-20,342.06
2008-04-21,342.16
2008-04-24,342.22
2008-04-25,342.3
2008-04-25,342.17
2008-04-25,342.25
2008-04-25,342.24
2008-04-26,342.14
2008-04-26,342.22
2008-04-26,342.2
2008-04-26,342.24
2008-04-27,342.26
2008-05-01,342.18
2008-05-01,342.16
2008-05-01,342.23
2008-05-01,342.1
2008-05-02,342.25
2008-05-02,342.25
2008-05-02,342.19
2008-05-02,342.32
2008-05-03,342.22
2008-05-03,342.13
2008-05-03,342.28
2008-05-03,342.22
2008-05-04,342.1
2008-05-04,342.18
2008-05-04,342.14
2008-05-04,342.14
2008-05-05,342.2
2008-05-05,342.14
2008-05-05,342.23
2008-05-05,342.21
2008-05-06,342.38
2008-05-06,342.2
2008-05-06,342.32
2008-05-06,342.3
2008-05-07,342.36
2008-05-07,342.34
2008-05-07,342.42
2008-05-07,342.29
2008-05-08,342.34
2008-05-08,342.34
2008-05-08,342.25
2008-05-08,342.3
2008-05-09,342.38
2008-05-09,342.25
2008-05-09,342.35
2008-05-09,342.32
2008-05-10,342.43
2008-05-10,342.42
2008-05-10,342.35
2008-05-10,342.38
2008-05-11,342.37
2008-05-11,342.32
2008-05-11,342.37
2008-05-11,342.42
2008-05-12,342.36
2008-05-12,342.24
2008-05-12,342.33
2008-05-12,342.33
2008-05-13,342.35
2008-05-13,342.27
2008-05-13,342.5
2008-05-13,342.37
2008-05-14,342.51
2008-05-14,342.48
2008-05-14,342.4
2008-05-14,342.49
2008-05-15,342.42
2008-05-15,342.4
2008-05-15,342.35
2008-05-15,342.49
2008-05-16,342.56
2008-05-16,342.61
2008-05-16,342.54
2008-05-16,342.47
2008-05-17,342.59
2008-05-17,342.57
2008-05-17,342.63
2008-05-17,342.49
2008-05-18,342.4
2008-05-18,342.49
2008-05-18,342.51
2008-05-18,342.55
2008-05-19,342.45
2008-05-19,342.39
2008-05-19,342.48
2008-05-19,342.44
2008-05-20,342.36
2008-05-20,342.51
2008-05-20,342.49
2008-05-20,342.44
2008-05-21,342.36
2008-05-21,342.24
2008-05-21,342.12
2008-05-21,342.24
2008-05-22,342.16
2008-05-22,342.04
2008-05-22,341.97
2008-05-22,342.0
2008-05-23,342.23
2008-05-23,342.45
2008-05-23,342.09
2008-05-23,342.21
2008-05-24,342.58
2008-05-24,342.43
2008-05-24,342.64
2008-05-24,342.57
2008-05-25,342.6
2008-05-25,342.63
2008-05-25,342.6
2008-05-25,342.54
2008-05-26,342.72
2008-05-26,342.68
2008-05-26,342.7
2008-05-26,342.58
2008-05-27,342.69
2008-05-27,342.68
2008-05-27,342.73
2008-05-27,342.63
2008-05-28,342.77
2008-05-28,342.72
2008-05-28,342.67
2008-05-28,342.75
2008-05-29,342.74
2008-05-29,342.76
2008-05-29,342.7
2008-05-29,342.78
2008-05-30,342.68
2008-05-30,342.73
2008-05-30,342.78
2008-05-30,342.75
2008-05-31,342.75
2008-05-31,342.79
2008-05-31,342.7
2008-05-31,342.81
2008-06-01,342.78
2008-06-01,342.73
2008-06-01,342.74
2008-06-01,342.66
2008-06-02,342.69
2008-06-02,342.71
2008-06-02,342.76
2008-06-02,342.64
2008-06-03,342.62
2008-06-03,342.5
2008-06-03,342.64
2008-06-03,342.68
2008-06-04,342.51
2008-06-04,342.55
2008-06-04,342.49
2008-06-04,342.43
2008-06-05,342.63
2008-06-05,342.51
2008-06-05,342.61
2008-06-05,342.7
2008-06-06,342.67
2008-06-06,342.63
2008-06-06,342.69
2008-06-06,342.58
2008-06-07,342.58
2008-06-07,342.65
2008-06-07,342.69
2008-06-07,342.62
2008-06-08,342.75
2008-06-08,342.65
2008-06-08,342.72
2008-06-08,342.78
2008-06-09,342.71
2008-06-09,342.81
2008-06-09,342.75
2008-06-09,342.78
2008-06-10,342.78
2008-06-10,342.73
2008-06-10,342.7
2008-06-10,342.76
2008-06-11,342.73
2008-06-11,342.77
2008-06-11,342.83
2008-06-11,342.79
2008-06-12,342.83
2008-06-12,342.91
2008-06-12,342.77
2008-06-12,342.84
2008-06-13,342.93
2008-06-13,342.87
2008-06-13,342.95
2008-06-13,342.98
2008-06-14,342.9
2008-06-14,342.98
2008-06-14,342.94
2008-06-14,342.99
2008-06-15,342.85
2008-06-15,342.93
2008-06-15,342.94
2008-06-15,342.89
2008-06-16,342.84
2008-06-16,342.91
2008-06-16,342.96
2008-06-16,342.9
2008-06-17,342.93
2008-06-17,342.98
2008-06-17,343.03
2008-06-17,343.01
2008-06-18,342.86
2008-06-18,343.0
2008-06-18,342.96
2008-06-18,342.97
2008-06-19,342.95
2008-06-19,342.85
2008-06-19,342.92
2008-06-19,342.91
2008-06-20,342.97
2008-06-20,342.87
2008-06-20,342.92
2008-06-20,342.96
2008-06-21,343.04
2008-06-21,342.99
2008-06-21,342.92
2008-06-21,343.01
2008-06-22,342.94
2008-06-22,343.01
2008-06-22,343.03
2008-06-22,343.08
2008-06-23,342.97
2008-06-23,342.95
2008-06-23,342.95
2008-06-23,342.91
2008-06-24,342.99
2008-06-24,342.95
2008-06-24,342.9
2008-06-24,342.98
2008-06-25,342.93
2008-06-25,342.99
2008-06-25,343.01
2008-06-25,343.03
2008-06-26,343.01
2008-06-26,342.98
2008-06-26,342.99
2008-06-26,342.9
2008-06-27,343.05
2008-06-27,342.92
2008-06-27,342.98
2008-06-27,342.99
2008-06-28,343.08
2008-06-28,343.1
2008-06-28,343.14
2008-06-28,343.01
2008-06-29,343.16
2008-06-29,343.16
2008-06-29,343.06
2008-06-29,343.11
2008-06-30,343.1
2008-06-30,343.02
2008-06-30,343.12
2008-06-30,343.15
2008-07-01,343.05
2008-07-01,343.09
2008-07-01,343.03
2008-07-01,342.95
2008-07-02,342.98
2008-07-02,342.99
2008-07-02,343.03
2008-07-02,342.92
2008-07-03,343.02
2008-07-03,342.99
2008-07-03,342.95
2008-07-03,343.04
2008-07-04,343.07
2008-07-04,343.05
2008-07-04,343.11
2008-07-04,342.99
2008-07-05,343.08
2008-07-05,343.07
2008-07-05,343.01
2008-07-05,343.11
2008-07-06,343.03
2008-07-06,343.01
2008-07-06,343.06
2008-07-06,342.92
2008-07-07,343.06
2008-07-07,343.05
2008-07-07,342.98
2008-07-07,343.01
2008-07-08,342.99
2008-07-08,343.04
2008-07-08,343.06
2008-07-08,343.09
2008-07-09,343.03
2008-07-09,343.11
2008-07-09,343.08
2008-07-09,343.14
2008-07-10,343.15
2008-07-10,343.14
2008-07-10,343.07
2008-07-10,343.26
2008-07-11,343.28
2008-07-11,343.28
2008-07-11,343.19
2008-07-11,343.36
2008-07-12,343.38
2008-07-12,343.32
2008-07-12,343.37
2008-07-12,343.43
2008-07-13,343.33
2008-07-13,343.4
2008-07-13,343.37
2008-07-13,343.24
2008-07-14,343.35
2008-07-14,343.32
2008-07-14,343.22
2008-07-14,343.3
2008-07-15,343.34
2008-07-15,343.34
2008-07-15,343.38
2008-07-15,343.3
2008-07-16,343.36
2008-07-16,343.31
2008-07-16,343.38
2008-07-16,343.41
2008-07-17,343.23
2008-07-17,343.32
2008-07-17,343.36
2008-07-17,343.32
2008-07-18,343.26
2008-07-18,343.16
2008-07-18,343.27
2008-07-18,343.22
2008-07-19,343.13
2008-07-19,343.2
2008-07-19,343.21
2008-07-19,343.24
2008-07-20,343.38
2008-07-20,343.33
2008-07-20,343.3
2008-07-20,343.22
2008-07-21,343.39
2008-07-21,343.28
2008-07-21,343.37
2008-07-21,343.35
2008-07-22,343.36
2008-07-22,343.28
2008-07-22,343.33
2008-07-22,343.39
2008-07-23,343.42
2008-07-23,343.32
2008-07-23,343.38
2008-07-23,343.41
2008-07-24,343.36
2008-07-24,343.39
2008-07-24,343.35
2008-07-24,343.3
2008-07-25,343.32
2008-07-25,343.39
2008-07-25,343.37
2008-07-25,343.43
2008-07-26,343.43
2008-07-26,343.45
2008-07-26,343.38
2008-07-26,343.48
2008-07-27,343.52
2008-07-27,343.49
2008-07-27,343.53
2008-07-27,343.43
2008-07-28,343.51
2008-07-28,343.47
2008-07-28,343.53
2008-07-28,343.56
2008-07-29,343.56
2008-07-29,343.52
2008-07-29,343.53
2008-07-29,343.46
2008-07-30,343.4
2008-07-30,343.52
2008-07-30,343.5
2008-07-30,343.47
2008-07-31,343.46
2008-07-31,343.44
2008-07-31,343.37
2008-07-31,343.48
2008-08-01,343.37
2008-08-01,343.46
2008-08-01,343.46
2008-08-01,343.42
2008-08-02,343.41
2008-08-02,343.43
2008-08-02,343.36
2008-08-02,343.47
2008-08-03,343.51
2008-08-03,343.47
2008-08-03,343.41
2008-08-03,343.56
2008-08-04,343.5
2008-08-04,343.61
2008-08-04,343.56
2008-08-04,343.55
2008-08-05,343.54
2008-08-05,343.64
2008-08-05,343.63
2008-08-05,343.6
2008-08-06,343.66
2008-08-06,343.62
2008-08-06,343.56
2008-08-06,343.65
2008-08-07,343.61
2008-08-07,343.59
2008-08-07,343.63
2008-08-07,343.5
2008-08-08,343.55
2008-08-08,343.62
2008-08-08,343.65
2008-08-08,343.6
2008-08-09,343.7
2008-08-09,343.67
2008-08-09,343.62
2008-08-09,343.65
2008-08-10,343.7
2008-08-10,343.72
2008-08-10,343.61
2008-08-10,343.68
2008-08-11,343.67
2008-08-11,343.63
2008-08-11,343.56
2008-08-11,343.64
2008-08-12,343.49
2008-08-12,343.58
2008-08-12,343.61
2008-08-12,343.59
2008-08-13,343.64
2008-08-13,343.58
2008-08-13,343.61
2008-08-13,343.55
2008-08-14,343.72
2008-08-14,343.67
2008-08-14,343.61
2008-08-14,343.7
2008-08-15,343.7
2008-08-15,343.71
2008-08-15,343.65
2008-08-15,343.74
2008-08-16,343.72
2008-08-16,343.73
2008-08-16,343.76
2008-08-16,343.65
2008-08-17,343.73
2008-08-17,343.65
2008-08-17,343.76
2008-08-17,343.77
2008-08-18,343.71
2008-08-18,343.76
2008-08-18,343.79
2008-08-18,343.8
2008-08-19,343.81
2008-08-19,343.77
2008-08-19,343.76
2008-08-19,343.7
2008-08-20,343.75
2008-08-20,343.63
2008-08-20,343.72
2008-08-20,343.71
2008-08-21,343.7
2008-08-21,343.66
2008-08-21,343.7
2008-08-21,343.74
2008-08-22,343.81
2008-08-22,343.75
2008-08-22,343.76
2008-08-22,343.71
2008-08-23,343.76
2008-08-23,343.87
2008-08-23,343.84
2008-08-23,343.82
2008-08-24,343.83
2008-08-24,343.88
2008-08-24,343.75
2008-08-24,343.8
2008-08-25,343.78
2008-08-25,343.81
2008-08-25,343.82
2008-08-25,343.72
2008-08-26,343.78
2008-08-26,343.81
2008-08-26,343.72
2008-08-26,343.84
2008-08-27,343.87
2008-08-27,343.79
2008-08-27,343.84
2008-08-27,343.88
2008-08-28,343.74
2008-08-28,343.82
2008-08-28,343.86
2008-08-28,343.84
2008-08-29,343.84
2008-08-29,343.87
2008-08-29,343.74
2008-08-29,343.81
2008-08-30,343.8
2008-08-30,343.74
2008-08-30,343.81
2008-08-30,343.85
2008-08-31,343.88
2008-08-31,343.82
2008-08-31,343.84
2008-08-31,343.78
2008-09-01,343.9
2008-09-01,343.84
2008-09-01,343.93
2008-09-01,343.99
2008-09-02,344.01
2008-09-02,343.99
2008-09-02,343.94
2008-09-02,344.05
2008-09-03,344.02
2008-09-03,343.95
2008-09-03,344.07
2008-09-03,344.05
2008-09-04,344.04
2008-09-04,343.91
2008-09-04,344.0
2008-09-04,344.02
2008-09-05,344.01
2008-09-05,343.92
2008-09-05,343.97
2008-09-05,343.97
2008-09-06,343.99
2008-09-06,343.93
2008-09-06,343.97
2008-09-06,344.01
2008-09-07,343.96
2008-09-07,343.96
2008-09-07,344.0
2008-09-07,343.9
2008-09-08,343.99
2008-09-08,344.01
2008-09-08,343.91
2008-09-08,343.97
2008-09-09,344.01
2008-09-09,344.06
2008-09-09,343.94
2008-09-09,343.98
2008-09-10,344.03
2008-09-10,344.01
2008-09-10,343.96
2008-09-10,344.07
2008-09-11,344.05
2008-09-11,344.12
2008-09-11,343.99
2008-09-11,344.05
2008-09-12,344.11
2008-09-12,344.16
2008-09-12,344.07
2008-09-12,344.16
2008-09-13,344.14
2008-09-13,344.16
2008-09-13,344.2
2008-09-13,344.1
2008-09-14,344.24
2008-09-14,344.14
2008-09-14,344.2
2008-09-14,344.23
2008-09-15,344.12
2008-09-15,344.2
2008-09-15,344.24
2008-09-15,344.2
2008-09-16,344.28
2008-09-16,344.2
2008-09-16,344.2
2008-09-16,344.17
2008-09-17,344.29
2008-09-17,344.26
2008-09-17,344.17
2008-09-17,344.24
2008-09-18,344.16
2008-09-18,344.28
2008-09-18,344.22
2008-09-18,344.24
2008-09-19,344.24
2008-09-19,344.16
2008-09-19,344.26
2008-09-19,344.22
2008-09-20,344.25
2008-09-20,344.2
2008-09-20,344.2
2008-09-20,344.14
2008-09-21,344.15
2008-09-21,344.21
2008-09-21,344.13
2008-09-21,344.18
2008-09-22,344.13
2008-09-22,344.19
2008-09-22,344.18
2008-09-22,344.23
2008-09-23,344.27
2008-09-23,344.3
2008-09-23,344.25
2008-09-23,344.2
2008-09-24,344.31
2008-09-24,344.27
2008-09-24,344.26
2008-09-24,344.19
2008-09-25,344.26
2008-09-25,344.23
2008-09-25,344.17
2008-09-25,344.25
2008-09-26,344.27
2008-09-26,344.25
2008-09-26,344.2
2008-09-26,344.31
2008-09-27,344.2
2008-09-27,344.28
2008-09-27,344.27
2008-09-27,344.32
2008-09-28,344.29
2008-09-28,344.22
2008-09-28,344.28
2008-09-28,344.32
2008-09-29,344.28
2008-09-29,344.33
2008-09-29,344.29
2008-09-29,344.21
2008-09-30,344.33
2008-09-30,344.4
2008-09-30,344.27
2008-09-30,344.33
2008-10-01,344.26
2008-10-01,344.38
2008-10-01,344.35
2008-10-01,344.34
2008-10-02,344.19
2008-10-02,344.28
2008-10-02,344.33
2008-10-02,344.28
2008-10-03,344.26
2008-10-03,344.22
2008-10-03,344.24
2008-10-03,344.17
2008-10-04,344.2
2008-10-04,344.27
2008-10-04,344.25
2008-10-04,344.24
2008-10-05,344.37
2008-10-05,344.29
2008-10-05,344.31
2008-10-05,344.22
2008-10-06,344.47
2008-10-06,344.32
2008-10-06,344.41
2008-10-06,344.4
2008-10-07,344.47
2008-10-07,344.54
2008-10-07,344.39
2008-10-07,344.49
2008-10-08,344.36
2008-10-08,344.28
2008-10-08,344.43
2008-10-08,344.37
2008-10-09,344.16
2008-10-09,344.25
2008-10-09,344.3
2008-10-09,344.24
2008-10-10,344.11
2008-10-10,344.24
2008-10-10,344.21
2008-10-10,344.18
2008-10-11,344.39
2008-10-11,344.28
2008-10-11,344.27
2008-10-11,344.14
2008-10-12,344.37
2008-10-12,344.64
2008-10-12,344.53
2008-10-12,344.51
2008-10-13,344.71
2008-10-13,344.68
2008-10-13,344.62
2008-10-13,344.76
2008-10-14,344.62
2008-10-14,344.62
2008-10-14,344.69
2008-10-14,344.52
2008-10-15,344.54
2008-10-15,344.61
2008-10-15,344.55
2008-10-15,344.48
2008-10-16,344.58
2008-10-16,344.57
2008-10-16,344.51
2008-10-16,344.63
2008-10-17,344.66
2008-10-17,344.61
2008-10-17,344.64
2008-10-17,344.53
2008-10-18,344.56
2008-10-18,344.62
2008-10-18,344.5
2008-10-18,344.58
2008-10-19,344.51
2008-10-19,344.55
2008-10-19,344.45
2008-10-19,344.53
2008-10-20,344.56
2008-10-20,344.54
2008-10-20,344.51
2008-10-20,344.6
2008-10-21,344.59
2008-10-21,344.51
2008-10-21,344.56
2008-10-21,344.54
2008-10-22,344.63
2008-10-22,344.54
2008-10-22,344.66
2008-10-22,344.61
2008-10-23,344.64
2008-10-23,344.59
2008-10-23,344.52
2008-10-23,344.58
2008-10-24,344.63
2008-10-24,344.57
2008-10-24,344.52
2008-10-24,344.58
2008-10-25,344.62
2008-10-25,344.61
2008-10-25,344.67
2008-10-25,344.56
2008-10-26,344.7
2008-10-26,344.64
2008-10-26,344.64
2008-10-26,344.6
2008-10-27,344.71
2008-10-27,344.77
2008-10-27,344.72
2008-10-27,344.65
2008-10-28,344.72
2008-10-28,344.64
2008-10-28,344.76
2008-10-28,344.7
2008-10-29,344.61
2008-10-29,344.69
2008-10-29,344.54
2008-10-29,344.6
2008-10-30,344.56
2008-10-30,344.65
2008-10-30,344.78
2008-10-30,344.65
2008-10-31,344.82
2008-10-31,344.86
2008-10-31,344.76
2008-10-31,344.8
2008-11-01,344.73
2008-11-01,344.81
2008-11-01,344.65
2008-11-01,344.73
2008-11-02,344.66
2008-11-02,344.62
2008-11-02,344.61
2008-11-02,344.56
2008-11-03,344.49
2008-11-03,344.54
2008-11-03,344.59
2008-11-03,344.54
2008-11-04,344.53
2008-11-04,344.59
2008-11-04,344.51
2008-11-04,344.48
2008-11-05,344.65
2008-11-05,344.77
2008-11-05,344.57
2008-11-05,344.66
2008-11-06,344.73
2008-11-06,344.78
2008-11-06,344.84
2008-11-06,344.78
2008-11-07,344.66
2008-11-07,344.74
2008-11-07,344.74
2008-11-07,344.83
2008-11-08,344.6
2008-11-08,344.43
2008-11-08,344.59
2008-11-08,344.7
2008-11-09,344.31
2008-11-09,344.34
2008-11-09,344.37
2008-11-09,344.54
2008-11-10,344.54
2008-11-10,344.65
2008-11-10,344.75
2008-11-10,344.63
2008-11-11,344.8
2008-11-11,344.74
2008-11-11,344.83
2008-11-11,344.89
2008-11-12,344.77
2008-11-12,344.81
2008-11-12,344.83
2008-11-12,344.89
2008-11-13,344.67
2008-11-13,344.72
2008-11-13,344.69
2008-11-13,344.81
2008-11-14,344.76
2008-11-14,344.88
2008-11-14,344.77
2008-11-14,344.68
2008-11-15,344.83
2008-11-15,344.87
2008-11-15,344.79
2008-11-15,344.92
2008-11-16,344.85
2008-11-16,344.87
2008-11-16,344.93
2008-11-16,344.83
2008-11-17,344.87
2008-11-17,344.92
2008-11-17,344.92
2008-11-17,344.98
2008-11-18,344.9
2008-11-18,344.9
2008-11-18,344.84
2008-11-18,344.97
2008-11-19,344.82
2008-11-19,344.77
2008-11-19,344.88
2008-11-19,344.83
2008-11-20,344.8
2008-11-20,344.75
2008-11-20,344.8
2008-11-20,344.87
2008-11-21,344.81
2008-11-21,344.77
2008-11-21,344.71
2008-11-21,344.77
2008-11-22,344.76
2008-11-22,344.81
2008-11-22,344.87
2008-11-22,344.81
2008-11-23,344.81
2008-11-23,344.84
2008-11-23,344.78
2008-11-23,344.9
2008-11-24,344.91
2008-11-24,344.86
2008-11-24,344.78
2008-11-24,344.79
2008-11-25,344.8
2008-11-25,344.89
2008-11-25,344.8
2008-11-25,344.66
2008-11-26,344.69
2008-11-26,344.61
2008-11-26,344.7
2008-11-26,344.77
2008-11-27,344.7
2008-11-27,344.82
2008-11-27,344.97
2008-11-27,344.81
2008-11-28,345.03
2008-11-28,344.97
2008-11-28,344.96
2008-11-28,344.92
2008-11-29,344.96
2008-11-29,344.97
2008-11-29,345.04
2008-11-29,344.93
2008-11-30,344.94
2008-11-30,345.0
2008-11-30,345.05
2008-11-30,344.99
2008-12-01,344.97
2008-12-01,344.98
2008-12-01,345.05
2008-12-01,344.93
2008-12-02,344.92
2008-12-02,344.87
2008-12-02,344.94
2008-12-02,344.99
2008-12-03,344.87
2008-12-03,345.0
2008-12-03,344.92
2008-12-03,344.92
2008-12-04,344.8
2008-12-04,344.82
2008-12-04,344.86
2008-12-04,344.95
2008-12-05,345.02
2008-12-05,344.92
2008-12-05,345.02
2008-12-05,345.11
2008-12-06,345.12
2008-12-06,345.06
2008-12-06,345.02
2008-12-06,345.06
2008-12-07,345.03
2008-12-07,344.87
2008-12-07,344.92
2008-12-07,344.91
2008-12-08,344.75
2008-12-08,344.89
2008-12-08,344.84
2008-12-08,344.82
2008-12-09,344.87
2008-12-09,345.05
2008-12-09,345.22
2008-12-09,345.05
2008-12-10,345.07
2008-12-10,345.18
2008-12-10,345.17
2008-12-10,345.24
2008-12-11,345.09
2008-12-11,344.99
2008-12-11,344.89
2008-12-11,344.99
2008-12-12,344.78
2008-12-12,344.9
2008-12-12,344.77
2008-12-12,344.69
2008-12-13,344.67
2008-12-13,344.6
2008-12-13,344.76
2008-12-13,344.71
2008-12-14,344.98
2008-12-14,344.88
2008-12-14,344.72
2008-12-14,344.9
2008-12-15,344.83
2008-12-15,344.8
2008-12-15,344.88
2008-12-15,344.96
2008-12-16,344.96
2008-12-16,344.87
2008-12-16,344.92
2008-12-16,344.95
2008-12-17,344.74
2008-12-17,344.78
2008-12-17,344.63
2008-12-17,344.92
2008-12-18,344.81
2008-12-18,345.18
2008-12-18,345.15
2008-12-18,345.31
2008-12-19,345.29
2008-12-19,345.27
2008-12-19,345.21
2008-12-19,345.33
2008-12-20,345.29
2008-12-20,345.18
2008-12-20,345.22
2008-12-20,345.22
2008-12-21,345.13
2008-12-21,344.97
2008-12-21,345.21
2008-12-21,345.13
2008-12-22,344.88
2008-12-22,344.9
2008-12-22,344.99
2008-12-22,344.81
2008-12-23,344.87
2008-12-23,345.1
2008-12-23,344.95
2008-12-23,344.95
2008-12-24,345.0
2008-12-24,345.1
2008-12-24,345.06
2008-12-24,345.11
2008-12-25,344.83
2008-12-25,344.93
2008-12-25,345.03
2008-12-25,344.91
2008-12-26,345.13
2008-12-26,345.14
2008-12-26,345.0
2008-12-26,345.32
2008-12-27,345.41
2008-12-27,345.45
2008-12-27,345.31
2008-12-27,345.39
2008-12-28,345.45
2008-12-28,345.39
2008-12-28,345.38
2008-12-28,345.29
2008-12-29,345.26
2008-12-29,345.3
2008-12-29,345.15
2008-12-29,345.25
2008-12-30,345.16
2008-12-30,345.17
2008-12-30,345.11
2008-12-30,345.22
2008-12-31,345.14
2008-12-31,345.15
2008-12-31,345.07
2008-12-31,345.2
2009-01-01,345.15
2009-01-01,345.1
2009-01-01,345.02
2009-01-01,345.09
2009-01-02,345.06
2009-01-02,344.97
2009-01-02,344.97
2009-01-02,344.89
2009-01-03,344.9
2009-01-03,344.95
2009-01-03,345.01
2009-01-03,344.96
2009-01-04,345.24
2009-01-04,344.98
2009-01-04,345.07
2009-01-04,345.09
2009-01-05,345.21
2009-01-05,345.3
2009-01-05,345.22
2009-01-05,345.15
2009-01-06,345.31
2009-01-06,345.15
2009-01-06,345.24
2009-01-06,345.24
2009-01-07,345.35
2009-01-07,345.29
2009-01-07,345.21
2009-01-07,345.28
2009-01-08,345.14
2009-01-08,345.06
2009-01-08,345.22
2009-01-08,345.14
2009-01-09,345.23
2009-01-09,345.23
2009-01-09,345.07
2009-01-09,345.45
2009-01-10,345.45
2009-01-10,345.58
2009-01-10,345.52
2009-01-10,345.5
2009-01-11,345.3
2009-01-11,345.51
2009-01-11,345.42
2009-01-11,345.41
2009-01-12,345.25
2009-01-12,345.39
2009-01-12,345.33
2009-01-12,345.32
2009-01-13,345.3
2009-01-13,345.3
2009-01-13,345.22
2009-01-13,345.37
2009-01-14,345.22
2009-01-14,345.25
2009-01-14,345.14
2009-01-14,345.2
2009-01-15,345.17
2009-01-15,345.11
2009-01-15,345.23
2009-01-15,345.16
2009-01-16,345.2
2009-01-16,345.27
2009-01-16,345.25
2009-01-16,345.3
2009-01-17,345.21
2009-01-17,345.23
2009-01-17,345.17
2009-01-17,345.28
2009-01-18,345.31
2009-01-18,345.34
2009-01-18,345.29
2009-01-18,345.25
2009-01-19,345.23
2009-01-19,345.18
2009-01-19,345.31
2009-01-19,345.24
2009-01-20,345.13
2009-01-20,345.06
2009-01-20,345.13
2009-01-20,345.23
2009-01-21,345.06
2009-01-21,345.13
2009-01-21,345.07
2009-01-21,345.01
2009-01-22,345.12
2009-01-22,345.0
2009-01-22,345.06
2009-01-22,345.07
2009-01-23,345.14
2009-01-23,345.04
2009-01-23,345.26
2009-01-23,345.16
2009-01-24,345.28
2009-01-24,345.23
2009-01-24,345.22
2009-01-24,345.15
2009-01-25,345.06
2009-01-25,345.06
2009-01-25,344.96
2009-01-25,345.18
2009-01-26,345.25
2009-01-26,345.04
2009-01-26,345.04
2009-01-26,344.95
2009-01-27,345.25
2009-01-27,345.44
2009-01-27,345.48
2009-01-27,345.51
2009-01-28,345.49
2009-01-28,345.26
2009-01-28,345.36
2009-01-28,345.34
2009-01-29,345.27
2009-01-29,345.35
2009-01-29,345.34
2009-01-29,345.39
2009-01-30,345.34
2009-01-30,345.4
2009-01-30,345.32
2009-01-30,345.23
2009-01-31,345.25
2009-01-31,345.19
2009-01-31,345.19
2009-01-31,345.1
2009-02-01,345.33
2009-02-01,345.14
2009-02-01,345.21
2009-02-01,345.21
2009-02-02,345.32
2009-02-02,345.25
2009-02-02,345.31
2009-02-02,345.36
2009-02-03,345.2
2009-02-03,345.2
2009-02-03,345.3
2009-02-03,345.14
2009-02-04,345.13
2009-02-04,345.22
2009-02-04,345.19
2009-02-04,345.17
2009-02-05,345.15
2009-02-05,345.18
2009-02-05,345.13
2009-02-05,345.08
2009-02-06,345.08
2009-02-06,345.16
2009-02-06,345.08
2009-02-06,344.98
2009-02-07,344.91
2009-02-07,344.96
2009-02-07,345.02
2009-02-07,344.92
2009-02-08,345.19
2009-02-08,344.98
2009-02-08,345.15
2009-02-08,345.13
2009-02-09,345.17
2009-02-09,344.97
2009-02-09,345.03
2009-02-09,345.06
2009-02-10,345.12
2009-02-10,345.35
2009-02-10,345.33
2009-02-10,345.44
2009-02-11,345.36
2009-02-11,345.37
2009-02-11,345.44
2009-02-11,345.27
2009-02-12,345.32
2009-02-12,345.27
2009-02-12,345.4
2009-02-12,345.33
2009-02-13,345.21
2009-02-13,345.32
2009-02-13,345.31
2009-02-13,345.39
2009-02-14,345.22
2009-02-14,345.29
2009-02-14,345.34
2009-02-14,345.31
2009-02-15,345.22
2009-02-15,345.32
2009-02-15,345.21
2009-02-15,345.07
2009-02-16,345.1
2009-02-16,345.25
2009-02-16,345.02
2009-02-16,345.08
2009-02-17,345.22
2009-02-17,345.34
2009-02-17,345.34
2009-02-17,345.44
2009-02-18,345.51
2009-02-18,345.41
2009-02-18,345.45
2009-02-18,345.47
2009-02-19,345.45
2009-02-19,345.37
2009-02-19,345.5
2009-02-19,345.47
2009-02-20,345.26
2009-02-20,345.34
2009-02-20,345.4
2009-02-20,345.34
2009-02-21,345.32
2009-02-21,345.29
2009-02-21,345.35
2009-02-21,345.39
2009-02-22,345.36
2009-02-22,345.35
2009-02-22,345.29
2009-02-22,345.41
2009-02-23,345.4
2009-02-23,345.3
2009-02-23,345.38
2009-02-23,345.45
2009-02-24,345.34
2009-02-24,345.4
2009-02-24,345.35
2009-02-24,345.25
2009-02-25,345.36
2009-02-25,345.33
2009-02-25,345.25
2009-02-25,345.3
2009-02-26,345.33
2009-02-26,345.3
2009-02-26,345.24
2009-02-26,345.36
2009-02-27,345.21
2009-02-27,345.31
2009-02-27,345.31
2009-02-27,345.27
2009-02-28,345.3
2009-02-28,345.31
2009-02-28,345.34
2009-02-28,345.27
2009-03-01,345.27
2009-03-01,345.29
2009-03-01,345.22
2009-03-01,345.32
2009-03-02,345.34
2009-03-02,345.28
2009-03-02,345.26
2009-03-02,345.24
2009-03-03,345.32
2009-03-03,345.27
2009-03-03,345.2
2009-03-03,345.26
2009-03-04,345.24
2009-03-04,345.29
2009-03-04,345.26
2009-03-04,345.19
2009-03-05,345.31
2009-03-05,345.26
2009-03-05,345.19
2009-03-05,345.32
2009-03-06,345.22
2009-03-06,345.16
2009-03-06,345.24
2009-03-06,345.28
2009-03-07,345.23
2009-03-07,345.3
2009-03-07,345.17
2009-03-07,345.22
2009-03-08,345.23
2009-03-08,345.12
2009-03-08,345.18
2009-03-08,345.2
2009-03-09,345.15
2009-03-09,345.28
2009-03-09,345.2
2009-03-09,345.23
2009-03-10,345.18
2009-03-10,345.31
2009-03-10,345.32
2009-03-10,345.27
2009-03-11,345.28
2009-03-11,345.3
2009-03-11,345.25
2009-03-11,345.21
2009-03-12,345.23
2009-03-12,345.27
2009-03-12,345.34
2009-03-12,345.27
2009-03-13,345.32
2009-03-13,345.3
2009-03-13,345.35
2009-03-13,345.2
2009-03-14,345.23
2009-03-14,345.17
2009-03-14,345.23
2009-03-14,345.29
2009-03-15,345.43
2009-03-15,345.33
2009-03-15,345.34
2009-03-15,345.23
2009-03-16,345.43
2009-03-16,345.47
2009-03-16,345.5
2009-03-16,345.38
2009-03-17,345.43
2009-03-17,345.4
2009-03-17,345.32
2009-03-17,345.45
2009-03-18,345.34
2009-03-18,345.21
2009-03-18,345.31
2009-03-18,345.36
2009-03-19,345.23
2009-03-19,345.14
2009-03-19,345.26
2009-03-19,345.21
2009-03-20,345.08
2009-03-20,345.12
2009-03-20,345.18
2009-03-20,345.14
2009-03-21,345.23
2009-03-21,345.33
2009-03-21,345.15
2009-03-21,345.25
2009-03-22,345.3
2009-03-22,345.25
2009-03-22,345.35
2009-03-22,345.34
2009-03-23,345.34
2009-03-23,345.3
2009-03-23,345.22
2009-03-23,345.35
2009-03-24,345.38
2009-03-24,345.33
2009-03-24,345.32
2009-03-24,345.24
2009-03-25,345.31
2009-03-25,345.33
2009-03-25,345.28
2009-03-25,345.18
2009-03-26,345.05
2009-03-26,345.12
2009-03-26,345.21
2009-03-26,345.13
2009-03-27,345.29
2009-03-27,345.23
2009-03-27,345.16
2009-03-27,345.29
2009-03-28,345.29
2009-03-28,345.12
2009-03-28,345.26
2009-03-28,345.25
2009-03-29,345.02
2009-03-29,345.09
2009-03-29,345.08
2009-03-29,345.17
2009-03-30,345.23
2009-03-30,345.25
2009-03-30,345.11
2009-03-30,345.34
2009-03-31,345.34
2009-03-31,345.31
2009-03-31,345.3
2009-03-31,345.17
2009-04-01,345.15
2009-04-01,345.22
2009-04-01,345.09
2009-04-01,345.14
2009-04-02,345.09
2009-04-02,345.22
2009-04-02,345.18
2009-04-02,345.18
2009-04-03,345.08
2009-04-03,345.01
2009-04-03,345.08
2009-04-03,345.16
2009-04-04,345.39
2009-04-04,345.13
2009-04-04,345.27
2009-04-04,345.27
2009-04-05,345.35
2009-04-05,345.47
2009-04-05,345.4
2009-04-05,345.44
2009-04-06,345.28
2009-04-06,345.37
2009-04-06,345.43
2009-04-06,345.35
2009-04-07,345.31
2009-04-07,345.35
2009-04-07,345.25
2009-04-07,345.33
2009-04-08,345.3
2009-04-08,345.31
2009-04-08,345.24
2009-04-08,345.35
2009-04-09,345.24
2009-04-09,345.31
2009-04-09,345.24
2009-04-09,345.1
2009-04-10,345.13
2009-04-10,344.98
2009-04-10,345.02
2009-04-10,345.03
2009-04-11,345.4
2009-04-11,345.05
2009-04-11,345.27
2009-04-11,345.27
2009-04-12,345.43
2009-04-12,345.41
2009-04-12,345.33
2009-04-12,345.38
2009-04-13,345.38
2009-04-13,345.1
2009-04-13,345.27
2009-04-13,345.26
2009-04-14,345.03
2009-04-14,344.92
2009-04-14,345.13
2009-04-14,345.02
2009-04-15,345.15
2009-04-15,345.31
2009-04-15,345.02
2009-04-15,345.14
2009-04-16,345.29
2009-04-16,345.37
2009-04-16,345.34
2009-04-16,345.4
2009-04-17,345.41
2009-04-17,345.26
2009-04-17,345.38
2009-04-17,345.36
2009-04-18,345.35
2009-04-18,345.31
2009-04-18,345.21
2009-04-18,345.3
2009-04-19,345.23
2009-04-19,345.32
2009-04-19,345.29
2009-04-19,345.34
2009-04-20,345.25
2009-04-20,345.3
2009-04-20,345.28
2009-04-20,345.14
2009-04-21,345.24
2009-04-21,345.06
2009-04-21,345.15
2009-04-21,345.17
2009-04-22,345.11
2009-04-22,345.16
2009-04-22,345.05
2009-04-22,345.13
2009-04-23,345.15
2009-04-23,345.1
2009-04-23,345.15
2009-04-23,345.03
2009-04-24,345.12
2009-04-24,345.16
2009-04-24,345.05
2009-04-24,345.18
2009-04-25,345.09
2009-04-25,345.15
2009-04-25,345.2
2009-04-25,345.15
2009-04-26,345.13
2009-04-26,345.15
2009-04-26,345.07
2009-04-26,345.2
2009-04-27,345.12
2009-04-27,345.07
2009-04-27,345.14
2009-04-27,345.18
2009-04-28,345.15
2009-04-28,345.15
2009-04-28,345.19
2009-04-28,345.09
2009-04-29,345.18
2009-04-29,345.19
2009-04-29,345.24
2009-04-29,345.13
2009-04-30,345.11
2009-04-30,345.2
2009-04-30,345.18
2009-04-30,345.22
2009-05-01,345.21
2009-05-01,345.1
2009-05-01,345.15
2009-05-01,345.15
2009-05-02,345.26
2009-05-02,345.14
2009-05-02,345.19
2009-05-02,345.22
2009-05-03,345.26
2009-05-03,345.19
2009-05-03,345.2
2009-05-03,345.11
2009-05-04,345.15
2009-05-04,345.13
2009-05-04,345.12
2009-05-04,345.04
2009-05-05,345.1
2009-05-05,345.14
2009-05-05,345.09
2009-05-05,345.01
2009-05-06,345.09
2009-05-06,345.05
2009-05-06,345.06
2009-05-06,344.99
2009-05-07,345.02
2009-05-07,345.0
2009-05-07,345.06
2009-05-07,344.93
2009-05-08,344.93
2009-05-08,344.98
2009-05-08,344.98
2009-05-08,344.88
2009-05-09,344.99
2009-05-09,345.03
2009-05-09,345.03
2009-05-09,344.92
2009-05-10,345.05
2009-05-10,344.97
2009-05-10,345.02
2009-05-10,345.07
2009-05-11,345.02
2009-05-11,345.07
2009-05-11,344.97
2009-05-11,345.08
2009-05-12,345.07
2009-05-12,345.01
2009-05-12,345.02
2009-05-12,344.96
2009-05-13,345.03
2009-05-13,345.05
2009-05-13,345.01
2009-05-13,344.97
2009-05-14,344.95
2009-05-14,345.03
2009-05-14,345.02
2009-05-14,345.06
2009-05-15,345.05
2009-05-15,344.96
2009-05-15,345.0
2009-05-15,345.01
2009-05-16,345.04
2009-05-16,345.05
2009-05-16,345.13
2009-05-16,344.98
2009-05-17,345.16
2009-05-17,345.06
2009-05-17,345.12
2009-05-17,345.16
2009-05-18,345.12
2009-05-18,345.12
2009-05-18,345.16
2009-05-18,345.07
2009-05-19,345.03
2009-05-19,345.09
2009-05-19,345.1
2009-05-19,345.15
2009-05-20,345.06
2009-05-20,345.08
2009-05-20,344.98
2009-05-20,345.12
2009-05-21,345.09
2009-05-21,345.08
2009-05-21,345.0
2009-05-21,345.04
2009-05-22,345.06
2009-05-22,345.03
2009-05-22,344.99
2009-05-22,345.08
2009-05-23,345.1
2009-05-23,345.08
2009-05-23,345.05
2009-05-23,344.99
2009-05-24,344.99
2009-05-24,345.09
2009-05-24,345.09
2009-05-24,345.05
2009-05-25,345.03
2009-05-25,344.92
2009-05-25,345.01
2009-05-25,345.07
2009-05-26,345.01
2009-05-26,344.94
2009-05-26,344.99
2009-05-26,345.03
2009-05-27,344.94
2009-05-27,345.0
2009-05-27,344.99
2009-05-27,345.03
2009-05-28,345.01
2009-05-28,345.03
2009-05-28,345.08
2009-05-28,344.97
2009-05-29,345.07
2009-05-29,345.12
2009-05-29,345.05
2009-05-29,345.02
2009-05-30,345.11
2009-05-30,345.05
2009-05-30,344.99
2009-05-30,345.05
2009-05-31,345.02
2009-05-31,345.01
2009-05-31,345.06
2009-05-31,344.93
2009-06-01,344.97
2009-06-01,344.98
2009-06-01,344.92
2009-06-01,345.01
2009-06-02,345.0
2009-06-02,344.92
2009-06-02,344.98
2009-06-02,345.01
2009-06-03,344.91
2009-06-03,344.97
2009-06-03,345.0
2009-06-03,344.98
2009-06-04,345.01
2009-06-04,344.98
2009-06-04,344.91
2009-06-04,344.99
2009-06-05,344.94
2009-06-05,344.99
2009-06-05,345.03
2009-06-05,345.03
2009-06-06,344.97
2009-06-06,345.02
2009-06-06,345.0
2009-06-06,344.91
2009-06-07,345.02
2009-06-07,344.96
2009-06-07,344.87
2009-06-07,344.98
2009-06-08,344.85
2009-06-08,344.94
2009-06-08,344.9
2009-06-08,344.89
2009-06-09,344.92
2009-06-09,344.84
2009-06-09,344.97
2009-06-09,344.98
2009-06-10,344.95
2009-06-10,345.0
2009-06-10,345.0
2009-06-10,344.91
2009-06-11,344.91
2009-06-11,344.95
2009-06-11,345.0
2009-06-11,344.99
2009-06-12,344.94
2009-06-12,344.98
2009-06-12,344.89
2009-06-12,344.98
2009-06-13,344.9
2009-06-13,345.01
2009-06-13,345.02
2009-06-13,344.95
2009-06-14,344.9
2009-06-14,344.94
2009-06-14,344.98
2009-06-14,344.98
2009-06-15,344.87
2009-06-15,344.93
2009-06-15,344.99
2009-06-15,344.96
2009-06-16,344.89
2009-06-16,344.85
2009-06-16,344.89
2009-06-16,344.93
2009-06-17,344.89
2009-06-17,344.88
2009-06-17,344.92
2009-06-17,344.82
2009-06-18,344.74
2009-06-18,344.85
2009-06-18,344.82
2009-06-18,344.81
2009-06-19,344.74
2009-06-19,344.74
2009-06-19,344.79
2009-06-19,344.68
2009-06-20,344.69
2009-06-20,344.82
2009-06-20,344.77
2009-06-20,344.79
2009-06-21,344.86
2009-06-21,344.76
2009-06-21,344.81
2009-06-21,344.85
2009-06-22,344.83
2009-06-22,344.71
2009-06-22,344.78
2009-06-22,344.79
2009-06-23,344.8
2009-06-23,344.73
2009-06-23,344.78
2009-06-23,344.87
2009-06-24,344.97
2009-06-24,344.95
2009-06-24,344.92
2009-06-24,344.83
2009-06-25,344.96
2009-06-25,344.87
2009-06-25,344.98
2009-06-25,344.94
2009-06-26,344.86
2009-06-26,344.95
2009-06-26,344.91
2009-06-26,344.94
2009-06-27,344.96
2009-06-27,344.94
2009-06-27,344.87
2009-06-27,344.93
2009-06-28,344.97
2009-06-28,344.92
2009-06-28,344.84
2009-06-28,344.94
2009-06-29,344.88
2009-06-29,344.9
2009-06-29,344.86
2009-06-29,344.82
2009-06-30,344.83
2009-06-30,344.84
2009-06-30,344.78
2009-06-30,344.85
2009-07-01,344.85
2009-07-01,344.75
2009-07-01,344.82
2009-07-01,344.81
2009-07-02,344.79
2009-07-02,344.91
2009-07-02,344.84
2009-07-02,344.87
2009-07-03,344.86
2009-07-03,344.98
2009-07-03,344.91
2009-07-03,344.93
2009-07-04,344.98
2009-07-04,344.99
2009-07-04,344.95
2009-07-04,344.9
2009-07-05,344.95
2009-07-05,344.96
2009-07-05,344.92
2009-07-05,344.84
2009-07-06,344.89
2009-07-06,344.79
2009-07-06,344.85
2009-07-06,344.86
2009-07-07,344.77
2009-07-07,344.84
2009-07-07,344.81
2009-07-07,344.86
2009-07-08,344.75
2009-07-08,344.85
2009-07-08,344.81
2009-07-08,344.81
2009-07-09,344.77
2009-07-09,344.82
2009-07-09,344.86
2009-07-09,344.84
2009-07-10,344.89
2009-07-10,344.84
2009-07-10,344.79
2009-07-10,344.87
2009-07-11,344.89
2009-07-11,344.85
2009-07-11,344.88
2009-07-11,344.79
2009-07-12,344.82
2009-07-12,344.91
2009-07-12,344.87
2009-07-12,344.92
2009-07-13,344.73
2009-07-13,344.83
2009-07-13,344.85
2009-07-13,344.89
2009-07-14,344.76
2009-07-14,344.81
2009-07-14,344.7
2009-07-14,344.78
2009-07-15,344.75
2009-07-15,344.86
2009-07-15,344.83
2009-07-15,344.89
2009-07-16,344.84
2009-07-16,344.92
2009-07-16,344.88
2009-07-16,344.89
2009-07-17,344.84
2009-07-17,344.9
2009-07-17,344.85
2009-07-17,344.77
2009-07-18,344.82
2009-07-18,344.68
2009-07-18,344.77
2009-07-18,344.76
2009-07-19,344.79
2009-07-19,344.76
2009-07-19,344.69
2009-07-19,344.75
2009-07-20,344.76
2009-07-20,344.8
2009-07-20,344.72
2009-07-20,344.81
2009-07-21,344.65
2009-07-21,344.75
2009-07-21,344.78
2009-07-21,344.73
2009-07-22,344.6
2009-07-22,344.68
2009-07-22,344.72
2009-07-22,344.71
2009-07-23,344.6
2009-07-23,344.67
2009-07-23,344.69
2009-07-23,344.72
2009-07-24,344.66
2009-07-24,344.73
2009-07-24,344.77
2009-07-24,344.71
2009-07-25,344.83
2009-07-25,344.77
2009-07-25,344.69
2009-07-25,344.75
2009-07-26,344.84
2009-07-26,344.81
2009-07-26,344.79
2009-07-26,344.72
2009-07-27,344.8
2009-07-27,344.65
2009-07-27,344.75
2009-07-27,344.74
2009-07-28,344.67
2009-07-28,344.65
2009-07-28,344.58
2009-07-28,344.7
2009-07-29,344.69
2009-07-29,344.64
2009-07-29,344.69
2009-07-29,344.59
2009-07-30,344.72
2009-07-30,344.73
2009-07-30,344.69
2009-07-30,344.64
2009-07-31,344.68
2009-07-31,344.75
2009-07-31,344.73
2009-07-31,344.77
2009-08-01,344.74
2009-08-01,344.81
2009-08-01,344.79
2009-08-01,344.71
2009-08-02,344.78
2009-08-02,344.75
2009-08-02,344.8
2009-08-02,344.71
2009-08-03,344.8
2009-08-03,344.78
2009-08-03,344.7
2009-08-03,344.75
2009-08-04,344.8
2009-08-04,344.76
2009-08-04,344.78
2009-08-04,344.69
2009-08-05,344.78
2009-08-05,344.8
2009-08-05,344.75
2009-08-05,344.68
2009-08-06,344.67
2009-08-06,344.78
2009-08-06,344.75
2009-08-06,344.72
2009-08-07,344.78
2009-08-07,344.71
2009-08-07,344.66
2009-08-07,344.76
2009-08-08,344.73
2009-08-08,344.75
2009-08-08,344.65
2009-08-08,344.71
2009-08-09,344.68
2009-08-09,344.71
2009-08-09,344.63
2009-08-09,344.73
2009-08-10,344.74
2009-08-10,344.72
2009-08-10,344.79
2009-08-10,344.66
2009-08-11,344.77
2009-08-11,344.7
2009-08-11,344.8
2009-08-11,344.8
2009-08-12,344.79
2009-08-12,344.73
2009-08-12,344.75
2009-08-12,344.64
2009-08-13,344.66
2009-08-13,344.66
2009-08-13,344.59
2009-08-13,344.7
2009-08-14,344.63
2009-08-14,344.66
2009-08-14,344.69
2009-08-14,344.7
2009-08-15,344.65
2009-08-15,344.58
2009-08-15,344.64
2009-08-15,344.68
2009-08-16,344.62
2009-08-16,344.66
2009-08-16,344.67
2009-08-16,344.58
2009-08-17,344.67
2009-08-17,344.64
2009-08-17,344.55
2009-08-17,344.61
2009-08-18,344.54
2009-08-18,344.61
2009-08-18,344.62
2009-08-18,344.59
2009-08-19,344.6
2009-08-19,344.63
2009-08-19,344.65
2009-08-19,344.54
2009-08-20,344.68
2009-08-20,344.67
2009-08-20,344.63
2009-08-20,344.58
2009-08-21,344.71
2009-08-21,344.62
2009-08-21,344.66
2009-08-21,344.69
2009-08-22,344.73
2009-08-22,344.73
2009-08-22,344.64
2009-08-22,344.69
2009-08-23,344.71
2009-08-23,344.74
2009-08-23,344.6
2009-08-23,344.74
2009-08-24,344.68
2009-08-24,344.62
2009-08-24,344.73
2009-08-24,344.72
2009-08-25,344.72
2009-08-25,344.67
2009-08-25,344.72
2009-08-25,344.76
2009-08-26,344.79
2009-08-26,344.75
2009-08-26,344.7
2009-08-26,344.78
2009-08-27,344.76
2009-08-27,344.72
2009-08-27,344.73
2009-08-27,344.64
2009-08-28,344.69
2009-08-28,344.74
2009-08-28,344.7
2009-08-28,344.61
2009-08-29,344.63
2009-08-29,344.68
2009-08-29,344.52
2009-08-29,344.61
2009-08-30,344.59
2009-08-30,344.48
2009-08-30,344.55
2009-08-30,344.61
2009-08-31,344.57
2009-08-31,344.51
2009-08-31,344.61
2009-08-31,344.6
2009-09-01,344.66
2009-09-01,344.61
2009-09-01,344.68
2009-09-01,344.55
2009-09-02,344.7
2009-09-02,344.66
2009-09-02,344.67
2009-09-02,344.6
2009-09-03,344.67
2009-09-03,344.64
2009-09-03,344.55
2009-09-03,344.69
2009-09-04,344.59
2009-09-04,344.62
2009-09-04,344.61
2009-09-04,344.51
2009-09-05,344.65
2009-09-05,344.66
2009-09-05,344.55
2009-09-05,344.6
2009-09-06,344.71
2009-09-06,344.72
2009-09-06,344.59
2009-09-06,344.65
2009-09-07,344.66
2009-09-07,344.6
2009-09-07,344.62
2009-09-07,344.49
2009-09-08,344.61
2009-09-08,344.5
2009-09-08,344.56
2009-09-08,344.54
2009-09-09,344.71
2009-09-09,344.63
2009-09-09,344.68
2009-09-09,344.58
2009-09-10,344.69
2009-09-10,344.63
2009-09-10,344.74
2009-09-10,344.73
2009-09-11,344.66
2009-09-11,344.7
2009-09-11,344.57
2009-09-11,344.63
2009-09-12,344.46
2009-09-12,344.53
2009-09-12,344.53
2009-09-12,344.6
2009-09-13,344.52
2009-09-13,344.56
2009-09-13,344.58
2009-09-13,344.47
2009-09-14,344.7
2009-09-14,344.56
2009-09-14,344.67
2009-09-14,344.63
2009-09-15,344.62
2009-09-15,344.67
2009-09-15,344.69
2009-09-15,344.73
2009-09-16,344.58
2009-09-16,344.65
2009-09-16,344.67
2009-09-16,344.71
2009-09-17,344.57
2009-09-17,344.64
2009-09-17,344.49
2009-09-17,344.57
2009-09-18,344.56
2009-09-18,344.51
2009-09-18,344.56
2009-09-18,344.65
2009-09-19,344.69
2009-09-19,344.64
2009-09-19,344.67
2009-09-19,344.59
2009-09-20,344.69
2009-09-20,344.66
2009-09-20,344.61
2009-09-20,344.71
2009-09-21,344.66
2009-09-21,344.64
2009-09-21,344.59
2009-09-21,344.7
2009-09-22,344.58
2009-09-22,344.63
2009-09-22,344.66
2009-09-22,344.7
2009-09-23,344.61
2009-09-23,344.64
2009-09-23,344.53
2009-09-23,344.67
2009-09-24,344.58
2009-09-24,344.58
2009-09-24,344.63
2009-09-24,344.48
2009-09-25,344.57
2009-09-25,344.62
2009-09-25,344.57
2009-09-25,344.5
2009-09-26,344.66
2009-09-26,344.54
2009-09-26,344.61
2009-09-26,344.61
2009-09-27,344.54
2009-09-27,344.61
2009-09-27,344.45
2009-09-27,344.54
2009-09-28,344.42
2009-09-28,344.49
2009-09-28,344.48
2009-09-28,344.52
2009-09-29,344.52
2009-09-29,344.53
2009-09-29,344.46
2009-09-29,344.55
2009-09-30,344.57
2009-09-30,344.64
2009-09-30,344.53
2009-09-30,344.61
2009-10-01,344.68
2009-10-01,344.57
2009-10-01,344.7
2009-10-01,344.63
2009-10-02,344.44
2009-10-02,344.56
2009-10-02,344.57
2009-10-02,344.62
2009-10-03,344.5
2009-10-03,344.25
2009-10-03,344.38
2009-10-03,344.39
2009-10-04,344.33
2009-10-04,344.46
2009-10-04,344.26
2009-10-04,344.35
2009-10-05,344.55
2009-10-05,344.43
2009-10-05,344.57
2009-10-05,344.51
2009-10-06,344.42
2009-10-06,344.57
2009-10-06,344.52
2009-10-06,344.52
2009-10-07,344.64
2009-10-07,344.6
2009-10-07,344.5
2009-10-07,344.56
2009-10-08,344.6
2009-10-08,344.69
2009-10-08,344.75
2009-10-08,344.69
2009-10-09,344.75
2009-10-09,344.7
2009-10-09,344.57
2009-10-09,344.71
2009-10-10,344.6
2009-10-10,344.38
2009-10-10,344.48
2009-10-10,344.48
2009-10-11,344.46
2009-10-11,344.46
2009-10-11,344.5
2009-10-11,344.4
2009-10-12,344.5
2009-10-12,344.47
2009-10-12,344.42
2009-10-12,344.45
2009-10-13,344.59
2009-10-13,344.46
2009-10-13,344.61
2009-10-13,344.7
2009-10-14,344.76
2009-10-14,344.65
2009-10-14,344.71
2009-10-14,344.78
2009-10-15,344.69
2009-10-15,344.67
2009-10-15,344.72
2009-10-15,344.57
2009-10-16,344.59
2009-10-16,344.58
2009-10-16,344.49
2009-10-16,344.65
2009-10-17,344.62
2009-10-17,344.49
2009-10-17,344.58
2009-10-17,344.56
2009-10-18,344.56
2009-10-18,344.54
2009-10-18,344.62
2009-10-18,344.5
2009-10-19,344.6
2009-10-19,344.52
2009-10-19,344.42
2009-10-19,344.55
2009-10-20,344.38
2009-10-20,344.46
2009-10-20,344.51
2009-10-20,344.45
2009-10-21,344.53
2009-10-21,344.48
2009-10-21,344.52
2009-10-21,344.41
2009-10-22,344.44
2009-10-22,344.55
2009-10-22,344.51
2009-10-22,344.49
2009-10-23,344.55
2009-10-23,344.5
2009-10-23,344.6
2009-10-23,344.6
2009-10-24,344.43
2009-10-24,344.51
2009-10-24,344.57
2009-10-24,344.53
2009-10-25,344.49
2009-10-25,344.49
2009-10-25,344.41
2009-10-25,344.62
2009-10-26,344.68
2009-10-26,344.49
2009-10-26,344.59
2009-10-26,344.65
2009-10-27,344.29
2009-10-27,344.29
2009-10-27,344.51
2009-10-27,344.18
2009-10-28,344.26
2009-10-28,344.48
2009-10-28,344.31
2009-10-28,344.31
2009-10-29,344.57
2009-10-29,344.6
2009-10-29,344.44
2009-10-29,344.67
2009-10-30,344.77
2009-10-30,344.71
2009-10-30,344.78
2009-10-30,344.64
2009-10-31,344.58
2009-10-31,344.67
2009-10-31,344.68
2009-10-31,344.73
2009-11-01,344.62
2009-11-01,344.55
2009-11-01,344.6
2009-11-01,344.66
2009-11-02,344.64
2009-11-02,344.63
2009-11-02,344.59
2009-11-02,344.69
2009-11-03,344.5
2009-11-03,344.65
2009-11-03,344.58
2009-11-03,344.59
2009-11-04,344.49
2009-11-04,344.54
2009-11-04,344.55
2009-11-04,344.63
2009-11-05,344.54
2009-11-05,344.58
2009-11-05,344.64
2009-11-05,344.61
2009-11-06,344.51
2009-11-06,344.63
2009-11-06,344.54
2009-11-06,344.44
2009-11-07,344.36
2009-11-07,344.46
2009-11-07,344.41
2009-11-07,344.41
2009-11-08,344.51
2009-11-08,344.41
2009-11-08,344.38
2009-11-08,344.43
2009-11-09,344.56
2009-11-09,344.48
2009-11-09,344.63
2009-11-09,344.54
2009-11-10,344.59
2009-11-10,344.52
2009-11-10,344.65
2009-11-10,344.59
2009-11-11,344.57
2009-11-11,344.5
2009-11-11,344.51
2009-11-11,344.41
2009-11-12,344.33
2009-11-12,344.43
2009-11-12,344.31
2009-11-12,344.25
2009-11-13,344.41
2009-11-13,344.23
2009-11-13,344.31
2009-11-13,344.3
2009-11-14,344.51
2009-11-14,344.38
2009-11-14,344.61
2009-11-14,344.5
2009-11-15,344.68
2009-11-15,344.68
2009-11-15,344.57
2009-11-15,344.76
2009-11-16,344.75
2009-11-16,344.69
2009-11-16,344.62
2009-11-16,344.7
2009-11-17,344.45
2009-11-17,344.53
2009-11-17,344.53
2009-11-17,344.64
2009-11-18,344.45
2009-11-18,344.49
2009-11-18,344.43
2009-11-18,344.37
2009-11-19,344.58
2009-11-19,344.51
2009-11-19,344.51
2009-11-19,344.46
2009-11-20,344.54
2009-11-20,344.6
2009-11-20,344.56
2009-11-20,344.48
2009-11-21,344.38
2009-11-21,344.43
2009-11-21,344.49
2009-11-21,344.45
2009-11-22,344.48
2009-11-22,344.52
2009-11-22,344.47
2009-11-22,344.45
2009-11-23,344.56
2009-11-23,344.57
2009-11-23,344.64
2009-11-23,344.49
2009-11-24,344.67
2009-11-24,344.62
2009-11-24,344.56
2009-11-24,344.6
2009-11-25,344.56
2009-11-25,344.59
2009-11-25,344.51
2009-11-25,344.64
2009-11-26,344.49
2009-11-26,344.56
2009-11-26,344.57
2009-11-26,344.6
2009-11-27,344.47
2009-11-27,344.33
2009-11-27,344.56
2009-11-27,344.47
2009-11-28,344.19
2009-11-28,344.26
2009-11-28,344.35
2009-11-28,344.22
2009-11-29,344.43
2009-11-29,344.53
2009-11-29,344.43
2009-11-29,344.3
2009-11-30,344.5
2009-11-30,344.61
2009-11-30,344.55
2009-11-30,344.55
2009-12-01,344.49
2009-12-01,344.5
2009-12-01,344.56
2009-12-01,344.42
2009-12-02,344.39
2009-12-02,344.45
2009-12-02,344.5
2009-12-02,344.44
2009-12-03,344.43
2009-12-03,344.68
2009-12-03,344.53
2009-12-03,344.52
2009-12-04,344.67
2009-12-04,344.75
2009-12-04,344.71
2009-12-04,344.6
2009-12-05,344.6
2009-12-05,344.43
2009-12-05,344.42
2009-12-05,344.32
2009-12-06,344.36
2009-12-06,344.45
2009-12-06,344.43
2009-12-06,344.4
2009-12-07,344.16
2009-12-07,344.21
2009-12-07,343.95
2009-12-07,344.41
2009-12-08,344.55
2009-12-08,344.55
2009-12-08,344.27
2009-12-08,344.65
2009-12-09,344.68
2009-12-09,344.63
2009-12-09,344.29
2009-12-09,344.62
2009-12-10,344.67
2009-12-10,344.58
2009-12-10,344.63
2009-12-10,344.61
2009-12-11,344.63
2009-12-11,344.59
2009-12-11,344.66
2009-12-11,344.7
2009-12-12,344.48
2009-12-12,344.63
2009-12-12,344.61
2009-12-12,344.68
2009-12-13,344.57
2009-12-13,344.48
2009-12-13,344.65
2009-12-13,344.58
2009-12-14,344.69
2009-12-14,344.78
2009-12-14,344.7
2009-12-14,344.61
2009-12-15,344.78
2009-12-15,344.72
2009-12-15,344.85
2009-12-15,344.77
2009-12-16,344.72
2009-12-16,344.66
2009-12-16,344.8
2009-12-16,344.72
2009-12-17,344.57
2009-12-17,344.65
2009-12-17,344.63
2009-12-17,344.7
2009-12-18,344.58
2009-12-18,344.59
2009-12-18,344.51
2009-12-18,344.64
2009-12-19,344.56
2009-12-19,344.6
2009-12-19,344.66
2009-12-19,344.61
2009-12-20,344.58
2009-12-20,344.65
2009-12-20,344.62
2009-12-20,344.68
2009-12-21,344.63
2009-12-21,344.55
2009-12-21,344.55
2009-12-21,344.42
2009-12-22,344.31
2009-12-22,344.24
2009-12-22,344.45
2009-12-22,344.3
2009-12-23,344.67
2009-12-23,344.52
2009-12-23,344.34
2009-12-23,344.52
2009-12-24,344.62
2009-12-24,344.66
2009-12-24,344.66
2009-12-24,344.71
2009-12-25,344.6
2009-12-25,344.61
2009-12-25,344.52
2009-12-25,344.66
2009-12-26,344.64
2009-12-26,344.57
2009-12-26,344.65
2009-12-26,344.73
2009-12-27,344.77
2009-12-27,344.71
2009-12-27,344.7
2009-12-27,344.66
2009-12-28,344.61
2009-12-28,344.7
2009-12-28,344.61
2009-12-28,344.53
2009-12-29,344.78
2009-12-29,344.63
2009-12-29,344.55
2009-12-29,344.65
2009-12-30,344.7
2009-12-30,344.84
2009-12-30,344.76
2009-12-30,344.78
2009-12-31,344.88
2009-12-31,344.8
2009-12-31,344.94
2009-12-31,344.87
2010-01-01,344.78
2010-01-01,344.66
2010-01-01,344.9
2010-01-01,344.78
2010-01-02,344.64
2010-01-02,344.7
2010-01-02,344.57
2010-01-02,344.65
2010-01-03,344.59
2010-01-03,344.64
2010-01-03,344.69
2010-01-03,344.65
2010-01-04,344.64
2010-01-04,344.59
2010-01-04,344.61
2010-01-04,344.68
2010-01-05,344.55
2010-01-05,344.62
2010-01-05,344.64
2010-01-05,344.68
2010-01-06,344.6
2010-01-06,344.59
2010-01-06,344.66
2010-01-06,344.55
2010-01-07,344.52
2010-01-07,344.62
2010-01-07,344.56
2010-01-07,344.57
2010-01-08,344.7
2010-01-08,344.68
2010-01-08,344.61
2010-01-08,344.77
2010-01-09,344.68
2010-01-09,344.73
2010-01-09,344.76
2010-01-09,344.79
2010-01-10,344.64
2010-01-10,344.71
2010-01-10,344.69
2010-01-10,344.77
2010-01-11,344.67
2010-01-11,344.8
2010-01-11,344.74
2010-01-11,344.73
2010-01-12,344.74
2010-01-12,344.67
2010-01-12,344.78
2010-01-12,344.73
2010-01-13,344.6
2010-01-13,344.72
2010-01-13,344.67
2010-01-13,344.66
2010-01-14,344.77
2010-01-14,344.69
2010-01-14,344.7
2010-01-14,344.62
2010-01-15,344.64
2010-01-15,344.77
2010-01-15,344.82
2010-01-15,344.74
2010-01-16,344.57
2010-01-16,344.49
2010-01-16,344.66
2010-01-16,344.57
2010-01-17,344.53
2010-01-17,344.48
2010-01-17,344.58
2010-01-17,344.54
2010-01-18,344.42
2010-01-18,344.26
2010-01-18,344.55
2010-01-18,344.45
2010-01-19,344.44
2010-01-19,344.1
2010-01-19,344.34
2010-01-19,344.24
2010-01-20,344.4
2010-01-20,344.34
2010-01-20,344.11
2010-01-20,344.32
2010-01-21,343.72
2010-01-21,343.94
2010-01-21,343.78
2010-01-21,344.16
2010-01-22,344.26
2010-01-22,344.27
2010-01-22,344.5
2010-01-22,344.01
2010-01-23,344.83
2010-01-23,344.85
2010-01-23,344.5
2010-01-23,345.03
2010-01-24,345.1
2010-01-24,344.99
2010-01-24,345.03
2010-01-24,345.07
2010-01-25,345.01
2010-01-25,344.84
2010-01-25,344.92
2010-01-25,344.92
2010-01-26,344.72
2010-01-26,344.85
2010-01-26,344.79
2010-01-26,344.77
2010-01-27,344.69
2010-01-27,344.74
2010-01-27,344.74
2010-01-27,344.81
2010-01-28,344.84
2010-01-28,344.76
2010-01-28,344.92
2010-01-28,344.84
2010-01-29,344.88
2010-01-29,344.83
2010-01-29,344.94
2010-01-29,344.89
2010-01-30,344.82
2010-01-30,344.8
2010-01-30,344.75
2010-01-30,344.87
2010-01-31,344.7
2010-01-31,344.76
2010-01-31,344.81
2010-01-31,344.78
2010-02-01,344.77
2010-02-01,344.75
2010-02-01,344.81
2010-02-01,344.69
2010-02-02,344.73
2010-02-02,344.66
2010-02-02,344.6
2010-02-02,344.65
2010-02-03,344.59
2010-02-03,344.54
2010-02-03,344.6
2010-02-03,344.73
2010-02-04,344.8
2010-02-04,344.92
2010-02-04,344.8
2010-02-04,344.69
2010-02-05,344.92
2010-02-05,344.87
2010-02-05,344.96
2010-02-05,344.99
2010-02-06,344.79
2010-02-06,344.71
2010-02-06,344.91
2010-02-06,344.79
2010-02-07,344.75
2010-02-07,344.81
2010-02-07,344.7
2010-02-07,344.77
2010-02-08,344.87
2010-02-08,344.82
2010-02-08,344.77
2010-02-08,344.84
2010-02-09,344.89
2010-02-09,344.81
2010-02-09,344.82
2010-02-09,344.72
2010-02-10,344.87
2010-02-10,344.86
2010-02-10,344.71
2010-02-10,344.99
2010-02-11,345.09
2010-02-11,345.04
2010-02-11,344.95
2010-02-11,345.03
2010-02-12,345.03
2010-02-12,344.93
2010-02-12,345.03
2010-02-12,345.09
2010-02-13,344.96
2010-02-13,345.01
2010-02-13,344.88
2010-02-13,344.95
2010-02-14,344.87
2010-02-14,344.93
2010-02-14,344.99
2010-02-14,344.97
2010-02-15,344.93
2010-02-15,344.89
2010-02-15,344.89
2010-02-15,344.81
2010-02-16,344.86
2010-02-16,344.81
2010-02-16,344.87
2010-02-16,344.93
2010-02-17,344.86
2010-02-17,344.9
2010-02-17,344.84
2010-02-17,344.76
2010-02-18,344.73
2010-02-18,344.84
2010-02-18,344.81
2010-02-18,344.79
2010-02-19,344.82
2010-02-19,344.7
2010-02-19,344.75
2010-02-19,344.86
2010-02-20,344.72
2010-02-20,344.73
2010-02-20,344.64
2010-02-20,344.83
2010-02-21,344.79
2010-02-21,344.87
2010-02-21,344.88
2010-02-21,344.92
2010-02-22,344.91
2010-02-22,344.83
2010-02-22,344.91
2010-02-22,345.09
2010-02-23,345.14
2010-02-23,345.13
2010-02-23,345.05
2010-02-23,345.18
2010-02-24,345.07
2010-02-24,345.14
2010-02-24,345.07
2010-02-24,344.99
2010-02-25,345.01
2010-02-25,344.96
2010-02-25,345.03
2010-02-25,345.05
2010-02-26,344.98
2010-02-26,344.8
2010-02-26,345.0
2010-02-26,345.05
2010-02-27,344.58
2010-02-27,344.81
2010-02-27,344.58
2010-02-27,344.48
2010-02-28,344.97
2010-02-28,344.78
2010-02-28,344.56
2010-02-28,344.8
2010-03-01,344.98
2010-03-01,345.01
2010-03-01,345.03
2010-03-01,344.93
2010-03-02,345.0
2010-03-02,344.97
2010-03-02,344.95
2010-03-02,344.87
2010-03-03,344.96
2010-03-03,344.93
2010-03-03,344.98
2010-03-03,344.87
2010-03-04,344.97
2010-03-04,344.87
2010-03-04,344.91
2010-03-04,344.92
2010-03-05,344.9
2010-03-05,344.8
2010-03-05,344.97
2010-03-05,344.9
2010-03-06,344.81
2010-03-06,344.7
2010-03-06,344.76
2010-03-06,344.75
2010-03-07,344.75
2010-03-07,344.69
2010-03-07,344.92
2010-03-07,344.75
2010-03-08,344.9
2010-03-08,345.09
2010-03-08,345.1
2010-03-08,345.03
2010-03-09,344.92
2010-03-09,345.02
2010-03-09,344.98
2010-03-09,344.99
2010-03-10,344.89
2010-03-10,345.06
2010-03-10,344.97
2010-03-10,344.97
2010-03-11,345.18
2010-03-11,345.16
2010-03-11,345.13
2010-03-11,345.04
2010-03-12,345.02
2010-03-12,345.12
2010-03-12,345.12
2010-03-12,345.19
2010-03-13,344.97
2010-03-13,344.89
2010-03-13,345.06
2010-03-13,344.98
2010-03-14,345.15
2010-03-14,345.04
2010-03-14,345.07
2010-03-14,344.94
2010-03-15,345.25
2010-03-15,345.22
2010-03-15,345.3
2010-03-15,345.12
2010-03-16,345.26
2010-03-16,345.29
2010-03-16,345.32
2010-03-16,345.16
2010-03-17,345.09
2010-03-17,345.22
2010-03-17,344.92
2010-03-17,345.1
2010-03-18,344.82
2010-03-18,344.9
2010-03-18,344.89
2010-03-18,344.96
2010-03-19,344.97
2010-03-19,345.09
2010-03-19,344.84
2010-03-19,344.96
2010-03-20,345.25
2010-03-20,345.06
2010-03-20,345.2
2010-03-20,345.18
2010-03-21,345.24
2010-03-21,345.06
2010-03-21,345.17
2010-03-21,345.2
2010-03-22,344.86
2010-03-22,345.0
2010-03-22,345.0
2010-03-22,345.1
2010-03-23,345.06
2010-03-23,344.94
2010-03-23,344.9
2010-03-23,344.97
2010-03-24,345.04
2010-03-24,345.13
2010-03-24,345.07
2010-03-24,345.11
2010-03-25,345.07
2010-03-25,345.13
2010-03-25,345.09
2010-03-25,345.0
2010-03-26,345.14
2010-03-26,345.01
2010-03-26,345.12
2010-03-26,345.07
2010-03-27,345.19
2010-03-27,345.23
2010-03-27,345.08
2010-03-27,345.28
2010-03-28,345.25
2010-03-28,345.13
2010-03-28,345.29
2010-03-28,345.24
2010-03-29,345.06
2010-03-29,345.07
2010-03-29,344.91
2010-03-29,345.18
2010-03-30,344.95
2010-03-30,344.99
2010-03-30,345.01
2010-03-30,344.9
2010-03-31,344.96
2010-03-31,344.93
2010-03-31,344.84
2010-03-31,344.91
2010-04-01,345.01
2010-04-01,344.89
2010-04-01,345.14
2010-04-01,345.04
2010-04-02,345.09
2010-04-02,345.19
2010-04-02,345.2
2010-04-02,345.14
2010-04-03,345.08
2010-04-03,345.09
2010-04-03,345.0
2010-04-03,345.15
2010-04-04,345.08
2010-04-04,345.15
2010-04-04,345.03
2010-04-04,345.13
2010-04-05,345.24
2010-04-05,345.15
2010-04-05,345.16
2010-04-05,345.09
2010-04-06,345.28
2010-04-06,345.31
2010-04-06,345.23
2010-04-06,345.35
2010-04-07,345.38
2010-04-07,345.35
2010-04-07,345.3
2010-04-07,345.22
2010-04-08,345.25
2010-04-08,345.16
2010-04-08,345.04
2010-04-08,345.15
2010-04-09,345.06
2010-04-09,345.13
2010-04-09,345.05
2010-04-09,344.99
2010-04-10,345.08
2010-04-10,345.16
2010-04-10,345.18
2010-04-10,345.24
2010-04-11,345.28
2010-04-11,345.19
2010-04-11,345.23
2010-04-11,345.3
2010-04-12,345.07
2010-04-12,345.15
2010-04-12,345.2
2010-04-12,345.16
2010-04-13,345.2
2010-04-13,345.25
2010-04-13,345.12
2010-04-13,345.24
2010-04-14,345.23
2010-04-14,345.29
2010-04-14,345.17
2010-04-14,345.27
2010-04-15,345.33
2010-04-15,345.2
2010-04-15,345.26
2010-04-15,345.27
2010-04-16,345.36
2010-04-16,345.34
2010-04-16,345.25
2010-04-16,345.3
2010-04-17,345.18
2010-04-17,345.23
2010-04-17,345.3
2010-04-17,345.24
2010-04-18,345.29
2010-04-18,345.21
2010-04-18,345.16
2010-04-18,345.21
2010-04-19,345.25
2010-04-19,345.16
2010-04-19,345.29
2010-04-19,345.3
2010-04-20,345.24
2010-04-20,345.27
2010-04-20,345.14
2010-04-20,345.3
2010-04-21,345.01
2010-04-21,345.11
2010-04-21,345.21
2010-04-21,345.13
2010-04-22,345.07
2010-04-22,345.0
2010-04-22,345.23
2010-04-22,345.08
2010-04-23,345.37
2010-04-23,345.5
2010-04-23,345.21
2010-04-23,345.36
2010-04-24,345.5
2010-04-24,345.49
2010-04-24,345.53
2010-04-24,345.45
2010-04-25,345.44
2010-04-25,345.48
2010-04-25,345.51
2010-04-25,345.39
2010-04-26,345.28
2010-04-26,345.36
2010-04-26,345.41
2010-04-26,345.36
2010-04-27,345.38
2010-04-27,345.4
2010-04-27,345.36
2010-04-27,345.31
2010-04-28,345.42
2010-04-28,345.24
2010-04-28,345.35
2010-04-28,345.36
2010-04-29,345.23
2010-04-29,345.31
2010-04-29,345.28
2010-04-29,345.33
2010-04-30,345.36
2010-04-30,345.31
2010-04-30,345.3
2010-04-30,345.23
2010-05-01,345.28
2010-05-01,345.34
2010-05-01,345.38
2010-05-01,345.33
2010-05-02,345.58
2010-05-02,345.3
2010-05-02,345.42
2010-05-02,345.42
2010-05-03,345.71
2010-05-03,345.55
2010-05-03,345.73
2010-05-03,345.67
2010-05-04,345.42
2010-05-04,345.53
2010-05-04,345.53
2010-05-04,345.66
2010-05-05,345.4
2010-05-05,345.4
2010-05-05,345.33
2010-05-05,345.47
2010-05-06,345.34
2010-05-06,345.42
2010-05-06,345.44
2010-05-06,345.39
2010-05-07,345.36
2010-05-07,345.42
2010-05-07,345.43
2010-05-07,345.48
2010-05-08,345.46
2010-05-08,345.42
2010-05-08,345.37
2010-05-08,345.46
2010-05-09,345.41
2010-05-09,345.48
2010-05-09,345.46
2010-05-09,345.56
2010-05-10,345.64
2010-05-10,345.53
2010-05-10,345.62
2010-05-10,345.48
2010-05-11,345.5
2010-05-11,345.44
2010-05-11,345.49
2010-05-11,345.51
2010-05-12,345.46
2010-05-12,345.41
2010-05-12,345.51
2010-05-12,345.47
2010-05-13,345.43
2010-05-13,345.36
2010-05-13,345.48
2010-05-13,345.42
2010-05-14,345.42
2010-05-14,345.48
2010-05-14,345.53
2010-05-14,345.54
2010-05-15,345.45
2010-05-15,345.54
2010-05-15,345.51
2010-05-15,345.53
2010-05-16,345.45
2010-05-16,345.4
2010-05-16,345.53
2010-05-16,345.47
2010-05-17,345.54
2010-05-17,345.59
2010-05-17,345.44
2010-05-17,345.53
2010-05-18,345.66
2010-05-18,345.55
2010-05-18,345.6
2010-05-18,345.67
2010-05-19,345.62
2010-05-19,345.53
2010-05-19,345.59
2010-05-19,345.63
2010-05-20,345.44
2010-05-20,345.5
2010-05-20,345.58
2010-05-20,345.51
2010-05-21,345.49
2010-05-21,345.46
2010-05-21,345.45
2010-05-21,345.4
2010-05-22,345.5
2010-05-22,345.45
2010-05-22,345.46
2010-05-22,345.37
2010-05-23,345.37
2010-05-23,345.63
2010-05-23,345.45
2010-05-23,345.45
2010-05-24,345.65
2010-05-24,345.7
2010-05-24,345.6
2010-05-24,345.65
2010-05-25,345.65
2010-05-25,345.69
2010-05-25,345.65
2010-05-25,345.6
2010-05-26,345.68
2010-05-26,345.58
2010-05-26,345.67
2010-05-26,345.64
2010-05-27,345.7
2010-05-27,345.66
2010-05-27,345.66
2010-05-27,345.61
2010-05-28,345.71
2010-05-28,345.68
2010-05-28,345.61
2010-05-28,345.67
2010-05-29,345.67
2010-05-29,345.58
2010-05-29,345.69
2010-05-29,345.64
2010-05-30,345.62
2010-05-30,345.66
2010-05-30,345.58
2010-05-30,345.67
2010-05-31,345.72
2010-05-31,345.62
2010-05-31,345.67
2010-05-31,345.66
2010-06-01,345.72
2010-06-01,345.7
2010-06-01,345.74
2010-06-01,345.64
2010-06-02,345.71
2010-06-02,345.65
2010-06-02,345.73
2010-06-02,345.69
2010-06-03,345.69
2010-06-03,345.6
2010-06-03,345.65
2010-06-03,345.66
2010-06-04,345.67
2010-06-04,345.7
2010-06-04,345.66
2010-06-04,345.62
2010-06-05,345.78
2010-06-05,345.65
2010-06-05,345.71
2010-06-05,345.73
2010-06-06,345.81
2010-06-06,345.72
2010-06-06,345.76
2010-06-06,345.78
2010-06-07,345.77
2010-06-07,345.74
2010-06-07,345.7
2010-06-07,345.8
2010-06-08,345.78
2010-06-08,345.71
2010-06-08,345.75
2010-06-08,345.79
2010-06-09,345.69
2010-06-09,345.75
2010-06-09,345.82
2010-06-09,345.77
2010-06-10,345.72
2010-06-10,345.62
2010-06-10,345.74
2010-06-10,345.69
2010-06-11,345.64
2010-06-11,345.57
2010-06-11,345.68
2010-06-11,345.65
2010-06-12,345.88
2010-06-12,345.75
2010-06-12,345.63
2010-06-12,345.75
2010-06-13,345.83
2010-06-13,345.92
2010-06-13,345.86
2010-06-13,345.87
2010-06-14,345.86
2010-06-14,345.9
2010-06-14,345.84
2010-06-14,345.75
2010-06-15,345.8
2010-06-15,345.73
2010-06-15,345.75
2010-06-15,345.68
2010-06-16,345.76
2010-06-16,345.7
2010-06-16,345.78
2010-06-16,345.81
2010-06-17,345.82
2010-06-17,345.79
2010-06-17,345.81
2010-06-17,345.74
2010-06-18,345.83
2010-06-18,345.88
2010-06-18,345.87
2010-06-18,345.75
2010-06-19,345.95
2010-06-19,345.9
2010-06-19,345.95
2010-06-19,345.85
2010-06-20,345.93
2010-06-20,345.83
2010-06-20,345.89
2010-06-20,345.91
2010-06-21,345.9
2010-06-21,345.88
2010-06-21,345.82
2010-06-21,345.87
2010-06-22,345.96
2010-06-22,345.86
2010-06-22,345.93
2010-06-22,345.91
2010-06-23,345.95
2010-06-23,345.84
2010-06-23,345.9
2010-06-23,345.92
2010-06-24,345.91
2010-06-24,345.81
2010-06-24,345.88
2010-06-24,345.87
2010-06-25,345.79
2010-06-25,345.89
2010-06-25,345.85
2010-06-25,345.89
2010-06-26,345.9
2010-06-26,345.87
2010-06-26,345.79
2010-06-26,345.85
2010-06-27,345.72
2010-06-27,345.83
2010-06-27,345.8
2010-06-27,345.78
2010-06-28,345.83
2010-06-28,345.73
2010-06-28,345.79
2010-06-28,345.86
2010-06-29,345.87
2010-06-29,345.91
2010-06-29,345.8
2010-06-29,345.89
2010-06-30,345.92
2010-06-30,345.87
2010-06-30,345.84
2010-06-30,345.89
2010-07-01,345.89
2010-07-01,345.92
2010-07-01,345.83
2010-07-01,345.91
2010-07-02,345.85
2010-07-02,345.88
2010-07-02,345.84
2010-07-02,345.76
2010-07-03,345.94
2010-07-03,345.81
2010-07-03,345.88
2010-07-03,345.91
2010-07-04,345.9
2010-07-04,346.02
2010-07-04,346.07
2010-07-04,346.05
2010-07-05,346.09
2010-07-05,346.04
2010-07-05,346.08
2010-07-05,346.0
2010-07-06,345.93
2010-07-06,346.03
2010-07-06,346.05
2010-07-06,346.0
2010-07-07,345.94
2010-07-07,346.02
2010-07-07,346.04
2010-07-07,345.98
2010-07-08,346.02
2010-07-08,346.06
2010-07-08,345.97
2010-07-08,346.03
2010-07-09,345.99
2010-07-09,346.06
2010-07-09,346.08
2010-07-09,346.04
2010-07-10,346.11
2010-07-10,346.03
2010-07-10,346.08
2010-07-10,346.07
2010-07-11,346.11
2010-07-11,346.13
2010-07-11,346.07
2010-07-11,346.02
2010-07-12,346.14
2010-07-12,346.16
2010-07-12,346.1
2010-07-12,346.07
2010-07-13,346.11
2010-07-13,346.1
2010-07-13,346.03
2010-07-13,346.14
2010-07-14,346.05
2010-07-14,346.11
2010-07-14,346.1
2010-07-14,346.15
2010-07-15,346.1
2010-07-15,346.19
2010-07-15,346.14
2010-07-15,346.16
2010-07-16,346.12
2010-07-16,346.17
2010-07-16,346.22
2010-07-16,346.21
2010-07-17,346.12
2010-07-17,346.18
2010-07-17,346.22
2010-07-17,346.2
2010-07-18,346.17
2010-07-18,346.19
2010-07-18,346.08
2010-07-18,346.14
2010-07-19,346.05
2010-07-19,346.11
2010-07-19,346.17
2010-07-19,346.14
2010-07-20,346.08
2010-07-20,346.02
2010-07-20,346.13
2010-07-20,346.11
2010-07-21,346.14
2010-07-21,346.05
2010-07-21,346.09
2010-07-21,346.11
2010-07-22,346.14
2010-07-22,346.16
2010-07-22,346.2
2010-07-22,346.08
2010-07-23,346.24
2010-07-23,346.13
2010-07-23,346.18
2010-07-23,346.19
2010-07-24,346.24
2010-07-24,346.24
2010-07-24,346.19
2010-07-24,346.14
2010-07-25,346.19
2010-07-25,346.23
2010-07-25,346.14
2010-07-25,346.24
2010-07-27,346.25
2010-07-28,346.34
2010-07-28,346.3
2010-07-28,346.24
2010-07-28,346.36
2010-07-29,346.37
2010-07-29,346.33
2010-07-29,346.38
2010-07-29,346.27
2010-07-30,346.32
2010-07-30,346.32
2010-07-30,346.35
2010-07-30,346.24
2010-07-31,346.34
2010-07-31,346.25
2010-07-31,346.3
2010-07-31,346.32
2010-08-01,346.34
2010-08-01,346.3
2010-08-01,346.24
2010-08-01,346.32
2010-08-02,346.34
2010-08-02,346.37
2010-08-02,346.34
2010-08-02,346.29
2010-08-03,346.4
2010-08-03,346.38
2010-08-03,346.3
2010-08-03,346.34
2010-08-04,346.33
2010-08-04,346.37
2010-08-04,346.33
2010-08-04,346.27
2010-08-05,346.28
2010-08-05,346.27
2010-08-05,346.21
2010-08-05,346.31
2010-08-06,346.28
2010-08-06,346.31
2010-08-06,346.2
2010-08-06,346.25
2010-08-07,346.31
2010-08-07,346.34
2010-08-07,346.28
2010-08-07,346.23
2010-08-08,346.34
2010-08-08,346.3
2010-08-08,346.38
2010-08-08,346.39
2010-08-09,346.31
2010-08-09,346.4
2010-08-09,346.37
2010-08-09,346.42
2010-08-10,346.39
2010-08-10,346.43
2010-08-10,346.45
2010-08-10,346.35
2010-08-11,346.48
2010-08-11,346.45
2010-08-11,346.43
2010-08-11,346.38
2010-08-12,346.39
2010-08-12,346.41
2010-08-12,346.3
2010-08-12,346.44
2010-08-13,346.4
2010-08-13,346.41
2010-08-13,346.37
2010-08-13,346.31
2010-08-14,346.41
2010-08-14,346.43
2010-08-14,346.35
2010-08-14,346.45
2010-08-15,346.48
2010-08-15,346.39
2010-08-15,346.45
2010-08-15,346.49
2010-08-16,346.45
2010-08-16,346.55
2010-08-16,346.4
2010-08-16,346.48
2010-08-17,346.53
2010-08-17,346.47
2010-08-17,346.59
2010-08-17,346.54
2010-08-18,346.55
2010-08-18,346.58
2010-08-18,346.49
2010-08-18,346.6
2010-08-19,346.54
2010-08-19,346.42
2010-08-19,346.51
2010-08-19,346.49
2010-08-20,346.44
2010-08-20,346.46
2010-08-20,346.37
2010-08-20,346.47
2010-08-21,346.56
2010-08-21,346.42
2010-08-21,346.5
2010-08-21,346.54
2010-08-22,346.61
2010-08-22,346.51
2010-08-22,346.56
2010-08-22,346.59
2010-08-23,346.5
2010-08-23,346.59
2010-08-23,346.61
2010-08-23,346.57
2010-08-24,346.55
2010-08-24,346.56
2010-08-24,346.6
2010-08-24,346.48
2010-08-25,346.64
2010-08-25,346.59
2010-08-25,346.6
2010-08-25,346.55
2010-08-26,346.61
2010-08-26,346.61
2010-08-26,346.53
2010-08-26,346.65
2010-08-27,346.56
2010-08-27,346.54
2010-08-27,346.61
2010-08-27,346.47
2010-08-28,346.48
2010-08-28,346.4
2010-08-28,346.49
2010-08-28,346.52
2010-08-29,346.5
2010-08-29,346.45
2010-08-29,346.52
2010-08-29,346.56
2010-08-30,346.61
2010-08-30,346.65
2010-08-30,346.69
2010-08-30,346.55
2010-08-31,346.68
2010-08-31,346.72
2010-08-31,346.71
2010-08-31,346.64
2010-09-01,346.67
2010-09-01,346.58
2010-09-01,346.67
2010-09-01,346.71
2010-09-02,346.67
2010-09-02,346.69
2010-09-02,346.76
2010-09-02,346.62
2010-09-03,346.76
2010-09-03,346.8
2010-09-03,346.7
2010-09-03,346.74
2010-09-04,346.76
2010-09-04,346.78
2010-09-04,346.63
2010-09-04,346.73
2010-09-05,346.5
2010-09-05,346.62
2010-09-05,346.61
2010-09-05,346.69
2010-09-06,346.61
2010-09-06,346.57
2010-09-06,346.64
2010-09-06,346.51
2010-09-07,346.59
2010-09-07,346.7
2010-09-07,346.72
2010-09-07,346.67
2010-09-08,346.75
2010-09-08,346.76
2010-09-08,346.65
2010-09-08,346.71
2010-09-09,346.71
2010-09-09,346.76
2010-09-09,346.81
2010-09-09,346.8
2010-09-10,346.86
2010-09-10,346.82
2010-09-10,346.88
2010-09-10,346.78
2010-09-11,346.86
2010-09-11,346.88
2010-09-11,346.81
2010-09-11,346.91
2010-09-12,346.91
2010-09-12,346.86
2010-09-12,346.8
2010-09-12,346.91
2010-09-13,346.87
2010-09-13,346.79
2010-09-13,346.89
2010-09-13,346.85
2010-09-14,346.85
2010-09-14,346.8
2010-09-14,346.91
2010-09-14,346.9
2010-09-15,346.91
2010-09-15,346.78
2010-09-15,346.89
2010-09-15,346.84
2010-09-16,346.85
2010-09-16,346.81
2010-09-16,346.73
2010-09-16,346.83
2010-09-17,346.71
2010-09-17,346.81
2010-09-17,346.76
2010-09-17,346.8
2010-09-18,346.85
2010-09-18,346.75
2010-09-18,346.79
2010-09-18,346.84
2010-09-19,346.81
2010-09-19,346.69
2010-09-19,346.78
2010-09-19,346.83
2010-09-20,346.68
2010-09-20,346.71
2010-09-20,346.61
2010-09-20,346.74
2010-09-21,346.72
2010-09-21,346.68
2010-09-21,346.61
2010-09-21,346.76
2010-09-22,346.65
2010-09-22,346.72
2010-09-22,346.8
2010-09-22,346.73
2010-09-23,346.87
2010-09-23,346.77
2010-09-23,346.99
2010-09-23,346.88
2010-09-24,347.07
2010-09-24,347.08
2010-09-24,346.95
2010-09-24,347.02
2010-09-25,347.08
2010-09-25,346.9
2010-09-25,347.05
2010-09-25,347.03
2010-09-26,346.95
2010-09-26,346.93
2010-09-26,347.0
2010-09-26,346.84
2010-09-27,346.95
2010-09-27,346.82
2010-09-27,346.9
2010-09-27,346.91
2010-09-28,346.97
2010-09-28,346.95
2010-09-28,346.88
2010-09-28,346.92
2010-09-29,346.79
2010-09-29,346.88
2010-09-29,346.94
2010-09-29,346.91
2010-09-30,346.9
2010-09-30,346.91
2010-09-30,346.83
2010-09-30,347.04
2010-10-01,347.03
2010-10-01,347.07
2010-10-01,346.93
2010-10-02,347.1
2010-10-02,346.99
2010-10-02,347.05
2010-10-03,347.1
2010-10-03,346.97
2010-10-03,347.05
2010-10-04,347.02
2010-10-04,346.95
2010-10-04,347.07
2010-10-05,347.02
2010-10-05,347.07
2010-10-05,346.94
2010-10-06,347.14
2010-10-06,346.99
2010-10-06,347.09
2010-10-07,347.11
2010-10-07,347.14
2010-10-07,347.22
2010-10-08,347.2
2010-10-08,347.1
2010-10-08,347.15
2010-10-09,347.07
2010-10-09,347.22
2010-10-09,347.15
2010-10-10,346.93
2010-10-10,347.06
2010-10-10,347.14
2010-10-11,346.91
2010-10-11,347.03
2010-10-11,346.97
2010-10-17,347.09
2010-10-17,347.03
2010-10-17,347.15
2010-10-18,347.04
2010-10-18,346.97
2010-10-18,347.09
2010-10-19,346.91
2010-10-19,347.02
2010-10-19,346.98
2010-10-20,347.18
2010-10-20,347.08
2010-10-20,346.98
2010-10-21,347.12
2010-10-21,347.17
2010-10-21,347.22
2010-10-22,347.17
2010-10-22,347.21
2010-10-22,347.13
2010-10-23,347.22
2010-10-23,347.29
2010-10-23,347.15
2010-10-24,347.26
2010-10-24,347.31
2010-10-24,347.19
2010-10-25,347.09
2010-10-25,347.01
2010-10-25,347.21
2010-10-26,347.0
2010-10-26,347.12
2010-10-26,347.06
2010-10-27,347.09
2010-10-27,347.34
2010-10-27,347.27
2010-10-28,347.36
2010-10-28,347.26
2010-10-28,347.32
2010-10-29,347.26
2010-10-29,347.33
2010-10-29,347.16
2010-10-30,347.25
2010-10-30,347.14
2010-10-30,347.34
2010-10-31,347.31
2010-10-31,347.34
2010-10-31,347.41
2010-11-01,347.43
2010-11-01,347.49
2010-11-01,347.37
2010-11-02,347.33
2010-11-02,347.48
2010-11-02,347.42
2010-11-03,347.4
2010-11-03,347.26
2010-11-03,347.34
2010-11-08,347.21
2010-11-08,347.29
2010-11-08,347.12
2010-11-09,347.25
2010-11-09,347.32
2010-11-09,347.2
2010-11-10,347.16
2010-11-10,347.28
2010-11-10,347.23
2010-11-11,347.47
2010-11-11,347.25
2010-11-11,347.65
2010-11-12,347.61
2010-11-12,347.69
2010-11-12,347.54
2010-11-15,347.4
2010-11-15,347.29
2010-11-15,347.34
2010-11-16,347.25
2010-11-16,347.38
2010-11-16,347.33
2010-11-18,347.34
2010-11-18,347.5
2010-11-18,347.42
2010-11-20,347.25
2010-11-20,347.31
2010-11-20,347.17
2010-11-21,347.38
2010-11-21,347.51
2010-11-21,347.25
2010-11-22,347.48
2010-11-22,347.53
2010-11-22,347.59
2010-11-23,347.38
2010-11-23,347.44
2010-11-23,347.54
2010-11-24,347.3
2010-11-24,347.43
2010-11-24,347.35
2010-11-25,347.72
2010-11-25,347.41
2010-11-25,347.6
2010-11-26,347.63
2010-11-26,347.52
2010-11-26,347.71
2010-11-27,347.54
2010-11-27,347.41
2010-11-27,347.29
2010-11-28,347.53
2010-11-28,347.38
2010-11-28,347.29
2010-11-29,347.53
2010-11-29,347.89
2010-11-29,347.73
2010-11-30,347.71
2010-11-30,347.91
2010-11-30,347.84
2010-12-01,347.73
2010-12-01,347.58
2010-12-01,347.51
2010-12-02,347.53
2010-12-02,347.47
2010-12-02,347.58
2010-12-03,347.55
2010-12-03,347.5
2010-12-03,347.42
2010-12-04,347.54
2010-12-04,347.46
2010-12-04,347.61
2010-12-05,347.53
2010-12-05,347.72
2010-12-05,347.58
2010-12-06,347.65
2010-12-06,347.69
2010-12-06,347.74
2010-12-07,347.69
2010-12-07,347.64
2010-12-07,347.74
2010-12-08,347.7
2010-12-08,347.59
2010-12-08,347.65
2010-12-09,347.61
2010-12-09,347.55
2010-12-09,347.65
2010-12-10,347.64
2010-12-10,347.59
2010-12-10,347.53
2010-12-11,347.55
2010-12-11,347.7
2010-12-11,347.62
2010-12-12,347.77
2010-12-12,347.68
2010-12-12,347.59
2010-12-13,347.48
2010-12-13,347.63
2010-12-13,347.54
2010-12-14,347.38
2010-12-14,347.45
2010-12-14,347.52
2010-12-15,347.39
2010-12-15,347.43
2010-12-15,347.49
2010-12-16,347.46
2010-12-16,347.52
2010-12-16,347.39
2010-12-17,347.56
2010-12-17,347.63
2010-12-17,347.49
2010-12-18,347.57
2010-12-18,347.68
2010-12-18,347.63
2010-12-19,347.61
2010-12-19,347.55
2010-12-19,347.43
2010-12-20,347.51
2010-12-20,347.45
2010-12-20,347.38
2010-12-21,347.62
2010-12-21,347.48
2010-12-21,347.56
2010-12-22,347.42
2010-12-22,347.51
2010-12-22,347.73
2010-12-23,347.72
2010-12-23,347.92
2010-12-23,347.87
2010-12-24,347.94
2010-12-24,347.81
2010-12-24,347.88
2010-12-25,347.66
2010-12-25,347.75
2010-12-25,347.83
2010-12-26,347.71
2010-12-26,347.88
2010-12-26,347.84
2010-12-27,347.86
2010-12-27,347.82
2010-12-27,347.75
2010-12-28,347.81
2010-12-28,347.62
2010-12-28,347.73
2010-12-29,347.27
2010-12-29,347.41
2010-12-29,347.63
2010-12-30,347.47
2010-12-30,347.31
2010-12-30,347.58
2010-12-31,347.74
2010-12-31,347.9
2010-12-31,347.55
2011-01-01,347.99
2011-01-01,348.03
2011-01-01,347.86
2011-01-02,347.99
2011-01-02,347.87
2011-01-02,347.75
2011-01-03,347.81
2011-01-03,347.92
2011-01-03,347.73
2011-01-04,348.0
2011-01-04,347.89
2011-01-04,347.95
2011-01-05,348.05
2011-01-05,347.9
2011-01-05,347.98
2011-01-06,347.91
2011-01-06,347.82
2011-01-06,347.98
2011-01-07,347.74
2011-01-07,347.68
2011-01-07,347.84
2011-01-08,347.64
2011-01-08,347.76
2011-01-08,347.68
2011-01-09,347.64
2011-01-09,347.76
2011-01-09,347.69
2011-01-10,347.83
2011-01-10,347.73
2011-01-10,347.96
2011-01-11,347.91
2011-01-11,348.03
2011-01-11,347.96
2011-01-12,348.03
2011-01-12,348.11
2011-01-12,347.99
2011-01-13,348.1
2011-01-13,347.92
2011-01-13,348.02
2011-01-14,347.98
2011-01-14,347.94
2011-01-14,347.88
2011-01-15,347.83
2011-01-15,347.98
2011-01-15,347.89
2011-01-16,347.76
2011-01-16,347.9
2011-01-16,347.83
2011-01-17,347.69
2011-01-17,347.76
2011-01-17,347.84
2011-01-18,347.65
2011-01-18,347.71
2011-01-18,347.78
2011-01-19,347.75
2011-01-19,347.69
2011-01-19,347.6
2011-01-20,347.93
2011-01-20,347.75
2011-01-20,347.87
2011-01-21,347.82
2011-01-21,347.87
2011-01-21,347.95
2011-01-22,347.72
2011-01-22,347.79
2011-01-22,347.85
2011-01-23,348.0
2011-01-23,347.82
2011-01-23,347.93
2011-01-24,347.85
2011-01-24,347.96
2011-01-24,347.9
2011-01-25,347.96
2011-01-25,347.85
2011-01-25,347.91
2011-01-26,347.91
2011-01-26,348.07
2011-01-26,347.98
2011-01-27,348.11
2011-01-27,348.05
2011-01-27,347.97
2011-01-28,347.85
2011-01-28,347.93
2011-01-28,347.99
2011-01-29,347.87
2011-01-29,347.99
2011-01-29,347.92
2011-01-30,347.85
2011-01-30,347.93
2011-01-30,348.01
2011-01-31,347.87
2011-01-31,347.94
2011-01-31,348.0
2011-02-01,347.82
2011-02-01,347.91
2011-02-01,347.99
2011-02-02,348.26
2011-02-02,347.97
2011-02-02,348.14
2011-02-03,348.32
2011-02-03,348.18
2011-02-03,348.23
2011-02-04,348.04
2011-02-04,348.23
2011-02-04,348.13
2011-02-05,348.09
2011-02-05,347.84
2011-02-05,347.96
2011-02-06,347.99
2011-02-06,348.1
2011-02-06,347.89
2011-02-07,347.77
2011-02-07,347.99
2011-02-07,348.1
2011-02-08,347.66
2011-02-08,347.87
2011-02-08,347.73
2011-02-09,347.86
2011-02-09,347.94
2011-02-09,348.01
2011-02-10,348.03
2011-02-10,347.97
2011-02-10,347.91
2011-02-11,348.2
2011-02-11,348.08
2011-02-11,347.98
2011-02-12,348.25
2011-02-12,348.09
2011-02-12,348.17
2011-02-13,348.15
2011-02-13,348.06
2011-02-13,347.98
2011-02-14,348.11
2011-02-14,348.18
2011-02-14,348.04
2011-02-15,348.06
2011-02-15,348.17
2011-02-15,347.95
2011-02-16,347.9
2011-02-16,347.97
2011-02-16,347.85
2011-02-17,347.94
2011-02-17,347.89
2011-02-17,348.02
2011-02-18,347.73
2011-02-18,348.01
2011-02-18,347.88
2011-02-19,347.79
2011-02-19,347.7
2011-02-19,347.86
2011-02-20,347.84
2011-02-20,347.99
2011-02-20,348.08
2011-02-21,347.92
2011-02-21,348.05
2011-02-21,348.01
2011-02-22,347.99
2011-02-22,348.09
2011-02-22,348.04
2011-02-23,348.09
2011-02-23,348.18
2011-02-23,348.03
2011-02-24,348.15
2011-02-24,348.29
2011-02-24,348.22
2011-02-25,348.15
2011-02-25,348.24
2011-02-25,347.93
2011-02-26,347.81
2011-02-26,347.72
2011-02-26,347.93
2011-02-27,348.34
2011-02-27,348.12
2011-02-27,347.79
2011-02-28,348.25
2011-02-28,348.38
2011-02-28,348.33
2011-03-01,348.2
2011-03-01,348.27
2011-03-01,348.31
2011-03-02,348.36
2011-03-02,348.23
2011-03-02,348.3
2011-03-03,348.18
2011-03-03,348.26
2011-03-03,348.32
2011-03-04,348.34
2011-03-04,348.17
2011-03-04,348.26
2011-03-05,348.33
2011-03-05,348.12
2011-03-05,348.23
2011-03-06,348.15
2011-03-06,348.04
2011-03-06,347.95
2011-03-07,347.89
2011-03-07,347.96
2011-03-07,348.04
2011-03-08,348.34
2011-03-08,348.02
2011-03-08,348.19
2011-03-09,348.32
2011-03-09,348.27
2011-03-09,348.36
2011-03-10,348.33
2011-03-10,348.28
2011-03-10,348.17
2011-03-11,348.08
2011-03-11,348.14
2011-03-11,348.2
2011-03-12,348.11
2011-03-12,348.16
2011-03-12,348.21
2011-03-13,348.17
2011-03-13,348.33
2011-03-13,348.25
2011-03-14,348.31
2011-03-14,348.25
2011-03-14,348.18
2011-03-15,348.17
2011-03-15,348.24
2011-03-15,348.09
2011-03-16,348.2
2011-03-16,348.15
2011-03-16,348.08
2011-03-17,348.21
2011-03-17,348.13
2011-03-17,348.09
2011-03-18,348.26
2011-03-18,348.12
2011-03-18,348.19
2011-03-19,348.21
2011-03-19,348.12
2011-03-19,348.04
2011-03-20,347.92
2011-03-20,347.72
2011-03-20,348.08
2011-03-21,347.74
2011-03-21,347.99
2011-03-21,348.16
2011-03-22,348.15
2011-03-22,348.27
2011-03-22,348.21
2011-03-23,348.25
2011-03-23,348.04
2011-03-23,348.14
2011-03-24,348.25
2011-03-24,348.11
2011-03-24,348.21
2011-03-25,348.13
2011-03-25,348.25
2011-03-25,348.2
2011-03-26,348.23
2011-03-26,348.13
2011-03-26,348.19
2011-03-27,348.19
2011-03-27,348.26
2011-03-27,348.15
2011-03-28,348.2
2011-03-28,348.14
2011-03-28,348.24
2011-03-29,348.31
2011-03-29,348.17
2011-03-29,348.26
2011-03-30,348.45
2011-03-30,348.37
2011-03-30,348.27
2011-03-31,348.27
2011-03-31,348.45
2011-03-31,348.38
2011-04-01,348.3
2011-04-01,348.15
2011-04-01,348.24
2011-04-02,348.17
2011-04-02,348.22
2011-04-02,348.3
2011-04-03,348.44
2011-04-03,348.25
2011-04-03,348.32
2011-04-04,348.39
2011-04-04,348.44
2011-04-04,348.5
2011-04-06,348.35
2011-04-06,348.31
2011-04-06,348.25
2011-04-07,348.26
2011-04-07,348.13
2011-04-07,348.34
2011-04-08,348.13
2011-04-08,348.08
2011-04-08,348.17
2011-04-09,348.52
2011-04-09,348.15
2011-04-09,348.35
2011-04-10,348.74
2011-04-10,348.64
2011-04-10,348.52
2011-04-11,348.72
2011-04-11,348.6
2011-04-11,348.43
2011-04-12,348.37
2011-04-12,348.41
2011-04-12,348.48
2011-04-13,348.48
2011-04-13,348.56
2011-04-13,348.42
2011-04-14,348.57
2011-04-14,348.52
2011-04-14,348.65
2011-04-15,348.56
2011-04-15,348.48
2011-04-15,348.35
2011-04-16,348.29
2011-04-16,348.39
2011-04-16,348.21
2011-04-17,348.24
2011-04-17,348.29
2011-04-17,348.19
2011-04-18,348.32
2011-04-18,348.39
2011-04-18,348.24
2011-04-19,348.33
2011-04-19,348.37
2011-04-19,348.45
2011-04-20,348.49
2011-04-20,348.38
2011-04-20,348.44
2011-04-21,348.52
2011-04-21,348.47
2011-04-21,348.4
2011-04-22,348.41
2011-04-22,348.33
2011-04-22,348.45
2011-04-23,348.37
2011-04-23,348.32
2011-04-23,348.42
2011-04-24,348.44
2011-04-24,348.38
2011-04-24,348.52
2011-04-25,348.4
2011-04-25,348.57
2011-04-25,348.51
2011-04-26,348.4
2011-04-26,348.45
2011-04-26,348.36
2011-04-27,348.41
2011-04-27,348.55
2011-04-27,348.46
2011-04-28,348.5
2011-04-28,348.54
2011-04-28,348.42
2011-04-29,348.45
2011-04-29,348.35
2011-04-29,348.4
2011-04-30,348.37
2011-04-30,348.54
2011-04-30,348.46
2011-05-01,348.6
2011-05-01,348.68
2011-05-01,348.51
2011-05-02,348.77
2011-05-02,348.7
2011-05-02,348.61
2011-05-03,348.67
2011-05-03,348.43
2011-05-03,348.55
2011-05-04,348.47
2011-05-04,348.54
2011-05-04,348.42
2011-05-05,348.49
2011-05-05,348.54
2011-05-05,348.43
2011-05-06,348.42
2011-05-06,348.48
2011-05-06,348.34
2011-05-07,348.33
2011-05-07,348.42
2011-05-07,348.38
2011-05-08,348.42
2011-05-08,348.3
2011-05-08,348.37
2011-05-09,348.28
2011-05-09,348.39
2011-05-09,348.34
2011-05-10,348.41
2011-05-10,348.33
2011-05-10,348.49
2011-05-11,348.44
2011-05-11,348.61
2011-05-11,348.52
2011-05-12,348.65
2011-05-12,348.56
2011-05-12,348.61
2011-05-13,348.52
2011-05-13,348.46
2011-05-13,348.64
2011-05-14,348.47
2011-05-14,348.53
2011-05-14,348.39
2011-05-15,348.54
2011-05-15,348.6
2011-05-15,348.46
2011-05-16,348.52
2011-05-16,348.56
2011-05-16,348.62
2011-05-17,348.58
2011-05-17,348.53
2011-05-17,348.45
2011-05-18,348.31
2011-05-18,348.34
2011-05-18,348.48
2011-05-19,348.51
2011-05-19,348.4
2011-05-19,348.61
2011-05-20,348.62
2011-05-20,348.66
2011-05-20,348.57
2011-05-21,348.5
2011-05-21,348.63
2011-05-21,348.57
2011-05-22,348.51
2011-05-22,348.45
2011-05-22,348.54
2011-05-23,348.61
2011-05-23,348.56
2011-05-23,348.51
2011-05-24,348.56
2011-05-24,348.63
2011-05-24,348.68
2011-05-25,348.67
2011-05-25,348.63
2011-05-25,348.6
2011-05-26,348.62
2011-05-26,348.68
2011-05-26,348.57
2011-05-27,348.52
2011-05-27,348.64
2011-05-27,348.58
2011-05-28,348.55
2011-05-28,348.46
2011-05-28,348.38
2011-05-29,348.32
2011-05-29,348.37
2011-05-29,348.56
2011-05-30,348.54
2011-05-30,348.64
2011-05-30,348.72
2011-05-31,348.74
2011-05-31,348.63
2011-05-31,348.69
2011-06-01,348.73
2011-06-01,348.65
2011-06-01,348.7
2011-06-02,348.69
2011-06-02,348.75
2011-06-02,348.58
2011-06-03,348.5
2011-06-03,348.62
2011-06-03,348.57
2011-06-04,348.71
2011-06-04,348.66
2011-06-04,348.57
2011-06-05,348.74
2011-06-05,348.67
2011-06-05,348.63
2011-06-06,348.65
2011-06-06,348.6
2011-06-06,348.73
2011-06-07,348.6
2011-06-07,348.53
2011-06-07,348.65
2011-06-08,348.68
2011-06-08,348.56
2011-06-08,348.63
2011-06-09,348.69
2011-06-09,348.61
2011-06-09,348.65
2011-06-10,348.66
2011-06-10,348.61
2011-06-10,348.55
2011-06-11,348.54
2011-06-11,348.59
2011-06-11,348.49
2011-06-12,348.54
2011-06-12,348.47
2011-06-12,348.64
2011-06-13,348.59
2011-06-13,348.66
2011-06-13,348.72
2011-06-14,348.65
2011-06-14,348.75
2011-06-14,348.69
2011-06-15,348.53
2011-06-15,348.61
2011-06-15,348.67
2011-06-16,348.55
2011-06-16,348.48
2011-06-16,348.59
2011-06-17,348.54
2011-06-17,348.58
2011-06-17,348.66
2011-06-18,348.6
2011-06-18,348.69
2011-06-18,348.65
2011-06-19,348.51
2011-06-19,348.58
2011-06-19,348.64
2011-06-20,348.53
2011-06-20,348.62
2011-06-20,348.57
2011-06-21,348.57
2011-06-21,348.63
2011-06-21,348.68
2011-06-22,348.68
2011-06-22,348.64
2011-06-22,348.72
2011-06-23,348.67
2011-06-23,348.76
2011-06-23,348.72
2011-06-24,348.7
2011-06-24,348.75
2011-06-24,348.67
2011-06-25,348.68
2011-06-25,348.64
2011-06-25,348.73
2011-06-26,348.64
2011-06-26,348.73
2011-06-26,348.68
2011-06-27,348.62
2011-06-27,348.71
2011-06-27,348.68
2011-06-28,348.62
2011-06-28,348.69
2011-06-28,348.72
2011-06-29,348.68
2011-06-29,348.77
2011-06-29,348.72
2011-06-30,348.74
2011-06-30,348.69
2011-06-30,348.82
2011-07-01,348.74
2011-07-01,348.59
2011-07-01,348.68
2011-07-02,348.59
2011-07-02,348.67
2011-07-02,348.64
2011-07-03,348.62
2011-07-03,348.68
2011-07-03,348.77
2011-07-04,348.76
2011-07-04,348.71
2011-07-04,348.84
2011-07-05,348.87
2011-07-05,348.83
2011-07-05,348.77
2011-07-06,348.85
2011-07-06,348.81
2011-07-06,348.89
2011-07-07,348.75
2011-07-07,348.83
2011-07-07,348.88
2011-07-08,348.66
2011-07-08,348.75
2011-07-08,348.8
2011-07-09,348.66
2011-07-09,348.71
2011-07-09,348.75
2011-07-10,348.67
2011-07-10,348.72
2011-07-10,348.77
2011-07-11,348.84
2011-07-11,348.75
2011-07-11,348.8
2011-07-12,348.8
2011-07-12,348.85
2011-07-12,348.76
2011-07-13,348.74
2011-07-13,348.86
2011-07-13,348.79
2011-07-14,348.84
2011-07-14,348.79
2011-07-14,348.73
2011-07-15,348.81
2011-07-15,348.68
2011-07-15,348.75
2011-07-16,348.79
2011-07-16,348.69
2011-07-16,348.74
2011-07-17,348.81
2011-07-17,348.76
2011-07-17,348.72
2011-07-18,348.87
2011-07-18,348.81
2011-07-18,348.76
2011-07-19,348.85
2011-07-19,348.89
2011-07-19,348.8
2011-07-20,348.89
2011-07-20,348.8
2011-07-20,348.85
2011-07-21,348.8
2011-07-21,348.87
2011-07-21,348.73
2011-07-22,348.78
2011-07-22,348.72
2011-07-22,348.82
2011-07-23,348.84
2011-07-23,348.79
2011-07-23,348.92
2011-07-24,348.88
2011-07-24,348.92
2011-07-24,348.97
2011-07-25,348.97
2011-07-25,348.89
2011-07-25,348.8
2011-07-26,348.67
2011-07-26,348.83
2011-07-26,348.78
2011-07-27,348.78
2011-07-27,348.71
2011-07-27,348.74
2011-07-28,348.75
2011-07-28,348.77
2011-07-28,348.82
2011-07-29,348.85
2011-07-29,348.77
2011-07-29,348.81
2011-07-30,348.81
2011-07-30,348.77
2011-07-30,348.86
2011-07-31,348.79
2011-07-31,348.84
2011-07-31,348.92
2011-08-01,348.87
2011-08-01,348.9
2011-08-01,348.82
2011-08-02,348.76
2011-08-02,348.88
2011-08-02,348.83
2011-08-03,348.81
2011-08-03,348.73
2011-08-03,348.78
2011-08-04,348.74
2011-08-04,348.82
2011-08-04,348.78
2011-08-05,348.85
2011-08-05,348.79
2011-08-05,348.81
2011-08-06,348.83
2011-08-06,348.79
2011-08-06,348.87
2011-08-07,348.87
2011-08-07,348.83
2011-08-07,348.77
2011-08-08,348.78
2011-08-08,348.82
2011-08-08,348.87
2011-08-09,348.79
2011-08-09,348.84
2011-08-09,348.75
2011-08-10,348.76
2011-08-10,348.8
2011-08-10,348.85
2011-08-11,348.81
2011-08-11,348.89
2011-08-11,348.84
2011-08-12,348.84
2011-08-12,348.87
2011-08-12,348.79
2011-08-13,348.86
2011-08-13,348.82
2011-08-13,348.79
2011-08-14,348.82
2011-08-14,348.76
2011-08-14,348.86
2011-08-15,348.84
2011-08-15,348.77
2011-08-15,348.81
2011-08-16,348.81
2011-08-16,348.85
2011-08-16,348.92
2011-08-17,348.84
2011-08-17,348.95
2011-08-17,348.9
2011-08-18,348.87
2011-08-18,348.91
2011-08-18,348.8
2011-08-19,348.85
2011-08-19,348.81
2011-08-19,348.76
2011-08-20,348.88
2011-08-20,348.8
2011-08-20,348.83
2011-08-21,348.88
2011-08-21,348.86
2011-08-21,348.93
2011-08-22,348.91
2011-08-22,348.88
2011-08-22,348.95
2011-08-23,348.87
2011-08-23,348.8
2011-08-23,348.91
2011-08-24,348.8
2011-08-24,348.89
2011-08-24,348.85
2011-08-25,348.82
2011-08-25,348.76
2011-08-25,348.86
2011-08-26,348.87
2011-08-26,348.83
2011-08-26,348.79
2011-08-27,348.84
2011-08-27,348.88
2011-08-27,348.92
2011-08-28,348.86
2011-08-28,348.9
2011-08-28,348.8
2011-08-29,348.8
2011-08-29,348.75
2011-08-29,348.86
2011-08-30,348.71
2011-08-30,348.82
2011-08-30,348.78
2011-08-31,348.74
2011-08-31,348.77
2011-08-31,348.82
2011-09-01,348.87
2011-09-01,348.81
2011-09-01,348.79
2011-09-02,348.83
2011-09-02,348.86
2011-09-02,348.92
2011-09-03,348.91
2011-09-03,348.87
2011-09-03,348.85
2011-09-04,348.83
2011-09-04,348.87
2011-09-04,348.89
2011-09-05,348.88
2011-09-05,348.93
2011-09-05,348.83
2011-09-06,348.86
2011-09-06,348.96
2011-09-06,348.91
2011-09-07,348.96
2011-09-07,348.91
2011-09-07,349.01
2011-09-08,349.01
2011-09-08,348.97
2011-09-08,348.86
2011-09-09,348.69
2011-09-09,348.88
2011-09-09,348.79
2011-09-10,348.76
2011-09-10,348.85
2011-09-10,348.73
2011-09-11,348.83
2011-09-11,348.9
2011-09-11,348.97
2011-09-12,348.94
2011-09-12,349.02
2011-09-12,348.98
2011-09-13,348.95
2011-09-13,348.91
2011-09-13,349.01
2011-09-14,348.93
2011-09-14,348.79
2011-09-14,348.87
2011-09-15,348.84
2011-09-15,348.8
2011-09-15,348.75
2011-09-16,348.77
2011-09-16,348.82
2011-09-16,348.86
2011-09-17,348.93
2011-09-17,348.88
2011-09-17,348.85
2011-09-18,348.93
2011-09-18,348.88
2011-09-18,348.97
2011-09-19,348.94
2011-09-19,348.82
2011-09-19,348.89
2011-09-20,348.86
2011-09-20,348.81
2011-09-20,348.74
2011-09-21,348.78
2011-09-21,348.81
2011-09-21,348.75
2011-09-22,348.78
2011-09-22,348.82
2011-09-22,348.87
2011-09-23,348.85
2011-09-23,348.8
2011-09-23,348.9
2011-09-24,348.75
2011-09-24,348.85
2011-09-24,348.81
2011-09-25,348.83
2011-09-25,348.72
2011-09-25,348.77
2011-09-26,348.72
2011-09-26,348.8
2011-09-26,348.75
2011-09-27,348.84
2011-09-27,348.79
2011-09-27,348.74
2011-09-28,348.82
2011-09-28,348.76
2011-09-28,348.85
2011-09-29,348.84
2011-09-29,348.76
2011-09-29,348.81
2011-09-30,348.8
2011-09-30,348.84
2011-09-30,348.74
2011-10-01,348.74
2011-10-01,348.77
2011-10-01,348.81
2011-10-02,348.76
2011-10-02,348.85
2011-10-02,348.79
2011-10-03,348.7
2011-10-03,348.79
2011-10-03,348.75
2011-10-04,348.71
2011-10-04,348.75
2011-10-04,348.68
2011-10-05,348.54
2011-10-05,348.74
2011-10-05,348.68
2011-10-06,348.6
2011-10-06,348.65
2011-10-06,348.73
2011-10-07,348.8
2011-10-07,348.72
2011-10-07,348.86
2011-10-08,348.82
2011-10-08,348.87
2011-10-08,348.74
2011-10-09,348.76
2011-10-09,348.81
2011-10-09,348.66
2011-10-10,348.64
2011-10-10,348.74
2011-10-10,348.69
2011-10-11,348.68
2011-10-11,348.62
2011-10-11,348.71
2011-10-12,348.75
2011-10-12,348.69
2011-10-12,348.65
2011-10-13,348.68
2011-10-13,348.71
2011-10-13,348.6
2011-10-14,348.69
2011-10-14,348.65
2011-10-14,348.61
2011-10-15,348.64
2011-10-15,348.73
2011-10-15,348.68
2011-10-16,348.81
2011-10-16,348.76
2011-10-16,348.71
2011-10-17,348.75
2011-10-17,348.79
2011-10-17,348.84
2011-10-18,348.67
2011-10-18,348.76
2011-10-18,348.8
2011-10-19,348.62
2011-10-19,348.69
2011-10-19,348.57
2011-10-20,348.64
2011-10-20,348.72
2011-10-20,348.6
2011-10-21,348.69
2011-10-21,348.72
2011-10-21,348.76
2011-10-22,348.77
2011-10-22,348.72
2011-10-22,348.65
2011-10-23,348.66
2011-10-23,348.59
2011-10-23,348.7
2011-10-24,348.61
2011-10-24,348.65
2011-10-24,348.7
2011-10-25,348.67
2011-10-25,348.6
2011-10-25,348.72
2011-10-26,348.54
2011-10-26,348.61
2011-10-26,348.66
2011-10-27,348.66
2011-10-27,348.63
2011-10-27,348.56
2011-10-28,348.61
2011-10-28,348.65
2011-10-28,348.7
2011-10-29,348.68
2011-10-29,348.63
2011-10-29,348.58
2011-10-30,348.66
2011-10-30,348.63
2011-10-30,348.58
2011-10-31,348.57
2011-10-31,348.64
2011-10-31,348.5
2011-11-01,348.44
2011-11-01,348.59
2011-11-01,348.49
2011-11-02,348.63
2011-11-02,348.72
2011-11-02,348.58
2011-11-03,348.64
2011-11-03,348.4
2011-11-03,348.53
2011-11-04,348.16
2011-11-04,348.41
2011-11-04,348.28
2011-11-05,348.48
2011-11-05,348.54
2011-11-05,348.27
2011-11-06,348.46
2011-11-06,348.53
2011-11-06,348.56
2011-11-07,348.62
2011-11-07,348.52
2011-11-07,348.74
2011-11-08,348.74
2011-11-08,348.79
2011-11-08,348.7
2011-11-09,348.82
2011-11-09,348.67
2011-11-09,348.74
2011-11-10,348.73
2011-11-10,348.5
2011-11-10,348.64
2011-11-11,348.35
2011-11-11,348.29
2011-11-11,348.51
2011-11-12,348.18
2011-11-12,348.25
2011-11-12,348.29
2011-11-13,348.32
2011-11-13,348.25
2011-11-13,348.41
2011-11-14,348.4
2011-11-14,348.45
2011-11-14,348.34
2011-11-15,348.53
2011-11-15,348.46
2011-11-15,348.44
2011-11-16,348.55
2011-11-16,348.51
2011-11-16,348.61
2011-11-17,348.41
2011-11-17,348.6
2011-11-17,348.48
2011-11-18,348.42
2011-11-18,348.34
2011-11-18,348.3
2011-11-19,348.3
2011-11-19,348.35
2011-11-19,348.27
2011-11-20,348.34
2011-11-20,348.38
2011-11-20,348.3
2011-11-21,348.55
2011-11-21,348.65
2011-11-21,348.36
2011-11-22,348.5
2011-11-22,348.66
2011-11-22,348.6
2011-11-23,348.5
2011-11-23,348.39
2011-11-23,348.31
2011-11-24,348.35
2011-11-24,348.3
2011-11-24,348.44
2011-11-25,348.43
2011-11-25,348.49
2011-11-25,348.6
2011-11-26,348.62
2011-11-26,348.59
2011-11-26,348.69
2011-11-27,348.61
2011-11-27,348.66
2011-11-27,348.52
2011-11-28,348.36
2011-11-28,348.52
2011-11-28,348.42
2011-11-29,348.33
2011-11-29,348.37
2011-11-29,348.28
2011-11-30,348.28
2011-11-30,348.1
2011-11-30,347.89
2011-12-01,347.92
2011-12-01,347.86
2011-12-01,348.1
2011-12-02,348.09
2011-12-02,348.14
2011-12-02,348.2
2011-12-03,348.26
2011-12-03,348.42
2011-12-03,348.17
2011-12-04,348.45
2011-12-04,348.31
2011-12-04,348.4
2011-12-05,348.41
2011-12-05,348.34
2011-12-05,348.49
2011-12-06,348.44
2011-12-06,348.48
2011-12-06,348.53
2011-12-07,348.23
2011-12-07,348.33
2011-12-07,348.45
2011-12-08,348.17
2011-12-08,348.26
2011-12-08,348.22
2011-12-09,348.22
2011-12-09,348.25
2011-12-09,348.31
2011-12-10,348.13
2011-12-10,348.28
2011-12-10,348.2
2011-12-11,347.92
2011-12-11,348.01
2011-12-11,348.13
2011-12-12,347.81
2011-12-12,347.85
2011-12-12,347.93
2011-12-13,348.2
2011-12-13,347.99
2011-12-13,347.92
2011-12-14,348.38
2011-12-14,348.19
2011-12-14,348.33
2011-12-15,348.16
2011-12-15,348.36
2011-12-15,348.23
2011-12-16,348.21
2011-12-16,348.16
2011-12-16,348.12
2011-12-17,348.22
2011-12-17,348.16
2011-12-17,348.11
2011-12-18,348.24
2011-12-18,348.13
2011-12-18,348.18
2011-12-19,348.15
2011-12-19,348.09
2011-12-19,348.04
2011-12-20,347.96
2011-12-20,348.08
2011-12-20,348.03
2011-12-21,348.11
2011-12-21,348.04
2011-12-21,348.0
2011-12-22,348.24
2011-12-22,348.11
2011-12-22,348.36
2011-12-23,348.4
2011-12-23,348.48
2011-12-23,348.35
2011-12-24,348.35
2011-12-24,348.4
2011-12-24,348.28
2011-12-25,348.23
2011-12-25,348.34
2011-12-25,348.14
2011-12-26,348.08
2011-12-26,348.16
2011-12-26,348.11
2011-12-27,348.06
2011-12-27,348.11
2011-12-27,348.0
2011-12-28,348.03
2011-12-28,347.98
2011-12-28,348.1
2011-12-29,347.87
2011-12-29,347.98
2011-12-29,347.81
2011-12-30,347.91
2011-12-30,347.8
2011-12-30,347.84
2011-12-31,347.86
2011-12-31,347.8
2011-12-31,347.94
2012-01-01,348.07
2012-01-01,347.94
2012-01-01,348.01
2012-01-02,348.03
2012-01-02,347.99
2012-01-02,348.1
2012-01-03,348.07
2012-01-03,348.02
2012-01-03,347.97
2012-01-04,348.1
2012-01-04,348.03
2012-01-04,347.99
2012-01-05,348.0
2012-01-05,347.87
2012-01-05,347.74
2012-01-06,347.7
2012-01-06,347.66
2012-01-06,347.76
2012-01-07,347.67
2012-01-07,347.76
2012-01-07,347.62
2012-01-08,347.75
2012-01-08,347.81
2012-01-08,347.89
2012-01-09,347.85
2012-01-09,347.89
2012-01-09,347.92
2012-01-10,347.74
2012-01-10,347.81
2012-01-10,347.9
2012-01-11,347.65
2012-01-11,347.76
2012-01-11,347.7
2012-01-12,347.66
2012-01-12,347.7
2012-01-12,347.76
2012-01-13,347.81
2012-01-13,347.87
2012-01-13,347.75
2012-01-14,347.85
2012-01-14,347.76
2012-01-14,347.82
2012-01-15,347.79
2012-01-15,347.73
2012-01-15,347.67
2012-01-16,347.69
2012-01-16,347.82
2012-01-16,347.72
2012-01-17,347.89
2012-01-17,347.84
2012-01-17,347.8
2012-01-18,347.91
2012-01-18,347.84
2012-01-18,347.75
2012-01-19,347.75
2012-01-19,347.59
2012-01-19,347.65
2012-01-20,347.61
2012-01-20,347.57
2012-01-20,347.66
2012-01-21,347.56
2012-01-21,347.62
2012-01-21,347.51
2012-01-22,347.65
2012-01-22,347.6
2012-01-22,347.71
2012-01-23,347.51
2012-01-23,347.42
2012-01-23,347.66
2012-01-24,347.51
2012-01-24,347.79
2012-01-24,347.66
2012-01-25,347.68
2012-01-25,347.75
2012-01-25,347.8
2012-01-26,347.62
2012-01-26,347.53
2012-01-26,347.72
2012-01-27,347.48
2012-01-27,347.65
2012-01-27,347.53
2012-01-28,347.72
2012-01-28,347.67
2012-01-28,347.63
2012-01-29,347.53
2012-01-29,347.71
2012-01-29,347.66
2012-01-30,347.38
2012-01-30,347.43
2012-01-30,347.53
2012-01-31,347.39
2012-01-31,347.56
2012-01-31,347.45
2012-02-01,347.57
2012-02-01,347.5
2012-02-01,347.43
2012-02-02,347.36
2012-02-02,347.26
2012-02-02,347.44
2012-02-03,347.43
2012-02-03,347.37
2012-02-03,347.35
2012-02-04,347.36
2012-02-04,347.41
2012-02-04,347.45
2012-02-05,347.39
2012-02-05,347.32
2012-02-05,347.44
2012-02-06,347.39
2012-02-06,347.35
2012-02-06,347.28
2012-02-07,347.19
2012-02-07,347.33
2012-02-07,347.26
2012-02-08,347.31
2012-02-08,347.54
2012-02-08,347.39
2012-02-09,347.48
2012-02-09,347.59
2012-02-09,347.53
2012-02-10,347.41
2012-02-10,347.55
2012-02-10,347.51
2012-02-11,347.23
2012-02-11,347.42
2012-02-11,347.31
2012-02-12,347.25
2012-02-12,347.29
2012-02-12,347.35
2012-02-13,347.3
2012-02-13,347.2
2012-02-13,347.35
2012-02-14,347.22
2012-02-14,347.32
2012-02-14,347.44
2012-02-15,347.44
2012-02-15,347.26
2012-02-15,347.36
2012-02-17,347.47
2012-02-17,347.57
2012-02-17,347.52
2012-02-18,347.35
2012-02-18,347.45
2012-02-18,347.53
2012-02-19,347.27
2012-02-19,347.32
2012-02-19,347.4
2012-02-20,347.41
2012-02-20,347.32
2012-02-20,347.37
2012-02-21,347.35
2012-02-21,347.44
2012-02-21,347.4
2012-02-22,347.43
2012-02-22,347.35
2012-02-22,347.19
2012-02-23,347.02
2012-02-23,347.11
2012-02-23,347.19
2012-02-24,347.16
2012-02-24,347.31
2012-02-24,347.25
2012-02-25,347.22
2012-02-25,347.31
2012-02-25,347.09
2012-02-26,347.1
2012-02-26,347.02
2012-02-26,346.95
2012-02-27,346.97
2012-02-27,346.88
2012-02-27,347.01
2012-02-28,346.99
2012-02-28,347.35
2012-02-28,347.28
2012-02-29,347.23
2012-02-29,347.29
2012-02-29,347.34
2012-03-01,347.05
2012-03-01,347.23
2012-03-01,347.16
2012-03-02,347.28
2012-03-02,347.17
2012-03-02,347.07
2012-03-03,347.18
2012-03-03,347.28
2012-03-03,347.24
2012-03-04,346.97
2012-03-04,347.18
2012-03-04,347.06
2012-03-05,346.83
2012-03-05,346.92
2012-03-05,346.97
2012-03-06,346.7
2012-03-06,346.58
2012-03-06,346.83
2012-03-07,346.62
2012-03-07,346.81
2012-03-07,346.96
2012-03-08,347.15
2012-03-08,346.96
2012-03-08,347.08
2012-03-09,347.14
2012-03-09,346.9
2012-03-09,347.06
2012-03-10,346.83
2012-03-10,346.9
2012-03-10,346.75
2012-03-11,346.79
2012-03-11,346.83
2012-03-11,346.74
2012-03-12,346.78
2012-03-12,346.74
2012-03-12,346.82
2012-03-13,346.81
2012-03-13,346.78
2012-03-13,346.84
2012-03-14,346.86
2012-03-14,346.83
2012-03-14,346.93
2012-03-15,346.8
2012-03-15,346.93
2012-03-15,346.87
2012-03-16,346.78
2012-03-16,346.67
2012-03-16,346.83
2012-03-17,346.46
2012-03-17,346.68
2012-03-17,346.41
2012-03-18,346.37
2012-03-18,346.5
2012-03-18,346.65
2012-03-19,346.66
2012-03-19,346.8
2012-03-19,346.61
2012-03-20,346.8
2012-03-20,346.94
2012-03-20,346.87
2012-03-21,346.74
2012-03-21,346.85
2012-03-21,346.94
2012-03-22,346.64
2012-03-22,346.78
2012-03-22,346.71
2012-03-23,346.74
2012-03-23,346.81
2012-03-23,346.71
2012-03-24,346.69
2012-03-24,346.63
2012-03-24,346.75
2012-03-25,346.67
2012-03-25,346.61
2012-03-25,346.52
2012-03-26,346.84
2012-03-26,346.78
2012-03-26,346.67
2012-03-27,346.77
2012-03-27,346.81
2012-03-27,346.73
2012-03-28,346.71
2012-03-28,346.81
2012-03-28,346.76
2012-03-30,346.66
2012-03-30,346.73
2012-03-30,346.63
2012-03-31,346.65
2012-03-31,346.7
2012-03-31,346.62
2012-04-01,346.68
2012-04-01,346.63
2012-04-01,346.59
2012-04-02,346.54
2012-04-02,346.66
2012-04-02,346.71
2012-04-03,346.63
2012-04-03,346.58
2012-04-03,346.68
2012-04-04,346.59
2012-04-04,346.51
2012-04-04,346.66
2012-04-05,346.62
2012-04-05,346.48
2012-04-05,346.52
2012-04-06,346.7
2012-04-06,346.65
2012-04-06,346.6
2012-04-07,346.71
2012-04-07,346.68
2012-04-07,346.62
2012-04-08,346.69
2012-04-08,346.62
2012-04-08,346.65
2012-04-09,346.57
2012-04-09,346.64
2012-04-09,346.51
2012-04-10,346.56
2012-04-10,346.46
2012-04-10,346.39
2012-04-11,346.66
2012-04-11,346.56
2012-04-11,346.42
2012-04-12,346.6
2012-04-12,346.65
2012-04-12,346.72
2012-04-13,346.4
2012-04-13,346.26
2012-04-13,346.6
2012-04-14,346.42
2012-04-14,346.27
2012-04-14,346.59
2012-04-15,346.58
2012-04-15,346.63
2012-04-15,346.69
2012-04-16,346.59
2012-04-16,346.65
2012-04-16,346.7
2012-04-17,346.56
2012-04-17,346.48
2012-04-17,346.63
2012-04-18,346.45
2012-04-18,346.51
2012-04-18,346.37
2012-04-19,346.35
2012-04-19,346.43
2012-04-19,346.39
2012-04-20,346.34
2012-04-20,346.45
2012-04-20,346.4
2012-04-21,346.37
2012-04-21,346.42
2012-04-21,346.3
2012-04-22,346.34
2012-04-22,346.31
2012-04-22,346.37
2012-04-23,346.33
2012-04-23,346.41
2012-04-23,346.37
2012-04-24,346.32
2012-04-24,346.45
2012-04-24,346.39
2012-04-25,346.29
2012-04-25,346.15
2012-04-25,346.4
2012-04-26,346.4
2012-04-26,346.17
2012-04-26,346.35
2012-04-27,346.36
2012-04-27,346.4
2012-04-27,346.26
2012-04-28,346.19
2012-04-28,346.29
2012-04-28,346.09
2012-04-29,346.23
2012-04-29,346.15
2012-04-29,346.1
2012-04-30,346.23
2012-04-30,346.2
2012-04-30,346.26
2012-05-01,346.23
2012-05-01,346.19
2012-05-01,346.15
2012-05-02,346.15
2012-05-02,346.24
2012-05-02,346.21
2012-05-03,346.27
2012-05-03,346.22
2012-05-03,346.31
2012-05-04,346.34
2012-05-04,346.28
2012-05-04,346.26
2012-05-05,346.22
2012-05-05,346.27
2012-05-05,346.16
2012-05-06,346.2
2012-05-06,346.12
2012-05-06,346.16
2012-05-07,346.06
2012-05-07,346.19
2012-05-07,346.13
2012-05-08,346.02
2012-05-08,346.07
2012-05-08,346.13
2012-05-09,346.11
2012-05-09,346.0
2012-05-09,346.06
2012-05-10,346.01
2012-05-10,346.04
2012-05-10,346.07
2012-05-11,346.07
2012-05-11,346.02
2012-05-11,346.16
2012-05-12,346.16
2012-05-12,346.22
2012-05-12,346.12
2012-05-13,346.15
2012-05-13,346.1
2012-05-13,346.21
2012-05-14,346.03
2012-05-14,346.15
2012-05-14,346.11
2012-05-15,345.93
2012-05-15,345.99
2012-05-15,346.03
2012-05-16,345.94
2012-05-16,345.97
2012-05-16,345.88
2012-05-17,345.9
2012-05-17,345.83
2012-05-17,345.87
2012-05-18,345.82
2012-05-18,345.86
2012-05-18,345.93
2012-05-19,345.91
2012-05-19,345.88
2012-05-19,345.95
2012-05-20,345.94
2012-05-20,345.91
2012-05-20,345.99
2012-05-21,345.93
2012-05-21,345.99
2012-05-21,345.96
2012-05-22,345.97
2012-05-22,345.9
2012-05-22,345.82
2012-05-23,345.65
2012-05-23,345.82
2012-05-23,345.74
2012-05-24,345.58
2012-05-24,345.64
2012-05-24,345.68
2012-05-25,345.68
2012-05-25,345.63
2012-05-25,345.77
2012-05-26,346.0
2012-05-26,345.76
2012-05-26,345.93
2012-05-27,345.99
2012-05-27,345.96
2012-05-27,345.91
2012-05-28,345.85
2012-05-28,345.9
2012-05-28,345.94
2012-05-29,345.88
2012-05-29,345.86
2012-05-29,345.92
2012-05-30,345.92
2012-05-30,345.84
2012-05-30,345.89
2012-06-02,345.7
2012-06-02,345.62
2012-06-02,345.66
2012-06-03,345.62
2012-06-03,345.66
2012-06-03,345.72
2012-06-04,345.75
2012-06-04,345.71
2012-06-04,345.67
2012-06-05,345.63
2012-06-05,345.73
2012-06-05,345.68
2012-06-06,345.51
2012-06-06,345.66
2012-06-06,345.58
2012-06-07,345.58
2012-06-07,345.55
2012-06-07,345.61
2012-06-08,345.52
2012-06-08,345.59
2012-06-08,345.56
2012-06-09,345.54
2012-06-09,345.51
2012-06-09,345.46
2012-06-10,345.5
2012-06-10,345.62
2012-06-10,345.55
2012-06-11,345.62
2012-06-11,345.57
2012-06-11,345.67
2012-06-12,345.61
2012-06-12,345.55
2012-06-12,345.66
2012-06-13,345.56
2012-06-13,345.41
2012-06-13,345.49
2012-06-14,345.42
2012-06-14,345.39
2012-06-14,345.45
2012-06-15,345.38
2012-06-15,345.45
2012-06-15,345.41
2012-06-16,345.38
2012-06-16,345.42
2012-06-16,345.51
2012-06-17,345.49
2012-06-17,345.54
2012-06-17,345.46
2012-06-18,345.46
2012-06-18,345.41
2012-06-18,345.5
2012-06-19,345.42
2012-06-19,345.45
2012-06-19,345.35
2012-06-20,345.33
2012-06-20,345.38
2012-06-20,345.35
2012-06-21,345.34
2012-06-21,345.38
2012-06-21,345.42
2012-06-22,345.28
2012-06-22,345.37
2012-06-22,345.4
2012-06-23,345.34
2012-06-23,345.27
2012-06-23,345.26
2012-06-24,345.38
2012-06-24,345.44
2012-06-24,345.33
2012-06-25,345.45
2012-06-25,345.43
2012-06-25,345.35
2012-06-26,345.37
2012-06-26,345.3
2012-06-26,345.21
2012-06-27,345.21
2012-06-27,345.33
2012-06-27,345.26
2012-06-28,345.31
2012-06-28,345.41
2012-06-28,345.37
2012-06-29,345.36
2012-06-29,345.4
2012-06-29,345.3
2012-06-30,345.25
2012-06-30,345.32
2012-06-30,345.19
2012-07-01,345.1
2012-07-01,345.15
2012-07-01,345.19
2012-07-02,345.12
2012-07-02,345.15
2012-07-02,345.08
2012-07-03,345.08
2012-07-03,345.13
2012-07-03,345.17
2012-07-04,345.1
2012-07-04,345.13
2012-07-04,345.17
2012-07-05,345.13
2012-07-05,345.21
2012-07-05,345.16
2012-07-06,345.15
2012-07-06,345.23
2012-07-06,345.19
2012-07-07,345.21
2012-07-07,345.18
2012-07-07,345.15
2012-07-08,345.11
2012-07-08,345.17
2012-07-08,345.19
2012-07-09,345.03
2012-07-09,345.13
2012-07-09,345.1
2012-07-10,345.02
2012-07-10,344.94
2012-07-10,345.07
2012-07-11,344.91
2012-07-11,345.01
2012-07-11,344.96
2012-07-12,344.95
2012-07-12,344.91
2012-07-12,345.02
2012-07-13,344.94
2012-07-13,345.03
2012-07-13,344.99
2012-07-14,344.99
2012-07-14,345.03
2012-07-14,344.93
2012-07-15,344.9
2012-07-15,344.96
2012-07-15,345.01
2012-07-16,344.91
2012-07-16,344.96
2012-07-16,344.94
2012-07-17,344.91
2012-07-17,344.95
2012-07-17,344.99
2012-07-18,344.9
2012-07-18,344.98
2012-07-18,344.93
2012-07-19,344.88
2012-07-19,344.92
2012-07-19,344.96
2012-07-20,344.93
2012-07-20,344.97
2012-07-20,344.87
2012-07-21,344.93
2012-07-21,344.79
2012-07-21,344.88
2012-07-22,344.87
2012-07-22,344.83
2012-07-22,344.78
2012-07-23,344.84
2012-07-23,344.87
2012-07-23,344.79
2012-07-24,344.83
2012-07-24,344.86
2012-07-24,344.77
2012-07-25,344.81
2012-07-25,344.74
2012-07-25,344.85
2012-07-26,344.77
2012-07-26,344.82
2012-07-26,344.73
2012-07-27,344.8
2012-07-27,344.76
2012-07-27,344.72
2012-07-28,344.78
2012-07-28,344.75
2012-07-28,344.7
2012-07-29,344.76
2012-07-29,344.72
2012-07-29,344.65
2012-07-30,344.7
2012-07-30,344.65
2012-07-30,344.74
2012-07-31,344.71
2012-07-31,344.69
2012-07-31,344.76
2012-08-01,344.73
2012-08-01,344.78
2012-08-01,344.68
2012-08-02,344.57
2012-08-02,344.71
2012-08-02,344.67
2012-08-03,344.56
2012-08-03,344.48
2012-08-03,344.6
2012-08-04,344.5
2012-08-04,344.6
2012-08-04,344.54
2012-08-05,344.57
2012-08-05,344.66
2012-08-05,344.61
2012-08-06,344.63
2012-08-06,344.67
2012-08-06,344.57
2012-08-07,344.51
2012-08-07,344.57
2012-08-07,344.61
2012-08-08,344.47
2012-08-08,344.56
2012-08-08,344.53
2012-08-09,344.41
2012-08-09,344.49
2012-08-09,344.53
2012-08-10,344.41
2012-08-10,344.45
2012-08-10,344.32
2012-08-11,344.38
2012-08-11,344.44
2012-08-11,344.34
2012-08-12,344.41
2012-08-12,344.35
2012-08-12,344.43
2012-08-13,344.44
2012-08-13,344.36
2012-08-13,344.4
2012-08-14,344.39
2012-08-14,344.44
2012-08-14,344.33
2012-08-15,344.39
2012-08-15,344.35
2012-08-15,344.43
2012-08-16,344.38
2012-08-16,344.42
2012-08-16,344.48
2012-08-17,344.39
2012-08-17,344.49
2012-08-17,344.45
2012-08-18,344.47
2012-08-18,344.43
2012-08-18,344.33
2012-08-19,344.29
2012-08-19,344.4
2012-08-19,344.37
2012-08-20,344.29
2012-08-20,344.37
2012-08-20,344.4
2012-08-21,344.39
2012-08-21,344.29
2012-08-21,344.34
2012-08-22,344.33
2012-08-22,344.37
2012-08-22,344.28
2012-08-23,344.32
2012-08-23,344.26
2012-08-23,344.36
2012-08-24,344.33
2012-08-24,344.29
2012-08-24,344.23
2012-08-25,344.26
2012-08-25,344.19
2012-08-25,344.24
2012-08-26,344.23
2012-08-26,344.27
2012-08-26,344.32
2012-08-27,344.31
2012-08-27,344.26
2012-08-27,344.36
2012-08-28,344.28
2012-08-28,344.31
2012-08-28,344.21
2012-08-29,344.1
2012-08-29,344.22
2012-08-29,344.18
2012-08-30,344.18
2012-08-30,344.1
2012-08-30,344.14
2012-08-31,344.22
2012-08-31,344.18
2012-08-31,344.14
2012-09-01,344.22
2012-09-01,344.27
2012-09-01,344.17
2012-09-02,344.2
2012-09-02,344.13
2012-09-02,344.23
2012-09-03,344.2
2012-09-03,344.25
2012-09-03,344.16
2012-09-04,344.16
2012-09-04,344.27
2012-09-04,344.23
2012-09-05,344.13
2012-09-05,344.19
2012-09-05,344.22
2012-09-06,344.15
2012-09-06,344.1
2012-09-06,344.19
2012-09-07,344.21
2012-09-07,344.16
2012-09-07,344.1
2012-09-08,343.99
2012-09-08,344.14
2012-09-08,344.09
2012-09-09,343.96
2012-09-09,344.07
2012-09-09,344.02
2012-09-10,344.01
2012-09-10,343.95
2012-09-10,344.06
2012-09-11,344.08
2012-09-11,343.97
2012-09-11,344.01
2012-09-12,344.12
2012-09-12,344.02
2012-09-12,344.07
2012-09-13,344.0
2012-09-13,344.09
2012-09-13,344.14
2012-09-14,344.14
2012-09-14,344.02
2012-09-14,344.09
2012-09-15,343.99
2012-09-15,344.07
2012-09-15,344.12
2012-09-16,343.96
2012-09-16,344.07
2012-09-16,344.02
2012-09-17,344.03
2012-09-17,343.98
2012-09-17,343.92
2012-09-18,343.9
2012-09-18,343.95
2012-09-18,343.99
2012-09-19,343.85
2012-09-19,343.96
2012-09-19,343.91
2012-09-20,343.88
2012-09-20,343.82
2012-09-20,343.92
2012-09-21,343.78
2012-09-21,343.85
2012-09-21,343.88
2012-09-22,343.88
2012-09-22,343.81
2012-09-22,343.84
2012-09-23,343.91
2012-09-23,343.86
2012-09-23,343.83
2012-09-24,343.86
2012-09-24,343.79
2012-09-24,343.9
2012-09-25,343.76
2012-09-25,343.81
2012-09-25,343.69
2012-09-26,343.72
2012-09-26,343.67
2012-09-26,343.76
2012-09-27,343.76
2012-09-27,343.71
2012-09-27,343.81
2012-09-28,343.82
2012-09-28,343.79
2012-09-28,343.71
2012-09-29,343.77
2012-09-29,343.86
2012-09-29,343.81
2012-09-30,343.84
2012-09-30,343.77
2012-09-30,343.89
2012-10-01,343.8
2012-10-01,343.7
2012-10-01,343.85
2012-10-02,343.65
2012-10-02,343.75
2012-10-02,343.72
2012-10-03,343.77
2012-10-03,343.72
2012-10-03,343.84
2012-10-04,343.89
2012-10-04,343.83
2012-10-04,343.8
2012-10-05,343.83
2012-10-05,343.74
2012-10-05,343.79
2012-10-06,343.77
2012-10-06,343.73
2012-10-06,343.65
2012-10-07,343.68
2012-10-07,343.71
2012-10-07,343.63
2012-10-08,343.73
2012-10-08,343.66
2012-10-08,343.7
2012-10-09,343.74
2012-10-09,343.7
2012-10-09,343.65
2012-10-10,343.72
2012-10-10,343.68
2012-10-10,343.59
2012-10-11,343.58
2012-10-11,343.62
2012-10-11,343.67
2012-10-12,343.8
2012-10-12,343.66
2012-10-12,343.87
2012-10-13,343.83
2012-10-13,343.76
2012-10-13,343.89
2012-10-14,343.66
2012-10-14,343.75
2012-10-14,343.8
2012-10-15,343.62
2012-10-15,343.53
2012-10-15,343.7
2012-10-16,343.52
2012-10-16,343.58
2012-10-16,343.41
2012-10-17,343.43
2012-10-17,343.56
2012-10-17,343.45
2012-10-18,343.66
2012-10-18,343.72
2012-10-18,343.56
2012-10-19,343.61
2012-10-19,343.51
2012-10-19,343.67
2012-10-20,343.48
2012-10-20,343.42
2012-10-20,343.53
2012-10-21,343.45
2012-10-21,343.51
2012-10-21,343.47
2012-10-22,343.57
2012-10-22,343.47
2012-10-22,343.53
2012-10-23,343.53
2012-10-23,343.49
2012-10-23,343.56
2012-10-24,343.63
2012-10-24,343.58
2012-10-24,343.53
2012-10-25,343.64
2012-10-25,343.61
2012-10-25,343.54
2012-10-26,343.66
2012-10-26,343.53
2012-10-26,343.59
2012-10-27,343.55
2012-10-27,343.5
2012-10-27,343.42
2012-10-28,343.59
2012-10-28,343.47
2012-10-28,343.5
2012-10-29,343.54
2012-10-29,343.64
2012-10-29,343.58
2012-10-30,343.55
2012-10-30,343.47
2012-10-30,343.59
2012-10-31,343.44
2012-10-31,343.53
2012-10-31,343.48
2012-11-01,343.38
2012-11-01,343.47
2012-11-01,343.43
2012-11-02,343.44
2012-11-02,343.41
2012-11-02,343.35
2012-11-03,343.46
2012-11-03,343.41
2012-11-03,343.53
2012-11-04,343.5
2012-11-04,343.53
2012-11-04,343.58
2012-11-05,343.47
2012-11-05,343.52
2012-11-05,343.58
2012-11-06,343.48
2012-11-06,343.52
2012-11-06,343.43
2012-11-07,343.46
2012-11-07,343.39
2012-11-07,343.32
2012-11-08,343.41
2012-11-08,343.19
2012-11-08,343.27
2012-11-09,343.2
2012-11-09,343.15
2012-11-09,343.25
2012-11-10,343.23
2012-11-10,343.31
2012-11-10,343.45
2012-11-11,343.57
2012-11-11,343.44
2012-11-11,343.65
2012-11-12,343.52
2012-11-12,343.61
2012-11-12,343.46
2012-11-13,343.36
2012-11-13,343.48
2012-11-13,343.41
2012-11-14,343.39
2012-11-14,343.35
2012-11-14,343.3
2012-11-15,343.39
2012-11-15,343.35
2012-11-15,343.3
2012-11-16,343.34
2012-11-16,343.28
2012-11-16,343.39
2012-11-17,343.36
2012-11-17,343.32
2012-11-17,343.28
2012-11-18,343.34
2012-11-18,343.4
2012-11-18,343.3
2012-11-19,343.38
2012-11-19,343.4
2012-11-19,343.46
2012-11-20,343.29
2012-11-20,343.39
2012-11-20,343.24
2012-11-21,343.24
2012-11-21,343.21
2012-11-21,343.29
2012-11-22,343.26
2012-11-22,343.23
2012-11-22,343.35
2012-11-23,343.29
2012-11-23,343.39
2012-11-23,343.32
2012-11-24,343.13
2012-11-24,343.31
2012-11-24,343.22
2012-11-25,343.13
2012-11-25,343.04
2012-11-25,343.09
2012-11-26,343.18
2012-11-26,343.26
2012-11-26,343.1
2012-11-27,343.24
2012-11-27,343.32
2012-11-27,343.2
2012-11-28,343.22
2012-11-28,343.28
2012-11-28,343.35
2012-11-29,343.38
2012-11-29,343.27
2012-11-29,343.31
2012-11-30,343.19
2012-11-30,343.26
2012-11-30,343.31
2012-12-01,343.2
2012-12-01,343.29
2012-12-01,343.23
2012-12-02,343.2
2012-12-02,343.24
2012-12-02,343.15
2012-12-03,343.24
2012-12-03,343.2
2012-12-03,343.29
2012-12-04,343.34
2012-12-04,343.26
2012-12-04,343.24
2012-12-05,343.08
2012-12-05,343.16
2012-12-05,343.25
2012-12-06,342.93
2012-12-06,343.08
2012-12-06,342.99
2012-12-07,342.96
2012-12-07,342.99
2012-12-07,343.04
2012-12-08,342.97
2012-12-08,343.0
2012-12-08,343.04
2012-12-09,343.03
2012-12-09,343.25
2012-12-09,343.1
2012-12-10,343.25
2012-12-10,343.21
2012-12-10,343.15
2012-12-11,343.04
2012-12-11,343.17
2012-12-11,343.09
2012-12-12,343.07
2012-12-12,342.99
2012-12-12,342.93
2012-12-13,342.76
2012-12-13,342.83
2012-12-13,342.93
2012-12-14,342.79
2012-12-14,342.96
2012-12-14,343.07
2012-12-15,343.02
2012-12-15,343.09
2012-12-15,343.22
2012-12-16,343.3
2012-12-16,343.19
2012-12-16,343.25
2012-12-17,343.14
2012-12-17,343.24
2012-12-17,343.29
2012-12-18,342.99
2012-12-18,342.89
2012-12-18,343.14
2012-12-19,343.03
2012-12-19,343.38
2012-12-19,343.27
2012-12-20,343.29
2012-12-20,343.2
2012-12-20,343.37
2012-12-21,343.16
2012-12-21,343.13
2012-12-21,343.22
2012-12-22,343.26
2012-12-22,343.18
2012-12-22,343.12
2012-12-23,343.27
2012-12-23,343.21
2012-12-23,343.17
2012-12-24,343.12
2012-12-24,343.03
2012-12-24,343.18
2012-12-25,343.08
2012-12-25,343.0
2012-12-25,343.13
2012-12-26,342.96
2012-12-26,343.0
2012-12-26,342.91
2012-12-27,342.93
2012-12-27,342.96
2012-12-27,343.12
2012-12-28,343.09
2012-12-28,343.2
2012-12-28,343.12
2012-12-29,343.02
2012-12-29,342.98
2012-12-29,343.12
2012-12-30,342.88
2012-12-30,343.05
2012-12-30,342.97
2012-12-31,343.27
2012-12-31,343.05
2012-12-31,343.19
2013-01-01,343.2
2013-01-01,343.26
2013-01-01,343.14
2013-01-02,343.07
2013-01-02,343.11
2013-01-02,343.2
2013-01-03,343.08
2013-01-03,343.14
2013-01-03,343.21
2013-01-04,343.28
2013-01-04,343.21
2013-01-04,343.18
2013-01-05,343.22
2013-01-05,343.29
2013-01-05,343.16
2013-01-06,343.06
2013-01-06,342.95
2013-01-06,343.17
2013-01-07,342.95
2013-01-07,342.9
2013-01-07,343.01
2013-01-08,342.97
2013-01-08,343.04
2013-01-08,343.1
2013-01-09,343.06
2013-01-09,343.13
2013-01-09,342.94
2013-01-10,342.79
2013-01-10,342.88
2013-01-10,342.97
2013-01-11,342.98
2013-01-11,343.09
2013-01-11,342.94
2013-01-12,343.08
2013-01-12,342.96
2013-01-12,343.01
2013-01-13,342.97
2013-01-13,343.03
2013-01-13,343.09
2013-01-14,343.28
2013-01-14,343.19
2013-01-14,343.08
2013-01-15,343.4
2013-01-15,343.32
2013-01-15,343.27
2013-01-16,343.13
2013-01-16,343.32
2013-01-16,343.24
2013-01-17,343.11
2013-01-17,343.17
2013-01-17,343.05
2013-01-18,343.12
2013-01-18,343.07
2013-01-18,343.02
2013-01-19,343.13
2013-01-19,343.03
2013-01-19,343.07
2013-01-20,343.09
2013-01-20,343.03
2013-01-20,342.95
2013-01-21,342.95
2013-01-21,343.03
2013-01-21,342.99
2013-01-22,343.0
2013-01-22,342.94
2013-01-22,343.04
2013-01-23,343.0
2013-01-23,343.04
2013-01-23,342.95
2013-01-24,343.0
2013-01-24,343.1
2013-01-24,343.04
2013-01-25,342.98
2013-01-25,342.85
2013-01-25,343.07
2013-01-26,342.89
2013-01-26,342.81
2013-01-26,342.77
2013-01-27,342.86
2013-01-27,342.92
2013-01-27,342.82
2013-01-28,342.95
2013-01-28,342.87
2013-01-28,343.07
2013-01-29,343.04
2013-01-29,343.14
2013-01-29,343.08
2013-01-30,343.27
2013-01-30,343.12
2013-01-30,343.19
2013-01-31,343.12
2013-01-31,343.2
2013-01-31,343.06
2013-02-01,343.09
2013-02-01,343.13
2013-02-01,343.05
2013-02-02,343.04
2013-02-02,343.14
2013-02-02,343.1
2013-02-03,343.07
2013-02-03,342.97
2013-02-03,342.9
2013-02-04,342.94
2013-02-04,342.99
2013-02-04,342.87
2013-02-05,342.85
2013-02-05,342.9
2013-02-05,342.97
2013-02-06,342.91
2013-02-06,343.01
2013-02-06,342.86
2013-02-07,342.88
2013-02-07,342.97
2013-02-07,343.02
2013-02-08,342.88
2013-02-08,342.76
2013-02-08,342.83
2013-02-09,342.79
2013-02-09,343.02
2013-02-09,342.93
2013-02-10,342.92
2013-02-10,342.98
2013-02-10,343.03
2013-02-11,343.19
2013-02-11,342.97
2013-02-11,343.05
2013-02-12,343.19
2013-02-12,343.23
2013-02-12,343.3
2013-02-13,343.18
2013-02-13,343.24
2013-02-13,343.09
2013-02-14,343.18
2013-02-14,343.04
2013-02-14,343.11
2013-02-15,343.15
2013-02-15,343.2
2013-02-15,343.12
2013-02-16,343.09
2013-02-16,342.93
2013-02-16,343.18
2013-02-17,342.88
2013-02-17,342.93
2013-02-17,342.83
2013-02-18,342.9
2013-02-18,342.96
2013-02-18,342.84
2013-02-19,342.59
2013-02-19,342.87
2013-02-19,342.8
2013-02-20,342.71
2013-02-20,342.55
2013-02-20,342.93
2013-02-21,343.08
2013-02-21,342.93
2013-02-21,342.96
2013-02-22,343.08
2013-02-22,343.2
2013-02-22,343.15
2013-02-23,342.92
2013-02-23,343.06
2013-02-23,343.19
2013-02-24,343.24
2013-02-24,343.09
2013-02-24,342.99
2013-02-25,343.18
2013-02-25,343.08
2013-02-25,343.26
2013-02-26,343.01
2013-02-26,343.04
2013-02-26,343.17
2013-02-27,343.17
2013-02-27,343.23
2013-02-27,343.32
2013-02-28,343.36
2013-02-28,343.27
2013-02-28,343.31
2013-03-01,343.29
2013-03-01,343.2
2013-03-01,343.36
2013-03-02,343.07
2013-03-02,343.27
2013-03-02,343.2
2013-03-03,342.91
2013-03-03,342.98
2013-03-03,343.09
2013-03-04,342.97
2013-03-04,343.03
2013-03-04,342.92
2013-03-05,342.93
2013-03-05,342.99
2013-03-05,343.03
2013-03-06,343.07
2013-03-06,343.0
2013-03-06,342.94
2013-03-07,342.96
2013-03-07,342.91
2013-03-07,342.79
2013-03-08,342.7
2013-03-08,342.82
2013-03-08,342.98
2013-03-09,342.97
2013-03-09,343.08
2013-03-09,343.21
2013-03-10,343.17
2013-03-10,343.28
2013-03-10,343.22
2013-03-11,343.23
2013-03-11,343.08
2013-03-11,343.19
2013-03-12,343.05
2013-03-12,343.1
2013-03-12,343.16
2013-03-13,343.19
2013-03-13,343.08
2013-03-13,343.14
2013-03-14,343.12
2013-03-14,343.06
2013-03-14,343.17
2013-03-15,343.1
2013-03-15,343.03
2013-03-15,342.96
2013-03-16,342.93
2013-03-16,342.98
2013-03-16,342.88
2013-03-17,342.96
2013-03-17,343.01
2013-03-17,342.9
2013-03-18,343.11
2013-03-18,342.98
2013-03-18,343.04
2013-03-19,343.07
2013-03-19,343.11
2013-03-19,343.17
2013-03-20,343.03
2013-03-20,343.16
2013-03-20,343.1
2013-03-21,342.94
2013-03-21,342.86
2013-03-21,343.04
2013-03-22,342.85
2013-03-22,342.99
2013-03-22,342.9
2013-03-23,343.05
2013-03-23,343.12
2013-03-23,342.97
2013-03-24,343.01
2013-03-24,343.13
2013-03-24,343.08
2013-03-25,343.08
2013-03-25,343.13
2013-03-25,343.03
2013-03-26,343.07
2013-03-26,343.11
2013-03-26,343.01
2013-03-27,343.11
2013-03-27,343.05
2013-03-27,343.2
2013-03-28,343.19
2013-03-28,343.24
2013-03-28,343.15
2013-03-29,343.24
2013-03-29,343.2
2013-03-29,343.29
2013-03-30,343.19
2013-03-30,343.3
2013-03-30,343.25
2013-03-31,343.24
2013-03-31,343.17
2013-03-31,343.28
2013-04-01,343.19
2013-04-01,343.23
2013-04-01,343.29
2013-04-02,343.19
2013-04-02,343.22
2013-04-02,343.12
2013-04-03,343.23
2013-04-03,343.19
2013-04-03,343.14
2013-04-04,343.16
2013-04-04,343.2
2013-04-04,343.25
2013-04-05,343.23
2013-04-05,343.12
2013-04-05,343.19
2013-04-06,343.14
2013-04-06,343.09
2013-04-06,343.21
2013-04-07,343.13
2013-04-07,343.05
2013-04-07,342.96
2013-04-08,342.97
2013-04-08,342.8
2013-04-08,342.84
2013-04-09,343.22
2013-04-09,343.03
2013-04-09,342.96
2013-04-10,343.32
2013-04-10,343.25
2013-04-10,343.18
2013-04-11,343.01
2013-04-11,343.16
2013-04-11,343.27
2013-04-12,343.02
2013-04-12,343.14
2013-04-12,343.05
2013-04-13,343.15
2013-04-13,343.12
2013-04-13,343.07
2013-04-14,343.11
2013-04-14,343.14
2013-04-14,343.07
2013-04-15,343.19
2013-04-15,343.13
2013-04-15,343.09
2013-04-16,343.14
2013-04-16,343.19
2013-04-16,343.28
2013-04-17,343.49
2013-04-17,343.35
2013-04-17,343.27
2013-04-18,343.51
2013-04-18,343.47
2013-04-18,343.57
2013-04-19,343.5
2013-04-19,343.54
2013-04-19,343.34
2013-04-20,343.3
2013-04-20,343.22
2013-04-20,343.37
2013-04-21,343.26
2013-04-21,343.31
2013-04-21,343.34
2013-04-22,343.18
2013-04-22,343.27
2013-04-22,343.33
2013-04-23,343.16
2013-04-23,343.26
2013-04-23,343.21
2013-04-24,343.22
2013-04-24,343.29
2013-04-24,343.18
2013-04-25,343.25
2013-04-25,343.37
2013-04-25,343.45
2013-04-26,343.47
2013-04-26,343.44
2013-04-26,343.53
2013-04-27,343.52
2013-04-27,343.36
2013-04-27,343.47
2013-04-28,343.21
2013-04-28,343.38
2013-04-28,343.31
2013-04-29,343.11
2013-04-29,343.2
2013-04-29,343.25
2013-04-30,343.13
2013-04-30,343.22
2013-04-30,343.16
2013-05-01,343.48
2013-05-01,343.34
2013-05-01,343.22
2013-05-02,343.57
2013-05-02,343.49
2013-05-02,343.45
2013-05-03,343.5
2013-05-03,343.22
2013-05-03,343.35
2013-05-04,343.11
2013-05-04,343.25
2013-05-04,343.18
2013-05-05,343.2
2013-05-05,343.3
2013-05-05,343.35
2013-05-06,343.45
2013-05-06,343.39
2013-05-06,343.32
2013-05-07,343.5
2013-05-07,343.44
2013-05-07,343.4
2013-05-08,343.48
2013-05-08,343.55
2013-05-08,343.51
2013-05-09,343.52
2013-05-09,343.46
2013-05-09,343.55
2013-05-10,343.57
2013-05-10,343.52
2013-05-10,343.46
2013-05-11,343.57
2013-05-11,343.46
2013-05-11,343.53
2013-05-12,343.57
2013-05-12,343.41
2013-05-12,343.53
2013-05-13,343.43
2013-05-13,343.49
2013-05-13,343.37
2013-05-14,343.34
2013-05-14,343.43
2013-05-14,343.4
2013-05-15,343.37
2013-05-15,343.42
2013-05-15,343.46
2013-05-16,343.31
2013-05-16,343.37
2013-05-16,343.41
2013-05-17,343.39
2013-05-17,343.33
2013-05-17,343.47
2013-05-18,343.5
2013-05-18,343.46
2013-05-18,343.43
2013-05-19,343.38
2013-05-19,343.48
2013-05-19,343.44
2013-05-20,343.43
2013-05-20,343.4
2013-05-20,343.47
2013-05-21,343.42
2013-05-21,343.35
2013-05-21,343.47
2013-05-22,343.27
2013-05-22,343.38
2013-05-22,343.33
2013-05-23,343.48
2013-05-23,343.41
2013-05-23,343.33
2013-05-24,343.45
2013-05-24,343.56
2013-05-24,343.5
2013-05-25,343.6
2013-05-25,343.56
2013-05-25,343.52
2013-05-26,343.55
2013-05-26,343.64
2013-05-26,343.6
2013-05-27,343.46
2013-05-27,343.53
2013-05-27,343.6
2013-05-28,343.36
2013-05-28,343.49
2013-05-28,343.43
2013-05-29,343.45
2013-05-29,343.36
2013-05-29,343.4
2013-05-30,343.55
2013-05-30,343.48
2013-05-30,343.41
2013-05-31,343.51
2013-05-31,343.55
2013-05-31,343.58
2013-06-01,343.52
2013-06-01,343.46
2013-06-01,343.56
2013-06-02,343.46
2013-06-02,343.5
2013-06-02,343.53
2013-06-03,343.49
2013-06-03,343.61
2013-06-03,343.55
2013-06-04,343.71
2013-06-04,343.59
2013-06-04,343.65
2013-06-05,343.65
2013-06-05,343.69
2013-06-05,343.75
2013-06-06,343.62
2013-06-06,343.7
2013-06-06,343.66
2013-06-07,343.6
2013-06-07,343.67
2013-06-07,343.54
2013-06-08,343.67
2013-06-08,343.6
2013-06-08,343.53
2013-06-09,343.64
2013-06-09,343.66
2013-06-09,343.71
2013-06-10,343.74
2013-06-10,343.7
2013-06-10,343.65
2013-06-11,343.69
2013-06-11,343.73
2013-06-11,343.76
2013-06-12,343.72
2013-06-12,343.81
2013-06-12,343.76
2013-06-13,343.82
2013-06-13,343.7
2013-06-13,343.77
2013-06-14,343.71
2013-06-14,343.74
2013-06-14,343.67
2013-06-15,343.7
2013-06-15,343.81
2013-06-15,343.76
2013-06-16,343.87
2013-06-16,343.79
2013-06-16,343.82
2013-06-17,343.84
2013-06-17,343.8
2013-06-17,343.76
2013-06-18,343.69
2013-06-18,343.78
2013-06-18,343.74
2013-06-19,343.69
2013-06-19,343.72
2013-06-19,343.66
2013-06-20,343.71
2013-06-20,343.66
2013-06-20,343.77
2013-06-21,343.71
2013-06-21,343.82
2013-06-21,343.77
2013-06-22,343.83
2013-06-22,343.73
2013-06-22,343.78
2013-06-23,343.76
2013-06-23,343.71
2013-06-23,343.8
2013-06-24,343.84
2013-06-24,343.74
2013-06-24,343.89
2013-06-25,343.91
2013-06-25,343.96
2013-06-25,343.87
2013-06-26,343.91
2013-06-26,343.95
2013-06-26,344.0
2013-06-27,344.05
2013-06-27,343.98
2013-06-27,344.01
2013-06-28,343.89
2013-06-28,344.02
2013-06-28,343.97
2013-06-29,343.85
2013-06-29,343.78
2013-06-29,343.93
2013-06-30,343.83
2013-06-30,343.78
2013-06-30,343.75
2013-07-01,343.87
2013-07-01,343.81
2013-07-01,343.94
2013-07-02,343.96
2013-07-02,343.91
2013-07-02,344.01
2013-07-03,343.84
2013-07-03,343.92
2013-07-03,343.97
2013-07-04,343.87
2013-07-04,343.84
2013-07-04,343.78
2013-07-05,343.84
2013-07-05,343.89
2013-07-05,343.79
2013-07-06,343.84
2013-07-06,343.89
2013-07-06,343.81
2013-07-07,343.83
2013-07-07,343.97
2013-07-07,343.89
2013-07-08,343.95
2013-07-08,344.02
2013-07-08,344.09
2013-07-09,344.05
2013-07-09,344.15
2013-07-09,344.09
2013-07-10,344.08
2013-07-10,344.11
2013-07-10,344.02
2013-07-11,344.0
2013-07-11,344.12
2013-07-11,344.05
2013-07-12,344.05
2013-07-12,343.97
2013-07-12,344.02
2013-07-13,344.08
2013-07-13,343.98
2013-07-13,344.04
2013-07-14,343.96
2013-07-14,344.02
2013-07-14,344.06
2013-07-15,343.99
2013-07-15,344.02
2013-07-15,343.95
2013-07-16,343.99
2013-07-16,344.14
2013-07-16,344.05
2013-07-17,344.11
2013-07-17,344.18
2013-07-17,344.15
2013-07-18,344.11
2013-07-18,344.04
2013-07-18,344.16
2013-07-19,343.98
2013-07-19,344.08
2013-07-19,344.04
2013-07-20,343.96
2013-07-20,344.05
2013-07-20,344.01
2013-07-21,344.13
2013-07-21,343.96
2013-07-21,344.06
2013-07-22,344.2
2013-07-22,344.09
2013-07-22,344.14
2013-07-23,344.19
2013-07-23,344.24
2013-07-23,344.13
2013-07-24,344.11
2013-07-24,344.21
2013-07-24,344.16
2013-07-25,344.25
2013-07-25,344.18
2013-07-25,344.13
2013-07-26,344.2
2013-07-26,344.32
2013-07-26,344.25
2013-07-27,344.19
2013-07-27,344.25
2013-07-27,344.1
2013-07-28,344.11
2013-07-28,344.14
2013-07-28,344.07
2013-07-29,344.19
2013-07-29,344.28
2013-07-29,344.12
2013-07-30,344.26
2013-07-30,344.35
2013-07-30,344.31
2013-07-31,344.34
2013-07-31,344.22
2013-07-31,344.3
2013-08-01,344.15
2013-08-01,344.26
2013-08-01,344.21
2013-08-02,344.18
2013-08-02,344.23
2013-08-02,344.14
2013-08-03,344.17
2013-08-03,344.22
2013-08-03,344.25
2013-08-04,344.24
2013-08-04,344.21
2013-08-04,344.29
2013-08-05,344.26
2013-08-05,344.22
2013-08-05,344.3
2013-08-06,344.34
2013-08-06,344.23
2013-08-06,344.29
2013-08-07,344.38
2013-08-07,344.27
2013-08-07,344.32
2013-08-08,344.32
2013-08-08,344.27
2013-08-08,344.21
2013-08-09,344.2
2013-08-09,344.23
2013-08-09,344.29
2013-08-10,344.3
2013-08-10,344.26
2013-08-10,344.35
2013-08-11,344.33
2013-08-11,344.3
2013-08-11,344.24
2013-08-12,344.29
2013-08-12,344.25
2013-08-12,344.33
2013-08-13,344.26
2013-08-13,344.35
2013-08-13,344.3
2013-08-14,344.23
2013-08-14,344.32
2013-08-14,344.3
2013-08-15,344.38
2013-08-15,344.29
2013-08-15,344.33
2013-08-16,344.42
2013-08-16,344.38
2013-08-16,344.34
2013-08-17,344.26
2013-08-17,344.41
2013-08-17,344.36
2013-08-18,344.31
2013-08-18,344.26
2013-08-18,344.36
2013-08-19,344.36
2013-08-19,344.39
2013-08-19,344.3
2013-08-20,344.41
2013-08-20,344.32
2013-08-20,344.37
2013-08-21,344.34
2013-08-21,344.44
2013-08-21,344.39
2013-08-22,344.41
2013-08-22,344.44
2013-08-22,344.33
2013-08-23,344.4
2013-08-23,344.26
2013-08-23,344.35
2013-08-24,344.43
2013-08-24,344.3
2013-08-24,344.34
2013-08-25,344.52
2013-08-25,344.43
2013-08-25,344.39
2013-08-26,344.42
2013-08-26,344.49
2013-08-26,344.52
2013-08-27,344.45
2013-08-27,344.42
2013-08-27,344.35
2013-08-28,344.44
2013-08-28,344.37
2013-08-28,344.53
2013-08-29,344.51
2013-08-29,344.55
2013-08-29,344.61
2013-08-30,344.6
2013-08-30,344.65
2013-08-30,344.56
2013-08-31,344.51
2013-08-31,344.58
2013-08-31,344.63
2013-09-01,344.54
2013-09-01,344.47
2013-09-01,344.57
2013-09-02,344.44
2013-09-02,344.55
2013-09-02,344.51
2013-09-03,344.51
2013-09-03,344.56
2013-09-03,344.47
2013-09-04,344.59
2013-09-04,344.51
2013-09-04,344.55
2013-09-05,344.5
2013-09-05,344.55
2013-09-05,344.59
2013-09-06,344.55
2013-09-06,344.58
2013-09-06,344.48
2013-09-07,344.54
2013-09-07,344.59
2013-09-07,344.5
2013-09-08,344.51
2013-09-08,344.56
2013-09-08,344.43
2013-09-09,344.51
2013-09-09,344.47
2013-09-09,344.42
2013-09-10,344.65
2013-09-10,344.49
2013-09-10,344.56
2013-09-11,344.62
2013-09-11,344.66
2013-09-11,344.7
2013-09-12,344.57
2013-09-12,344.68
2013-09-12,344.63
2013-09-13,344.53
2013-09-13,344.6
2013-09-13,344.43
2013-09-14,344.47
2013-09-14,344.41
2013-09-14,344.51
2013-09-15,344.54
2013-09-15,344.48
2013-09-15,344.61
2013-09-16,344.61
2013-09-16,344.56
2013-09-16,344.66
2013-09-17,344.64
2013-09-17,344.53
2013-09-17,344.61
2013-09-18,344.55
2013-09-18,344.64
2013-09-18,344.6
2013-09-19,344.59
2013-09-19,344.7
2013-09-19,344.63
2013-09-20,344.65
2013-09-20,344.75
2013-09-20,344.71
2013-09-21,344.65
2013-09-21,344.73
2013-09-21,344.77
2013-09-22,344.74
2013-09-22,344.65
2013-09-22,344.68
2013-09-23,344.71
2013-09-23,344.85
2013-09-23,344.77
2013-09-24,344.77
2013-09-24,344.88
2013-09-24,344.83
2013-09-25,344.78
2013-09-25,344.59
2013-09-25,344.71
2013-09-26,344.67
2013-09-26,344.8
2013-09-26,344.61
2013-09-27,344.96
2013-09-27,344.79
2013-09-27,344.88
2013-09-28,344.92
2013-09-28,344.96
2013-09-28,345.03
2013-09-29,345.03
2013-09-29,344.99
2013-09-29,344.92
2013-09-30,344.88
2013-09-30,344.79
2013-09-30,344.95
2013-10-01,344.71
2013-10-01,344.81
2013-10-01,344.76
2013-10-02,344.69
2013-10-02,344.75
2013-10-02,344.81
2013-10-03,344.72
2013-10-03,344.64
2013-10-03,344.76
2013-10-04,344.71
2013-10-04,344.83
2013-10-04,344.96
2013-10-05,345.05
2013-10-05,344.98
2013-10-05,344.94
2013-10-06,345.01
2013-10-06,344.96
2013-10-06,344.86
2013-10-07,344.88
2013-10-07,344.81
2013-10-07,344.73
2013-10-08,344.77
2013-10-08,344.61
2013-10-08,344.7
2013-10-09,344.5
2013-10-09,344.57
2013-10-09,344.63
2013-10-10,344.59
2013-10-10,344.87
2013-10-10,344.79
2013-10-11,344.9
2013-10-11,344.81
2013-10-11,344.86
2013-10-12,344.83
2013-10-12,344.87
2013-10-12,344.78
2013-10-13,344.84
2013-10-13,344.91
2013-10-13,344.78
2013-10-14,344.84
2013-10-14,344.9
2013-10-14,344.95
2013-10-15,344.8
2013-10-15,344.88
2013-10-15,344.93
2013-10-16,344.95
2013-10-16,344.91
2013-10-16,345.02
2013-10-17,344.92
2013-10-17,344.97
2013-10-17,344.83
2013-10-18,344.86
2013-10-18,344.94
2013-10-18,344.89
2013-10-19,344.97
2013-10-19,344.87
2013-10-19,344.92
2013-10-20,344.8
2013-10-20,344.86
2013-10-20,344.92
2013-10-21,344.86
2013-10-21,344.81
2013-10-21,344.91
2013-10-22,344.81
2013-10-22,344.92
2013-10-22,344.88
2013-10-23,344.83
2013-10-23,344.8
2013-10-23,344.88
2013-10-24,344.97
2013-10-24,344.85
2013-10-24,344.89
2013-10-25,345.05
2013-10-25,344.96
2013-10-25,345.0
2013-10-26,345.02
2013-10-26,345.07
2013-10-26,344.94
2013-10-27,344.96
2013-10-27,344.73
2013-10-27,344.86
2013-10-29,344.88
2013-10-29,344.95
2013-10-29,344.82
2013-10-30,345.03
2013-10-30,344.97
2013-10-30,344.93
2013-10-31,345.05
2013-10-31,345.0
2013-10-31,345.1
2013-11-01,345.0
2013-11-01,345.15
2013-11-01,345.08
2013-11-02,345.07
2013-11-02,344.98
2013-11-02,344.88
2013-11-03,344.93
2013-11-03,344.88
2013-11-03,344.81
2013-11-04,344.84
2013-11-04,344.97
2013-11-04,344.78
2013-11-05,345.13
2013-11-05,345.24
2013-11-05,344.95
2013-11-06,345.26
2013-11-06,345.32
2013-11-06,345.23
2013-11-07,345.25
2013-11-07,345.11
2013-11-07,345.17
2013-11-08,345.02
2013-11-08,345.08
2013-11-08,345.13
2013-11-09,345.17
2013-11-09,345.1
2013-11-09,345.06
2013-11-10,345.15
2013-11-10,345.22
2013-11-10,345.11
2013-11-11,345.11
2013-11-11,345.23
2013-11-11,345.16
2013-11-12,345.19
2013-11-12,345.22
2013-11-12,345.29
2013-11-13,345.1
2013-11-13,345.04
2013-11-13,345.2
2013-11-14,345.0
2013-11-14,344.85
2013-11-14,345.08
2013-11-15,344.8
2013-11-15,344.75
2013-11-15,344.85
2013-11-16,344.94
2013-11-16,344.83
2013-11-16,345.06
2013-11-17,345.27
2013-11-17,345.06
2013-11-17,345.16
2013-11-18,345.34
2013-11-18,345.26
2013-11-18,345.23
2013-11-19,345.28
2013-11-19,345.15
2013-11-19,345.22
2013-11-20,345.16
2013-11-20,345.21
2013-11-20,345.12
2013-11-21,345.11
2013-11-21,345.15
2013-11-21,345.08
2013-11-22,345.08
2013-11-22,345.14
2013-11-22,345.24
2013-11-23,345.23
2013-11-23,345.4
2013-11-23,345.3
2013-11-25,345.49
2013-11-25,345.58
2013-11-25,345.53
2013-11-26,345.55
2013-11-26,345.4
2013-11-26,345.47
2013-11-27,345.27
2013-11-27,345.4
2013-11-27,345.2
2013-11-28,345.19
2013-11-28,345.25
2013-11-28,345.38
2013-11-29,345.37
2013-11-29,345.51
2013-11-29,345.44
2013-11-30,345.42
2013-11-30,345.55
2013-11-30,345.51
2013-12-01,345.46
2013-12-01,345.53
2013-12-01,345.6
2013-12-02,345.39
2013-12-02,345.25
2013-12-02,345.5
2013-12-03,345.27
2013-12-03,345.12
2013-12-03,345.04
2013-12-04,345.29
2013-12-04,345.06
2013-12-04,345.19
2013-12-05,345.26
2013-12-05,345.47
2013-12-05,345.33
2013-12-06,345.45
2013-12-06,345.55
2013-12-06,345.49
2013-12-07,345.51
2013-12-07,345.4
2013-12-07,345.46
2013-12-08,345.52
2013-12-08,345.6
2013-12-08,345.49
2013-12-09,345.69
2013-12-09,345.75
2013-12-09,345.59
2013-12-10,345.54
2013-12-10,345.72
2013-12-10,345.61
2013-12-11,345.64
2013-12-11,345.59
2013-12-11,345.54
2013-12-14,345.77
2013-12-14,345.63
2013-12-14,345.71
2013-12-15,345.58
2013-12-15,345.74
2013-12-15,345.67
2013-12-16,345.6
2013-12-16,345.55
2013-12-16,345.65
2013-12-17,345.48
2013-12-17,345.62
2013-12-17,345.57
2013-12-18,345.28
2013-12-18,345.48
2013-12-18,345.39
2013-12-19,345.18
2013-12-19,345.11
2013-12-19,345.28
2013-12-20,345.17
2013-12-20,345.43
2013-12-20,345.28
2013-12-21,345.48
2013-12-21,345.4
2013-12-21,345.63
2013-12-22,345.62
2013-12-22,345.78
2013-12-22,345.9
2013-12-23,345.96
2013-12-23,345.87
2013-12-23,345.89
2013-12-24,345.87
2013-12-24,345.81
2013-12-24,345.75
2013-12-25,345.87
2013-12-25,345.75
2013-12-25,345.81
2013-12-26,345.81
2013-12-26,345.7
2013-12-26,345.77
2013-12-27,345.73
2013-12-27,345.66
2013-12-27,345.78
2013-12-28,345.58
2013-12-28,345.5
2013-12-28,345.66
2013-12-29,345.56
2013-12-29,345.67
2013-12-29,345.78
2013-12-30,345.88
2013-12-30,345.75
2013-12-30,345.82
2013-12-31,345.83
2013-12-31,345.7
2013-12-31,345.76
2014-01-01,345.77
2014-01-01,345.73
2014-01-01,345.69
2014-01-02,345.66
2014-01-02,345.77
2014-01-02,345.71
2014-01-03,345.56
2014-01-03,345.63
2014-01-03,345.69
2014-01-04,345.62
2014-01-04,345.58
2014-01-04,345.71
2014-01-05,345.7
2014-01-05,345.91
2014-01-05,345.81
2014-01-06,345.97
2014-01-06,345.9
2014-01-06,345.84
2014-01-07,345.86
2014-01-07,345.81
2014-01-07,345.76
2014-01-08,345.77
2014-01-08,345.72
2014-01-08,345.84
2014-01-09,345.68
2014-01-09,345.8
2014-01-09,345.75
2014-01-10,345.82
2014-01-10,345.76
2014-01-10,345.89
2014-01-11,345.95
2014-01-11,345.87
2014-01-11,345.82
2014-01-12,346.0
2014-01-12,345.79
2014-01-12,345.86
2014-01-13,346.1
2014-01-13,346.16
2014-01-13,346.0
2014-01-14,346.17
2014-01-14,346.1
2014-01-14,346.04
2014-01-15,346.09
2014-01-15,346.03
2014-01-15,345.95
2014-01-16,345.92
2014-01-16,345.86
2014-01-16,345.98
2014-01-17,345.83
2014-01-17,345.9
2014-01-17,345.96
2014-01-18,345.8
2014-01-18,345.92
2014-01-18,345.87
2014-01-19,345.94
2014-01-19,345.89
2014-01-19,345.85
2014-01-20,346.05
2014-01-20,345.91
2014-01-20,345.95
2014-01-21,346.04
2014-01-21,345.98
2014-01-21,345.92
2014-01-22,345.94
2014-01-22,345.73
2014-01-22,345.82
2014-01-23,345.8
2014-01-23,345.72
2014-01-23,345.99
2014-01-24,346.14
2014-01-24,345.97
2014-01-24,346.09
2014-01-25,346.01
2014-01-25,346.09
2014-01-25,346.14
2014-01-26,346.0
2014-01-26,346.05
2014-01-26,345.92
2014-01-27,345.91
2014-01-27,346.01
2014-01-27,345.97
2014-01-28,346.01
2014-01-28,345.97
2014-01-28,346.07
2014-01-29,345.91
2014-01-29,346.07
2014-01-29,346.0
2014-01-30,345.86
2014-01-30,345.81
2014-01-30,345.92
2014-01-31,345.93
2014-01-31,345.81
2014-01-31,345.86
2014-02-01,346.09
2014-02-01,345.9
2014-02-01,345.98
2014-02-02,345.98
2014-02-02,346.12
2014-02-02,346.06
2014-02-03,346.06
2014-02-03,345.96
2014-02-03,345.91
2014-02-04,346.1
2014-02-04,346.03
2014-02-04,346.17
2014-02-05,346.16
2014-02-05,346.22
2014-02-05,346.1
2014-02-06,346.15
2014-02-06,346.1
2014-02-06,346.18
2014-02-07,346.15
2014-02-07,346.26
2014-02-07,346.34
2014-02-08,346.41
2014-02-08,346.36
2014-02-08,346.3
2014-02-09,346.37
2014-02-09,346.25
2014-02-09,346.32
2014-02-10,346.22
2014-02-10,346.15
2014-02-10,346.29
2014-02-11,346.28
2014-02-11,346.21
2014-02-11,346.17
2014-02-12,346.34
2014-02-12,346.23
2014-02-12,346.27
2014-02-13,346.17
2014-02-13,346.28
2014-02-13,346.23
2014-02-14,346.16
2014-02-14,346.21
2014-02-14,346.26
2014-02-15,346.25
2014-02-15,346.15
2014-02-15,346.19
2014-02-16,346.16
2014-02-16,346.21
2014-02-16,346.29
2014-02-17,346.16
2014-02-17,346.24
2014-02-17,346.28
2014-02-18,346.21
2014-02-18,346.15
2014-02-18,346.25
2014-02-19,346.1
2014-02-19,346.16
2014-02-19,346.2
2014-02-20,346.17
2014-02-20,346.32
2014-02-20,346.27
2014-02-21,346.16
2014-02-21,346.29
2014-02-21,346.25
2014-02-22,346.15
2014-02-22,346.24
2014-02-22,346.2
2014-02-23,346.32
2014-02-23,346.22
2014-02-23,346.26
2014-02-24,346.37
2014-02-24,346.24
2014-02-24,346.3
2014-02-25,346.41
2014-02-25,346.28
2014-02-25,346.34
2014-02-26,346.39
2014-02-26,346.46
2014-02-26,346.34
2014-02-27,346.21
2014-02-27,346.34
2014-02-27,346.42
2014-02-28,346.28
2014-02-28,346.13
2014-02-28,346.0
2014-03-01,346.38
2014-03-01,346.25
2014-03-01,346.15
2014-03-02,346.6
2014-03-02,346.37
2014-03-02,346.55
2014-03-03,346.53
2014-03-03,346.58
2014-03-03,346.48
2014-03-04,346.48
2014-03-04,346.42
2014-03-04,346.54
2014-03-05,346.52
2014-03-05,346.58
2014-03-05,346.48
2014-03-06,346.42
2014-03-06,346.51
2014-03-06,346.57
2014-03-07,346.37
2014-03-07,346.43
2014-03-07,346.48
2014-03-08,346.59
2014-03-08,346.68
2014-03-08,346.48
2014-03-09,346.71
2014-03-09,346.59
2014-03-09,346.67
2014-03-10,346.49
2014-03-10,346.57
2014-03-10,346.63
2014-03-11,346.48
2014-03-11,346.51
2014-03-11,346.43
2014-03-12,346.56
2014-03-12,346.42
2014-03-12,346.49
2014-03-13,346.36
2014-03-13,346.54
2014-03-13,346.44
2014-03-14,346.51
2014-03-14,346.59
2014-03-14,346.67
2014-03-15,346.73
2014-03-15,346.82
2014-03-15,346.65
2014-03-16,346.86
2014-03-16,346.8
2014-03-16,346.69
2014-03-17,346.48
2014-03-17,346.31
2014-03-17,346.7
2014-03-18,346.5
2014-03-18,346.37
2014-03-18,346.31
2014-03-19,346.48
2014-03-19,346.66
2014-03-19,346.59
2014-03-20,346.5
2014-03-20,346.66
2014-03-20,346.6
2014-03-21,346.53
2014-03-21,346.56
2014-03-21,346.61
2014-03-22,346.73
2014-03-22,346.59
2014-03-22,346.66
2014-03-23,346.77
2014-03-23,346.72
2014-03-23,346.65
2014-03-24,346.71
2014-03-24,346.65
2014-03-24,346.75
2014-03-25,346.54
2014-03-25,346.68
2014-03-25,346.62
2014-03-26,346.52
2014-03-26,346.59
2014-03-26,346.65
2014-03-27,346.62
2014-03-27,346.7
2014-03-27,346.8
2014-03-28,346.82
2014-03-28,346.89
2014-03-28,346.78
2014-03-29,346.89
2014-03-29,346.7
2014-03-29,346.82
2014-03-30,346.72
2014-03-30,346.66
2014-03-30,346.77
2014-03-31,346.73
2014-03-31,346.65
2014-03-31,346.77
2014-04-01,346.63
2014-04-01,346.69
2014-04-01,346.74
2014-04-02,346.84
2014-04-02,346.73
2014-04-02,346.64
2014-04-03,346.91
2014-04-03,346.81
2014-04-03,346.85
2014-04-04,346.72
2014-04-04,346.78
2014-04-04,346.86
2014-04-05,346.73
2014-04-05,346.77
2014-04-05,346.89
2014-04-06,346.97
2014-04-06,346.85
2014-04-06,346.9
2014-04-07,346.97
2014-04-07,346.93
2014-04-07,347.02
2014-04-08,346.91
2014-04-08,347.04
2014-04-08,346.99
2014-04-09,346.84
2014-04-09,346.97
2014-04-09,346.92
2014-04-10,346.79
2014-04-10,346.9
2014-04-10,346.85
2014-04-11,346.72
2014-04-11,346.83
2014-04-11,346.78
2014-04-12,346.71
2014-04-12,346.84
2014-04-12,346.77
2014-04-13,346.95
2014-04-13,346.86
2014-04-13,346.81
2014-04-14,347.03
2014-04-14,346.9
2014-04-14,346.99
2014-04-15,346.8
2014-04-15,346.92
2014-04-15,347.02
2014-04-16,346.8
2014-04-16,346.74
2014-04-16,346.86
2014-04-17,346.81
2014-04-17,346.85
2014-04-17,346.92
2014-04-18,346.99
2014-04-18,346.84
2014-04-18,346.9
2014-04-19,346.95
2014-04-19,347.04
2014-04-19,347.13
2014-04-20,347.17
2014-04-20,347.09
2014-04-20,347.12
2014-04-21,347.17
2014-04-21,347.12
2014-04-21,347.04
2014-04-22,346.94
2014-04-22,347.01
2014-04-22,347.07
2014-04-23,346.98
2014-04-23,347.01
2014-04-23,347.06
2014-04-24,347.06
2014-04-24,347.0
2014-04-24,347.11
2014-04-25,346.88
2014-04-25,346.99
2014-04-25,347.06
2014-04-26,346.82
2014-04-26,347.14
2014-04-26,347.02
2014-04-27,347.09
2014-04-27,347.19
2014-04-27,347.14
2014-04-28,347.25
2014-04-28,347.12
2014-04-28,347.18
2014-04-29,347.24
2014-04-29,347.35
2014-04-29,347.29
2014-04-30,347.21
2014-04-30,347.28
2014-04-30,347.33
2014-05-01,347.34
2014-05-01,347.21
2014-05-01,347.27
2014-05-02,347.25
2014-05-02,347.18
2014-05-02,347.29
2014-05-03,347.23
2014-05-03,347.12
2014-05-03,347.18
2014-05-04,347.19
2014-05-04,347.25
2014-05-04,347.15
2014-05-05,347.24
2014-05-05,347.2
2014-05-05,347.13
2014-05-06,347.08
2014-05-06,347.03
2014-05-06,347.15
2014-05-07,347.29
2014-05-07,347.1
2014-05-07,347.21
2014-05-08,347.25
2014-05-08,347.32
2014-05-08,347.39
2014-05-09,347.36
2014-05-09,347.39
2014-05-09,347.28
2014-05-10,347.3
2014-05-10,347.13
2014-05-10,347.25
2014-05-11,347.24
2014-05-11,347.13
2014-05-11,347.37
2014-05-12,347.35
2014-05-12,347.4
2014-05-12,347.46
2014-05-13,347.45
2014-05-13,347.57
2014-05-13,347.52
2014-05-14,347.55
2014-05-14,347.51
2014-05-14,347.44
2014-05-15,347.4
2014-05-15,347.48
2014-05-15,347.53
2014-05-16,347.48
2014-05-16,347.34
2014-05-16,347.42
2014-05-17,347.25
2014-05-17,347.32
2014-05-17,347.38
2014-05-18,347.32
2014-05-18,347.28
2014-05-18,347.24
2014-05-19,347.3
2014-05-19,347.33
2014-05-19,347.4
2014-05-20,347.37
2014-05-20,347.45
2014-05-20,347.4
2014-05-21,347.4
2014-05-21,347.44
2014-05-21,347.48
2014-05-22,347.53
2014-05-22,347.41
2014-05-22,347.47
2014-05-23,347.57
2014-05-23,347.48
2014-05-23,347.52
2014-05-24,347.53
2014-05-24,347.47
2014-05-24,347.57
2014-05-25,347.54
2014-05-25,347.51
2014-05-25,347.46
2014-05-26,347.54
2014-05-26,347.5
2014-05-26,347.59
2014-05-27,347.52
2014-05-27,347.57
2014-05-27,347.61
2014-05-28,347.45
2014-05-28,347.57
2014-05-28,347.51
2014-05-29,347.52
2014-05-29,347.56
2014-05-29,347.49
2014-05-30,347.5
2014-05-30,347.58
2014-05-30,347.54
2014-05-31,347.57
2014-05-31,347.53
2014-05-31,347.61
2014-06-01,347.53
2014-06-01,347.6
2014-06-01,347.57
2014-06-02,347.54
2014-06-02,347.62
2014-06-02,347.59
2014-06-03,347.66
2014-06-03,347.61
2014-06-03,347.57
2014-06-04,347.57
2014-06-04,347.65
2014-06-04,347.62
2014-06-05,347.57
2014-06-05,347.65
2014-06-05,347.63
2014-06-06,347.59
2014-06-06,347.65
2014-06-06,347.63
2014-06-07,347.66
2014-06-07,347.63
2014-06-07,347.6
2014-06-08,347.66
2014-06-08,347.62
2014-06-08,347.7
2014-06-09,347.69
2014-06-09,347.64
2014-06-09,347.72
2014-06-10,347.81
2014-06-10,347.67
2014-06-10,347.71
2014-06-11,347.77
2014-06-11,347.81
2014-06-11,347.88
2014-06-12,347.84
2014-06-12,347.87
2014-06-12,347.92
2014-06-13,347.82
2014-06-13,347.87
2014-06-13,347.91
2014-06-14,347.83
2014-06-14,347.77
2014-06-14,347.86
2014-06-15,347.78
2014-06-15,347.87
2014-06-15,347.82
2014-06-16,347.83
2014-06-16,347.91
2014-06-16,347.87
2014-06-17,347.9
2014-06-17,347.95
2014-06-17,347.88
2014-06-18,347.94
2014-06-18,347.98
2014-06-18,347.88
2014-06-19,348.01
2014-06-19,347.97
2014-06-19,347.93
2014-06-20,347.93
2014-06-20,347.97
2014-06-20,348.0
2014-06-21,347.97
2014-06-21,347.94
2014-06-21,347.92
2014-06-22,348.0
2014-06-22,347.96
2014-06-22,347.93
2014-06-23,347.94
2014-06-23,348.04
2014-06-23,347.99
2014-06-24,347.98
2014-06-24,348.06
2014-06-24,348.01
2014-06-25,347.99
2014-06-25,348.03
2014-06-25,347.96
2014-06-26,348.05
2014-06-26,347.95
2014-06-26,348.0
2014-06-27,348.03
2014-06-27,347.94
2014-06-27,347.99
2014-06-28,347.95
2014-06-28,348.06
2014-06-28,348.0
2014-06-29,348.09
2014-06-29,348.01
2014-06-29,348.05
2014-06-30,348.12
2014-06-30,348.07
2014-06-30,348.03
2014-07-01,348.07
2014-07-01,348.12
2014-07-01,348.03
2014-07-02,348.06
2014-07-02,348.12
2014-07-02,348.16
2014-07-03,348.17
2014-07-03,348.13
2014-07-03,348.22
2014-07-04,348.26
2014-07-04,348.34
2014-07-04,348.2
2014-07-05,348.28
2014-07-05,348.33
2014-07-05,348.36
2014-07-06,348.2
2014-07-06,348.34
2014-07-06,348.29
2014-07-07,348.2
2014-07-07,348.25
2014-07-07,348.13
2014-07-08,348.21
2014-07-08,348.16
2014-07-08,348.27
2014-07-09,348.28
2014-07-09,348.17
2014-07-09,348.24
2014-07-10,348.24
2014-07-10,348.29
2014-07-10,348.19
2014-07-11,348.34
2014-07-11,348.29
2014-07-11,348.25
2014-07-12,348.31
2014-07-12,348.26
2014-07-12,348.36
2014-07-13,348.32
2014-07-13,348.22
2014-07-13,348.27
2014-07-14,348.33
2014-07-14,348.26
2014-07-14,348.4
2014-07-15,348.39
2014-07-15,348.43
2014-07-15,348.34
2014-07-16,348.44
2014-07-16,348.39
2014-07-16,348.34
2014-07-17,348.44
2014-07-17,348.39
2014-07-17,348.34
2014-07-18,348.38
2014-07-18,348.34
2014-07-18,348.43
2014-07-19,348.4
2014-07-19,348.33
2014-07-19,348.37
2014-07-20,348.35
2014-07-20,348.45
2014-07-20,348.4
2014-07-21,348.46
2014-07-21,348.52
2014-07-21,348.42
2014-07-22,348.47
2014-07-22,348.54
2014-07-22,348.5
2014-07-23,348.49
2014-07-23,348.4
2014-07-23,348.52
2014-07-24,348.43
2014-07-24,348.28
2014-07-24,348.37
2014-07-25,348.48
2014-07-25,348.36
2014-07-25,348.41
2014-07-26,348.56
2014-07-26,348.49
2014-07-26,348.44
2014-07-27,348.6
2014-07-27,348.5
2014-07-27,348.55
2014-07-28,348.63
2014-07-28,348.57
2014-07-28,348.68
2014-07-29,348.62
2014-07-29,348.54
2014-07-29,348.65
2014-07-30,348.51
2014-07-30,348.59
2014-07-30,348.56
2014-07-31,348.53
2014-07-31,348.46
2014-07-31,348.56
2014-08-01,348.53
2014-08-01,348.56
2014-08-01,348.49
2014-08-02,348.52
2014-08-02,348.67
2014-08-02,348.58
2014-08-03,348.6
2014-08-03,348.57
2014-08-03,348.65
2014-08-04,348.61
2014-08-04,348.66
2014-08-04,348.7
2014-08-05,348.7
2014-08-05,348.74
2014-08-05,348.67
2014-08-06,348.64
2014-08-06,348.72
2014-08-06,348.74
2014-08-07,348.67
2014-08-07,348.6
2014-08-07,348.7
2014-08-08,348.69
2014-08-08,348.6
2014-08-08,348.65
2014-08-09,348.65
2014-08-09,348.76
2014-08-09,348.69
2014-08-10,348.69
2014-08-10,348.74
2014-08-10,348.78
2014-08-11,348.7
2014-08-11,348.75
2014-08-11,348.79
2014-08-12,348.77
2014-08-12,348.69
2014-08-12,348.8
2014-08-13,348.73
2014-08-13,348.81
2014-08-13,348.78
2014-08-14,348.75
2014-08-14,348.85
2014-08-14,348.8
2014-08-15,348.79
2014-08-15,348.84
2014-08-15,348.89
2014-08-16,348.88
2014-08-16,348.93
2014-08-16,348.82
2014-08-17,348.89
2014-08-17,348.77
2014-08-17,348.86
2014-08-18,348.81
2014-08-18,348.7
2014-08-18,348.77
2014-08-19,348.73
2014-08-19,348.82
2014-08-19,348.78
2014-08-20,348.89
2014-08-20,348.85
2014-08-20,348.8
2014-08-21,348.96
2014-08-21,348.9
2014-08-21,348.85
2014-08-22,348.99
2014-08-22,348.95
2014-08-22,348.92
2014-08-23,349.01
2014-08-23,348.95
2014-08-23,348.87
2014-08-24,348.91
2014-08-24,348.95
2014-08-24,348.84
2014-08-25,348.89
2014-08-25,349.02
2014-08-25,348.95
2014-08-26,349.04
2014-08-26,349.0
2014-08-26,349.1
2014-08-27,349.13
2014-08-27,349.17
2014-08-27,349.09
2014-08-28,349.11
2014-08-28,349.16
2014-08-28,349.01
2014-08-29,349.0
2014-08-29,349.05
2014-08-29,348.92
2014-08-30,348.98
2014-08-30,348.89
2014-08-30,348.94
2014-08-31,348.92
2014-08-31,349.01
2014-08-31,348.96
2014-09-01,349.03
2014-09-01,348.97
2014-09-01,348.99
2014-09-02,348.97
2014-09-02,349.06
2014-09-02,349.03
2014-09-03,349.0
2014-09-03,349.03
2014-09-03,348.92
2014-09-04,349.08
2014-09-04,348.96
2014-09-04,349.01
2014-09-05,349.07
2014-09-05,349.15
2014-09-05,349.23
2014-09-06,349.16
2014-09-06,349.28
2014-09-06,349.22
2014-09-07,349.19
2014-09-07,349.23
2014-09-07,349.12
2014-09-08,349.27
2014-09-08,349.17
2014-09-08,349.22
2014-09-09,349.33
2014-09-09,349.22
2014-09-09,349.28
2014-09-10,349.28
2014-09-10,349.2
2014-09-10,349.32
2014-09-11,349.3
2014-09-11,349.27
2014-09-11,349.2
2014-09-12,349.29
2014-09-12,349.17
2014-09-12,349.25
2014-09-13,349.26
2014-09-13,349.23
2014-09-13,349.15
2014-09-14,349.24
2014-09-14,349.29
2014-09-14,349.18
2014-09-15,349.23
2014-09-15,349.34
2014-09-15,349.3
2014-09-16,349.34
2014-09-16,349.31
2014-09-16,349.25
2014-09-17,349.29
2014-09-17,349.33
2014-09-17,349.23
2014-09-18,349.35
2014-09-18,349.4
2014-09-18,349.31
2014-09-19,349.35
2014-09-19,349.45
2014-09-19,349.4
2014-09-20,349.45
2014-09-20,349.5
2014-09-20,349.42
2014-09-21,349.48
2014-09-21,349.51
2014-09-21,349.56
2014-09-22,349.57
2014-09-22,349.49
2014-09-22,349.53
2014-09-23,349.48
2014-09-23,349.54
2014-09-23,349.59
2014-09-24,349.45
2014-09-24,349.51
2014-09-24,349.55
2014-09-25,349.47
2014-09-25,349.5
2014-09-25,349.57
2014-09-26,349.39
2014-09-26,349.51
2014-09-26,349.47
2014-09-27,349.35
2014-09-27,349.45
2014-09-27,349.49
2014-09-28,349.54
2014-09-28,349.44
2014-09-28,349.49
2014-09-29,349.53
2014-09-29,349.5
2014-09-29,349.56
2014-09-30,349.56
2014-09-30,349.43
2014-09-30,349.53
2014-10-01,349.44
2014-10-01,349.61
2014-10-01,349.48
2014-10-02,349.7
2014-10-02,349.61
2014-10-02,349.77
2014-10-03,349.77
2014-10-03,349.84
2014-10-03,349.74
2014-10-04,349.73
2014-10-04,349.63
2014-10-04,349.77
2014-10-05,349.6
2014-10-05,349.68
2014-10-05,349.72
2014-10-06,349.7
2014-10-06,349.66
2014-10-06,349.59
2014-10-07,349.6
2014-10-07,349.65
2014-10-07,349.71
2014-10-08,349.62
2014-10-08,349.66
2014-10-08,349.56
2014-10-09,349.75
2014-10-09,349.65
2014-10-09,349.68
2014-10-10,349.72
2014-10-10,349.75
2014-10-10,349.79
2014-10-11,349.81
2014-10-11,349.72
2014-10-11,349.76
2014-10-12,349.73
2014-10-12,349.79
2014-10-12,349.68
2014-10-13,349.88
2014-10-13,349.78
2014-10-13,349.83
2014-10-14,349.75
2014-10-14,349.86
2014-10-14,349.82
2014-10-15,349.86
2014-10-15,349.81
2014-10-15,349.76
2014-10-16,349.77
2014-10-16,349.89
2014-10-16,349.83
2014-10-17,349.87
2014-10-17,349.77
2014-10-17,349.82
2014-10-18,349.83
2014-10-18,349.72
2014-10-18,349.79
2014-10-19,349.75
2014-10-19,349.78
2014-10-19,349.84
2014-10-20,349.83
2014-10-20,349.89
2014-10-20,349.8
2014-10-21,349.85
2014-10-21,349.89
2014-10-21,349.79
2014-10-22,349.92
2014-10-22,350.01
2014-10-22,349.85
2014-10-23,349.96
2014-10-23,350.04
2014-10-23,349.99
2014-10-24,350.08
2014-10-24,350.02
2014-10-24,349.97
2014-10-25,350.02
2014-10-25,350.05
2014-10-25,350.1
2014-10-26,350.0
2014-10-26,350.05
2014-10-26,349.89
2014-10-27,350.0
2014-10-27,349.88
2014-10-27,349.91
2014-10-28,350.12
2014-10-28,349.99
2014-10-28,350.03
2014-10-29,350.05
2014-10-29,350.09
2014-10-29,350.14
2014-10-30,350.01
2014-10-30,350.1
2014-10-30,350.06
2014-10-31,350.01
2014-10-31,349.92
2014-10-31,350.05
2014-11-01,350.06
2014-11-01,349.9
2014-11-01,350.0
2014-11-02,350.11
2014-11-02,350.18
2014-11-02,350.04
2014-11-03,350.24
2014-11-03,350.31
2014-11-03,350.17
2014-11-04,350.31
2014-11-04,350.25
2014-11-04,350.37
2014-11-05,350.22
2014-11-05,350.32
2014-11-05,350.28
2014-11-06,350.38
2014-11-06,350.32
2014-11-06,350.27
2014-11-07,350.16
2014-11-07,350.32
2014-11-07,350.23
2014-11-08,350.25
2014-11-08,350.13
2014-11-08,350.19
2014-11-09,350.18
2014-11-09,350.05
2014-11-09,349.96
2014-11-10,349.95
2014-11-10,350.05
2014-11-10,349.99
2014-11-11,350.1
2014-11-11,350.15
2014-11-11,350.04
2014-11-12,350.18
2014-11-12,350.26
2014-11-12,350.13
2014-11-13,350.27
2014-11-13,350.33
2014-11-13,350.23
2014-11-14,350.31
2014-11-14,350.27
2014-11-14,350.23
2014-11-15,350.37
2014-11-15,350.32
2014-11-15,350.27
2014-11-16,350.45
2014-11-16,350.31
2014-11-16,350.52
2014-11-17,350.46
2014-11-17,350.51
2014-11-17,350.42
2014-11-18,350.42
2014-11-18,350.46
2014-11-18,350.52
2014-11-19,350.36
2014-11-19,350.43
2014-11-19,350.47
2014-11-21,350.4
2014-11-21,350.27
2014-11-21,350.22
2014-11-22,350.47
2014-11-22,350.35
2014-11-22,350.4
2014-11-23,350.38
2014-11-23,350.48
2014-11-23,350.57
2014-11-24,350.53
2014-11-24,350.61
2014-11-24,350.78
2014-11-25,350.68
2014-11-25,350.83
2014-11-25,350.74
2014-11-26,350.57
2014-11-26,350.71
2014-11-26,350.63
2014-11-27,350.42
2014-11-27,350.57
2014-11-27,350.48
2014-11-28,350.27
2014-11-28,350.34
2014-11-28,350.42
2014-11-29,350.32
2014-11-29,350.21
2014-11-29,350.27
2014-11-30,350.39
2014-11-30,350.27
2014-11-30,350.55
2014-12-01,350.63
2014-12-01,350.54
2014-12-01,350.5
2014-12-02,350.38
2014-12-02,350.51
2014-12-02,350.45
2014-12-03,350.42
2014-12-03,350.45
2014-12-03,350.52
2014-12-04,350.43
2014-12-04,350.63
2014-12-04,350.52
2014-12-05,350.72
2014-12-05,350.6
2014-12-05,350.65
2014-12-06,350.8
2014-12-06,350.7
2014-12-06,350.75
2014-12-07,350.7
2014-12-07,350.75
2014-12-07,350.82
2014-12-08,350.69
2014-12-08,350.72
2014-12-08,350.64
2014-12-09,350.66
2014-12-09,350.59
2014-12-09,350.71
2014-12-10,350.64
2014-12-10,350.55
2014-12-10,350.58
2014-12-11,350.61
2014-12-11,350.56
2014-12-11,350.5
2014-12-12,350.59
2014-12-12,350.48
2014-12-12,350.7
2014-12-13,350.69
2014-12-13,350.74
2014-12-13,350.79
2014-12-14,350.8
2014-12-14,350.76
2014-12-14,350.72
2014-12-15,350.73
2014-12-15,350.77
2014-12-15,350.67
2014-12-16,350.71
2014-12-16,350.66
2014-12-16,350.75
2014-12-17,350.86
2014-12-17,350.67
2014-12-17,350.77
2014-12-18,350.98
2014-12-18,350.91
2014-12-18,350.84
2014-12-19,350.91
2014-12-19,351.02
2014-12-19,350.95
2014-12-20,350.97
2014-12-20,350.92
2014-12-20,350.88
2014-12-21,350.82
2014-12-21,350.94
2014-12-21,350.87
2014-12-22,350.82
2014-12-22,350.75
2014-12-22,350.87
2014-12-23,350.82
2014-12-23,350.88
2014-12-23,350.96
2014-12-24,350.64
2014-12-24,350.94
2014-12-24,350.84
2014-12-25,350.61
2014-12-25,350.74
2014-12-25,350.56
2014-12-26,350.73
2014-12-26,351.07
2014-12-26,350.88
2014-12-30,350.81
2014-12-30,350.75
2014-12-30,350.91
2014-12-31,350.92
2014-12-31,350.76
2014-12-31,350.83
2015-01-01,351.02
2015-01-01,351.07
2015-01-01,350.92
2015-01-02,351.04
2015-01-02,351.12
2015-01-02,351.0
2015-01-03,351.18
2015-01-03,351.1
2015-01-03,351.27
2015-01-04,351.25
2015-01-04,351.35
2015-01-04,351.29
2015-01-05,351.21
2015-01-05,351.32
2015-01-05,351.26
2015-01-06,351.14
2015-01-06,351.26
2015-01-06,351.2
2015-01-07,351.18
2015-01-07,351.05
2015-01-07,351.12
2015-01-08,351.08
2015-01-08,350.96
2015-01-08,351.0
2015-01-09,350.97
2015-01-09,351.03
2015-01-09,350.92
2015-01-10,350.92
2015-01-10,351.01
2015-01-10,350.96
2015-01-11,351.0
2015-01-11,351.11
2015-01-11,350.94
2015-01-12,351.1
2015-01-12,351.2
2015-01-12,351.13
2015-01-13,351.17
2015-01-13,351.05
2015-01-13,351.13
2015-01-14,351.21
2015-01-14,351.16
2015-01-14,351.29
2015-01-15,351.35
2015-01-15,351.29
2015-01-15,351.26
2015-01-16,351.18
2015-01-16,351.23
2015-01-16,351.29
2015-01-17,351.24
2015-01-17,351.32
2015-01-17,351.18
2015-01-18,351.32
2015-01-18,351.23
2015-01-18,351.27
2015-01-19,351.11
2015-01-19,351.25
2015-01-19,351.18
2015-01-20,351.11
2015-01-20,350.94
2015-01-20,351.05
2015-01-21,351.22
2015-01-21,351.07
2015-01-21,350.98
2015-01-22,351.31
2015-01-22,351.22
2015-01-22,351.41
2015-01-23,351.34
2015-01-23,351.26
2015-01-23,351.4
2015-01-24,351.17
2015-01-24,351.31
2015-01-24,351.23
2015-01-25,351.21
2015-01-25,351.25
2015-01-25,351.13
2015-01-26,351.14
2015-01-26,351.18
2015-01-26,351.25
2015-01-27,351.32
2015-01-27,351.37
2015-01-27,351.25
2015-01-28,351.31
2015-01-28,351.37
2015-01-28,351.26
2015-01-29,351.23
2015-01-29,351.28
2015-01-29,351.17
2015-01-30,351.08
2015-01-30,351.17
2015-01-30,351.01
2015-01-31,351.09
2015-01-31,351.24
2015-01-31,351.01
2015-02-01,351.23
2015-02-01,351.34
2015-02-01,351.41
2015-02-02,351.37
2015-02-02,351.41
2015-02-02,351.3
2015-02-03,351.31
2015-02-03,351.36
2015-02-03,351.41
2015-02-04,351.36
2015-02-04,351.45
2015-02-04,351.4
2015-02-05,351.3
2015-02-05,351.4
2015-02-05,351.43
2015-02-06,351.49
2015-02-06,351.38
2015-02-06,351.42
2015-02-07,351.43
2015-02-07,351.47
2015-02-07,351.5
2015-02-08,351.49
2015-02-08,351.4
2015-02-08,351.46
2015-02-09,351.35
2015-02-09,351.44
2015-02-09,351.49
2015-02-10,351.25
2015-02-10,351.31
2015-02-10,351.36
2015-02-11,351.5
2015-02-11,351.34
2015-02-11,351.42
2015-02-12,351.44
2015-02-12,351.54
2015-02-12,351.49
2015-02-13,351.4
2015-02-13,351.46
2015-02-13,351.51
2015-02-14,351.39
2015-02-14,351.46
2015-02-14,351.52
2015-02-15,351.39
2015-02-15,351.44
2015-02-15,351.31
2015-02-16,351.44
2015-02-16,351.39
2015-02-16,351.35
2015-02-17,351.56
2015-02-17,351.5
2015-02-17,351.43
2015-02-18,351.62
2015-02-18,351.52
2015-02-18,351.57
2015-02-19,351.6
2015-02-19,351.48
2015-02-19,351.53
2015-02-20,351.5
2015-02-20,351.35
2015-02-20,351.44
2015-02-21,351.39
2015-02-21,351.47
2015-02-21,351.32
2015-02-22,351.31
2015-02-22,351.41
2015-02-22,351.36
2015-02-23,351.35
2015-02-23,351.54
2015-02-23,351.68
2015-02-24,351.83
2015-02-24,351.67
2015-02-24,351.73
2015-02-25,351.83
2015-02-25,351.72
2015-02-25,351.62
2015-02-26,351.41
2015-02-26,351.63
2015-02-26,351.49
2015-02-27,351.39
2015-02-27,351.45
2015-02-27,351.34
2015-02-28,351.36
2015-02-28,351.46
2015-02-28,351.55
2015-03-01,351.62
2015-03-01,351.52
2015-03-01,351.57
2015-03-02,351.69
2015-03-02,351.6
2015-03-02,351.55
2015-03-03,351.58
2015-03-03,351.7
2015-03-03,351.65
2015-03-04,351.83
2015-03-04,351.69
2015-03-04,351.96
2015-03-05,351.95
2015-03-05,352.08
2015-03-05,352.0
2015-03-06,351.91
2015-03-06,351.99
2015-03-06,351.81
2015-03-07,351.8
2015-03-07,351.72
2015-03-07,351.85
2015-03-08,351.76
2015-03-08,351.81
2015-03-08,351.7
2015-03-09,351.76
2015-03-09,351.71
2015-03-09,351.63
2015-03-10,351.85
2015-03-10,351.69
2015-03-10,351.74
2015-03-11,351.8
2015-03-11,351.88
2015-03-11,351.93
2015-03-12,351.85
2015-03-12,351.8
2015-03-12,351.92
2015-03-13,351.93
2015-03-13,351.82
2015-03-13,351.88
2015-03-14,351.91
2015-03-14,351.96
2015-03-14,351.86
2015-03-15,351.9
2015-03-15,351.95
2015-03-15,351.78
2015-03-16,351.84
2015-03-16,351.79
2015-03-16,351.71
2015-03-17,351.78
2015-03-17,351.82
2015-03-17,351.73
2015-03-18,351.84
2015-03-18,351.79
2015-03-18,351.73
2015-03-19,351.92
2015-03-19,351.76
2015-03-19,351.83
2015-03-20,351.9
2015-03-20,351.93
2015-03-20,352.01
2015-03-21,352.05
2015-03-21,351.94
2015-03-21,351.99
2015-03-22,351.98
2015-03-22,352.08
2015-03-22,352.03
2015-03-23,352.02
2015-03-23,352.07
2015-03-23,351.96
2015-03-24,351.87
2015-03-24,351.94
2015-03-24,352.02
2015-03-25,352.02
2015-03-25,351.89
2015-03-25,351.95
2015-03-26,352.01
2015-03-26,351.96
2015-03-26,352.08
2015-03-27,351.96
2015-03-27,352.07
2015-03-27,352.02
2015-03-28,352.05
2015-03-28,351.95
2015-03-28,352.01
2015-03-29,352.01
2015-03-29,351.9
2015-03-29,351.97
2015-03-30,351.94
2015-03-30,351.98
2015-03-30,351.89
2015-03-31,351.92
2015-03-31,351.87
2015-03-31,351.97
2015-04-01,351.98
2015-04-01,351.85
2015-04-01,351.91
2015-04-02,351.88
2015-04-02,352.06
2015-04-02,351.94
2015-04-03,352.12
2015-04-03,352.06
2015-04-03,352.01
2015-04-04,352.05
2015-04-04,351.97
2015-04-04,351.89
2015-04-05,351.95
2015-04-05,351.91
2015-04-05,351.84
2015-04-06,351.98
2015-04-06,352.05
2015-04-06,351.92
2015-04-07,352.04
2015-04-07,352.08
2015-04-07,352.13
2015-04-08,352.12
2015-04-08,352.17
2015-04-08,352.04
2015-04-09,352.12
2015-04-09,352.01
2015-04-09,352.08
2015-04-10,352.16
2015-04-10,352.11
2015-04-10,352.07
2015-04-11,352.14
2015-04-11,352.09
2015-04-11,352.03
2015-04-12,352.07
2015-04-12,352.11
2015-04-12,352.24
2015-04-13,352.21
2015-04-13,352.25
2015-04-13,352.29
2015-04-14,352.3
2015-04-14,352.16
2015-04-14,352.25
2015-04-15,352.09
2015-04-15,352.22
2015-04-15,352.16
2015-04-16,352.31
2015-04-16,352.2
2015-04-16,352.17
2015-04-17,352.31
2015-04-17,352.17
2015-04-17,352.27
2015-04-18,352.17
2015-04-18,352.3
2015-04-18,352.25
2015-04-19,352.07
2015-04-19,352.22
2015-04-19,352.17
2015-04-20,352.15
2015-04-20,352.11
2015-04-20,352.04
2015-04-21,352.11
2015-04-21,352.15
2015-04-21,352.21
2015-04-22,352.17
2015-04-22,352.13
2015-04-22,352.2
2015-04-23,352.25
2015-04-23,352.16
2015-04-23,352.19
2015-04-24,352.35
2015-04-24,352.32
2015-04-24,352.23
2015-04-25,352.34
2015-04-25,352.19
2015-04-25,352.31
2015-04-26,352.31
2015-04-26,352.26
2015-04-26,352.37
2015-04-27,352.3
2015-04-27,352.34
2015-04-27,352.43
2015-04-28,352.43
2015-04-28,352.4
2015-04-28,352.32
2015-04-29,352.36
2015-04-29,352.25
2015-04-29,352.42
2015-04-30,352.33
2015-04-30,352.24
2015-04-30,352.29
2015-05-01,352.38
2015-05-01,352.3
2015-05-01,352.34
2015-05-02,352.25
2015-05-02,352.36
2015-05-02,352.32
2015-05-03,352.27
2015-05-03,352.32
2015-05-03,352.37
2015-05-04,352.38
2015-05-04,352.34
2015-05-04,352.45
2015-05-05,352.37
2015-05-05,352.43
2015-05-05,352.46
2015-05-06,352.36
2015-05-06,352.43
2015-05-06,352.29
2015-05-07,352.31
2015-05-07,352.38
2015-05-07,352.34
2015-05-08,352.57
2015-05-08,352.45
2015-05-08,352.34
2015-05-09,352.62
2015-05-09,352.55
2015-05-09,352.58
2015-05-10,352.61
2015-05-10,352.54
2015-05-10,352.48
2015-05-11,352.37
2015-05-11,352.52
2015-05-11,352.46
2015-05-12,352.42
2015-05-12,352.49
2015-05-12,352.38
2015-05-13,352.41
2015-05-13,352.48
2015-05-13,352.54
2015-05-14,352.49
2015-05-14,352.43
2015-05-14,352.46
2015-05-15,352.39
2015-05-15,352.44
2015-05-15,352.5
2015-05-16,352.66
2015-05-16,352.6
2015-05-16,352.49
2015-05-17,352.63
2015-05-17,352.66
2015-05-17,352.58
2015-05-18,352.65
2015-05-18,352.6
2015-05-18,352.7
2015-05-19,352.7
2015-05-19,352.67
2015-05-19,352.58
2015-05-20,352.62
2015-05-20,352.51
2015-05-20,352.58
2015-05-21,352.61
2015-05-21,352.57
2015-05-21,352.52
2015-05-22,352.58
2015-05-22,352.65
2015-05-22,352.71
2015-05-23,352.65
2015-05-23,352.75
2015-05-23,352.7
2015-05-24,352.59
2015-05-24,352.68
2015-05-24,352.63
2015-05-25,352.66
2015-05-25,352.59
2015-05-25,352.62
2015-05-26,352.6
2015-05-26,352.64
2015-05-26,352.66
2015-05-27,352.61
2015-05-27,352.68
2015-05-27,352.64
2015-05-28,352.65
2015-05-28,352.61
2015-05-28,352.69
2015-05-29,352.64
2015-05-29,352.6
2015-05-29,352.67
2015-05-30,352.65
2015-05-30,352.7
2015-05-30,352.6
2015-05-31,352.69
2015-05-31,352.61
2015-05-31,352.65
2015-06-01,352.76
2015-06-01,352.71
2015-06-01,352.66
2015-06-02,352.71
2015-06-02,352.64
2015-06-02,352.76
2015-06-03,352.7
2015-06-03,352.59
2015-06-03,352.66
2015-06-04,352.58
2015-06-04,352.6
2015-06-04,352.66
2015-06-05,352.59
2015-06-05,352.61
2015-06-05,352.68
2015-06-06,352.66
2015-06-06,352.74
2015-06-06,352.69
2015-06-07,352.76
2015-06-07,352.71
2015-06-07,352.65
2015-06-08,352.75
2015-06-08,352.69
2015-06-08,352.8
2015-06-09,352.75
2015-06-09,352.79
2015-06-09,352.7
2015-06-10,352.83
2015-06-10,352.74
2015-06-10,352.78
2015-06-11,352.8
2015-06-11,352.72
2015-06-11,352.75
2015-06-12,352.7
2015-06-12,352.73
2015-06-12,352.76
2015-06-13,352.7
2015-06-13,352.77
2015-06-13,352.74
2015-06-14,352.75
2015-06-14,352.8
2015-06-14,352.7
2015-06-15,352.89
2015-06-15,352.82
2015-06-15,352.77
2015-06-16,352.93
2015-06-16,352.89
2015-06-16,352.85
2015-06-17,352.97
2015-06-17,352.88
2015-06-17,352.92
2015-06-18,352.92
2015-06-18,352.95
2015-06-18,353.0
2015-06-19,352.94
2015-06-19,352.86
2015-06-19,352.9
2015-06-20,352.92
2015-06-20,352.89
2015-06-20,352.84
2015-06-21,353.0
2015-06-21,352.89
2015-06-21,352.96
2015-06-22,352.98
2015-06-22,353.02
2015-06-22,352.95
2015-06-23,352.92
2015-06-23,352.99
2015-06-23,353.02
2015-06-24,352.92
2015-06-24,352.98
2015-06-24,352.95
2015-06-25,352.96
2015-06-25,353.03
2015-06-25,352.99
2015-06-26,352.98
2015-06-26,353.07
2015-06-26,353.03
2015-06-27,353.0
2015-06-27,353.03
2015-06-27,353.11
2015-06-28,353.01
2015-06-28,352.95
2015-06-28,353.08
2015-06-29,352.99
2015-06-29,353.03
2015-06-29,352.96
2015-06-30,352.95
2015-06-30,352.99
2015-06-30,353.08
2015-07-01,353.09
2015-07-01,352.97
2015-07-01,353.02
2015-07-02,353.11
2015-07-02,353.02
2015-07-02,353.07
2015-07-03,352.95
2015-07-03,353.05
2015-07-03,353.08
2015-07-04,352.95
2015-07-04,353.05
2015-07-04,352.99
2015-07-05,353.07
2015-07-05,353.02
2015-07-05,353.14
2015-07-06,353.18
2015-07-06,353.13
2015-07-06,353.07
2015-07-07,353.1
2015-07-07,353.0
2015-07-07,353.14
2015-07-08,353.01
2015-07-08,352.95
2015-07-08,353.06
2015-07-09,353.08
2015-07-09,352.97
2015-07-09,353.02
2015-07-10,353.05
2015-07-10,353.1
2015-07-10,353.15
2015-07-11,353.1
2015-07-11,353.17
2015-07-11,353.23
2015-07-12,353.22
2015-07-12,353.26
2015-07-12,353.16
2015-07-13,353.2
2015-07-13,353.11
2015-07-13,353.23
2015-07-14,353.16
2015-07-14,353.13
2015-07-14,353.06
2015-07-15,353.15
2015-07-15,353.2
2015-07-15,353.08
2015-07-16,353.23
2015-07-16,353.13
2015-07-16,353.19
2015-07-17,353.2
2015-07-17,353.1
2015-07-17,353.16
2015-07-18,353.35
2015-07-18,353.19
2015-07-18,353.3
2015-07-19,353.3
2015-07-19,353.43
2015-07-19,353.37
2015-07-20,353.42
2015-07-20,353.26
2015-07-20,353.34
2015-07-21,353.31
2015-07-21,353.15
2015-07-21,353.25
2015-07-22,353.19
2015-07-22,353.25
2015-07-22,353.14
2015-07-23,353.37
2015-07-23,353.23
2015-07-23,353.29
2015-07-24,353.35
2015-07-24,353.43
2015-07-24,353.38
2015-07-25,353.37
2015-07-25,353.28
2015-07-25,353.41
2015-07-26,353.27
2015-07-26,353.22
2015-07-26,353.31
2015-07-27,353.25
2015-07-27,353.2
2015-07-27,353.29
2015-07-28,353.31
2015-07-28,353.25
2015-07-28,353.2
2015-07-29,353.32
2015-07-29,353.27
2015-07-29,353.4
2015-07-30,353.35
2015-07-30,353.41
2015-07-30,353.46
2015-07-31,353.48
2015-07-31,353.37
2015-07-31,353.43
2015-08-01,353.4
2015-08-01,353.37
2015-08-01,353.3
2015-08-02,353.25
2015-08-02,353.35
2015-08-02,353.3
2015-08-03,353.32
2015-08-03,353.36
2015-08-03,353.27
2015-08-04,353.42
2015-08-04,353.32
2015-08-04,353.38
2015-08-05,353.34
2015-08-05,353.4
2015-08-05,353.45
2015-08-06,353.31
2015-08-06,353.36
2015-08-06,353.4
2015-08-07,353.37
2015-08-07,353.32
2015-08-07,353.42
2015-08-08,353.38
2015-08-08,353.41
2015-08-08,353.45
2015-08-09,353.42
2015-08-09,353.45
2015-08-09,353.49
2015-08-10,353.5
2015-08-10,353.39
2015-08-10,353.46
2015-08-11,353.41
2015-08-11,353.44
2015-08-11,353.51
2015-08-12,353.57
2015-08-12,353.49
2015-08-12,353.52
2015-08-13,353.47
2015-08-13,353.56
2015-08-13,353.53
2015-08-14,353.57
2015-08-14,353.53
2015-08-14,353.47
2015-08-15,353.45
2015-08-15,353.56
2015-08-15,353.52
2015-08-16,353.43
2015-08-16,353.5
2015-08-16,353.53
2015-08-17,353.5
2015-08-17,353.55
2015-08-17,353.47
2015-08-18,353.52
2015-08-18,353.48
2015-08-18,353.56
2015-08-19,353.45
2015-08-19,353.55
2015-08-19,353.51
2015-08-20,353.53
2015-08-20,353.44
2015-08-20,353.49
2015-08-21,353.47
2015-08-21,353.54
2015-08-21,353.51
2015-08-22,353.6
2015-08-22,353.51
2015-08-22,353.56
2015-08-23,353.63
2015-08-23,353.68
2015-08-23,353.59
2015-08-24,353.61
2015-08-24,353.69
2015-08-24,353.65
2015-08-25,353.67
2015-08-25,353.62
2015-08-25,353.72
2015-08-26,353.63
2015-08-26,353.68
2015-08-26,353.73
2015-08-27,353.74
2015-08-27,353.61
2015-08-27,353.7
2015-08-28,353.63
2015-08-28,353.55
2015-08-28,353.67
2015-08-29,353.61
2015-08-29,353.67
2015-08-29,353.57
2015-08-30,353.65
2015-08-30,353.6
2015-08-30,353.54
2015-08-31,353.59
2015-08-31,353.65
2015-08-31,353.55
2015-09-01,353.61
2015-09-01,353.71
2015-09-01,353.64
2015-09-02,353.62
2015-09-02,353.69
2015-09-02,353.72
2015-09-03,353.69
2015-09-03,353.65
2015-09-03,353.56
2015-09-04,353.57
2015-09-04,353.62
2015-09-04,353.67
2015-09-05,353.68
2015-09-05,353.64
2015-09-05,353.74
2015-09-06,353.77
2015-09-06,353.69
2015-09-06,353.73
2015-09-07,353.75
2015-09-07,353.67
2015-09-07,353.79
2015-09-08,353.73
2015-09-08,353.77
2015-09-08,353.64
2015-09-09,353.76
2015-09-09,353.75
2015-09-09,353.69
2015-09-10,353.77
2015-09-10,353.83
2015-09-10,353.72
2015-09-11,353.76
2015-09-11,353.87
2015-09-11,353.8
2015-09-12,353.83
2015-09-12,353.88
2015-09-12,353.76
2015-09-13,353.82
2015-09-13,353.65
2015-09-13,353.76
2015-09-14,353.68
2015-09-14,353.71
2015-09-14,353.76
2015-09-15,353.72
2015-09-15,353.77
2015-09-15,353.83
2015-09-16,353.82
2015-09-16,353.92
2015-09-16,353.87
2015-09-17,353.87
2015-09-17,353.9
2015-09-17,353.8
2015-09-18,353.79
2015-09-18,353.73
2015-09-18,353.84
2015-09-19,353.84
2015-09-19,353.73
2015-09-19,353.77
2015-09-20,353.87
2015-09-20,353.74
2015-09-20,353.81
2015-09-21,353.81
2015-09-21,353.86
2015-09-21,353.75
2015-09-22,353.9
2015-09-22,353.97
2015-09-22,353.82
2015-09-23,353.97
2015-09-23,353.87
2015-09-23,353.92
2015-09-24,353.96
2015-09-24,353.92
2015-09-24,353.84
2015-09-25,353.87
2015-09-25,353.97
2015-09-25,353.92
2015-09-26,353.93
2015-09-26,353.89
2015-09-26,353.82
2015-09-27,353.86
2015-09-27,353.82
2015-09-27,353.91
2015-09-28,353.98
2015-09-28,353.88
2015-09-28,353.92
2015-09-29,353.95
2015-09-29,354.01
2015-09-29,353.92
2015-09-30,353.93
2015-09-30,353.98
2015-09-30,353.9
2015-10-01,353.93
2015-10-01,353.98
2015-10-01,354.02
2015-10-02,353.85
2015-10-02,353.98
2015-10-02,354.02
2015-10-03,353.63
2015-10-03,353.86
2015-10-03,353.74
2015-10-04,353.68
2015-10-04,353.73
2015-10-04,353.86
2015-10-05,354.01
2015-10-05,354.17
2015-10-05,353.85
2015-10-06,354.27
2015-10-06,354.21
2015-10-06,354.16
2015-10-07,354.19
2015-10-07,354.25
2015-10-07,354.28
2015-10-08,354.2
2015-10-08,354.11
2015-10-08,354.25
2015-10-09,354.15
2015-10-09,354.18
2015-10-09,354.07
2015-10-10,354.16
2015-10-10,354.09
2015-10-10,354.21
2015-10-11,354.12
2015-10-11,354.03
2015-10-11,354.17
2015-10-12,354.11
2015-10-12,354.15
2015-10-12,354.08
2015-10-13,354.24
2015-10-13,354.13
2015-10-13,354.18
2015-10-14,354.14
2015-10-14,354.05
2015-10-14,354.21
2015-10-15,354.0
2015-10-15,354.1
2015-10-15,354.06
2015-10-16,353.98
2015-10-16,354.06
2015-10-16,354.03
2015-10-17,354.08
2015-10-17,354.03
2015-10-17,353.99
2015-10-18,354.05
2015-10-18,354.1
2015-10-18,354.02
2015-10-19,354.02
2015-10-19,354.13
2015-10-19,354.09
2015-10-20,354.06
2015-10-20,354.02
2015-10-20,353.96
2015-10-21,354.04
2015-10-21,354.07
2015-10-21,354.15
2015-10-22,354.12
2015-10-22,354.21
2015-10-22,354.16
2015-10-23,354.15
2015-10-23,354.24
2015-10-23,354.2
2015-10-24,354.2
2015-10-24,354.28
2015-10-24,354.13
2015-10-25,354.24
2015-10-25,354.2
2015-10-25,354.16
2015-10-26,354.15
2015-10-26,354.21
2015-10-26,354.26
2015-10-27,354.19
2015-10-27,354.21
2015-10-27,354.27
2015-10-28,354.08
2015-10-28,354.24
2015-10-28,354.18
2015-10-29,354.03
2015-10-29,353.97
2015-10-29,354.08
2015-10-30,354.29
2015-10-30,354.07
2015-10-30,354.16
2015-10-31,354.28
2015-10-31,354.36
2015-10-31,354.42
2015-11-01,354.42
2015-11-01,354.36
2015-11-01,354.27
2015-11-02,354.04
2015-11-02,354.12
2015-11-02,354.27
2015-11-03,354.17
2015-11-03,354.12
2015-11-03,354.07
2015-11-04,354.43
2015-11-04,354.16
2015-11-04,354.25
2015-11-05,354.57
2015-11-05,354.51
2015-11-05,354.42
2015-11-06,354.43
2015-11-06,354.55
2015-11-06,354.49
2015-11-07,354.49
2015-11-07,354.43
2015-11-07,354.35
2015-11-08,354.32
2015-11-08,354.37
2015-11-08,354.26
2015-11-09,354.3
2015-11-09,354.35
2015-11-09,354.26
2015-11-10,354.32
2015-11-10,354.38
2015-11-10,354.56
2015-11-11,354.64
2015-11-11,354.49
2015-11-11,354.55
2015-11-12,354.33
2015-11-12,354.5
2015-11-12,354.4
2015-11-13,354.28
2015-11-13,354.33
2015-11-13,354.39
2015-11-14,354.33
2015-11-14,354.22
2015-11-14,354.28
2015-11-15,354.2
2015-11-15,354.14
2015-11-15,354.28
2015-11-16,354.45
2015-11-16,354.16
2015-11-16,354.28
2015-11-17,354.57
2015-11-17,354.5
2015-11-17,354.43
2015-11-18,354.5
2015-11-18,354.44
2015-11-18,354.38
2015-11-19,354.42
2015-11-19,354.47
2015-11-19,354.36
2015-11-20,354.35
2015-11-20,354.4
2015-11-20,354.46
2015-11-21,354.45
2015-11-21,354.39
2015-11-21,354.49
2015-11-22,354.35
2015-11-22,354.48
2015-11-22,354.41
2015-11-23,354.37
2015-11-23,354.34
2015-11-23,354.42
2015-11-24,354.35
2015-11-24,354.29
2015-11-24,354.42
2015-11-25,354.39
2015-11-25,354.23
2015-11-25,354.3
2015-11-26,354.36
2015-11-26,354.46
2015-11-26,354.41
2015-11-27,354.41
2015-11-27,354.53
2015-11-27,354.46
2015-11-28,354.5
2015-11-28,354.58
2015-11-28,354.53
2015-11-29,354.6
2015-11-29,354.56
2015-11-29,354.68
2015-11-30,354.56
2015-11-30,354.68
2015-11-30,354.63
2015-12-01,354.57
2015-12-01,354.61
2015-12-01,354.69
2015-12-02,354.7
2015-12-02,354.65
2015-12-02,354.58
2015-12-03,354.53
2015-12-03,354.63
2015-12-03,354.58
2015-12-04,354.56
2015-12-04,354.67
2015-12-04,354.53
2015-12-05,354.79
2015-12-05,354.71
2015-12-05,354.63
2015-12-06,354.64
2015-12-06,354.71
2015-12-06,354.78
2015-12-07,354.61
2015-12-07,354.54
2015-12-07,354.69
2015-12-08,354.59
2015-12-08,354.53
2015-12-08,354.49
2015-12-09,354.49
2015-12-09,354.54
2015-12-09,354.44
2015-12-10,354.49
2015-12-10,354.41
2015-12-10,354.32
2015-12-11,354.32
2015-12-11,354.27
2015-12-11,354.16
2015-12-12,354.61
2015-12-12,354.26
2015-12-12,354.43
2015-12-13,354.59
2015-12-13,354.64
2015-12-13,354.42
2015-12-14,354.4
2015-12-14,354.43
2015-12-14,354.49
2015-12-15,354.7
2015-12-15,354.57
2015-12-15,354.48
2015-12-16,354.74
2015-12-16,354.68
2015-12-16,354.79
2015-12-17,354.73
2015-12-17,354.83
2015-12-17,354.78
2015-12-18,354.78
2015-12-18,354.66
2015-12-18,354.59
2015-12-19,354.56
2015-12-19,354.51
2015-12-19,354.63
2015-12-20,354.81
2015-12-20,354.74
2015-12-20,354.62
2015-12-21,354.83
2015-12-21,354.61
2015-12-21,354.75
2015-12-22,354.44
2015-12-22,354.36
2015-12-22,354.61
2015-12-23,354.33
2015-12-23,354.38
2015-12-23,354.48
2015-12-24,354.66
2015-12-24,354.59
2015-12-24,354.47
2015-12-25,354.62
2015-12-25,354.69
2015-12-25,354.78
2015-12-26,354.95
2015-12-26,354.87
2015-12-26,354.78
2015-12-27,354.74
2015-12-27,354.87
2015-12-27,354.94
2015-12-28,354.75
2015-12-28,354.58
2015-12-28,354.45
2015-12-29,354.83
2015-12-29,354.68
2015-12-29,354.48
2015-12-30,354.85
2015-12-30,354.91
2015-12-30,354.8
2015-12-31,354.78
2015-12-31,354.88
2015-12-31,354.83
2016-01-01,354.81
2016-01-01,354.78
2016-01-01,354.86
2016-01-02,354.78
2016-01-02,354.82
2016-01-02,354.72
2016-01-03,354.76
2016-01-03,354.64
2016-01-03,354.54
2016-01-04,354.5
2016-01-04,354.45
2016-01-04,354.62
2016-01-05,354.49
2016-01-05,354.59
2016-01-05,354.63
2016-01-06,354.69
2016-01-06,354.8
2016-01-06,354.63
2016-01-07,354.65
2016-01-07,354.72
2016-01-07,354.62
2016-01-08,354.82
2016-01-08,354.68
2016-01-08,354.98
2016-01-09,354.95
2016-01-09,355.07
2016-01-09,355.0
2016-01-10,354.92
2016-01-10,354.98
2016-01-10,355.05
2016-01-11,355.05
2016-01-11,355.11
2016-01-11,355.01
2016-01-12,354.97
2016-01-12,355.06
2016-01-12,354.89
2016-01-13,354.88
2016-01-13,354.95
2016-01-13,354.84
2016-01-14,354.83
2016-01-14,354.79
2016-01-14,354.88
2016-01-15,354.9
2016-01-15,354.81
2016-01-15,354.75
2016-01-16,354.85
2016-01-16,354.95
2016-01-16,354.9
2016-01-17,355.01
2016-01-17,354.91
2016-01-17,354.86
2016-01-18,354.91
2016-01-18,354.97
2016-01-18,354.89
2016-01-19,354.93
2016-01-19,354.88
2016-01-19,354.97
2016-01-20,354.99
2016-01-20,354.87
2016-01-20,354.93
2016-01-21,354.92
2016-01-21,354.98
2016-01-21,354.88
2016-01-22,354.91
2016-01-22,354.85
2016-01-22,354.78
2016-01-23,354.66
2016-01-23,354.79
2016-01-23,354.73
2016-01-24,354.84
2016-01-24,354.69
2016-01-24,354.77
2016-01-25,354.78
2016-01-25,354.92
2016-01-25,354.82
2016-01-26,354.99
2016-01-26,355.06
2016-01-26,354.92
2016-01-27,354.97
2016-01-27,355.08
2016-01-27,355.02
2016-01-28,354.83
2016-01-28,355.01
2016-01-28,354.9
2016-01-29,354.73
2016-01-29,354.88
2016-01-29,354.79
2016-01-30,354.74
2016-01-30,354.7
2016-01-30,354.78
2016-01-31,354.51
2016-01-31,354.75
2016-01-31,354.35
2016-02-01,354.75
2016-02-01,354.93
2016-02-01,354.47
2016-02-02,354.93
2016-02-02,354.98
2016-02-02,355.06
2016-02-03,355.16
2016-02-03,355.24
2016-02-03,355.05
2016-02-04,355.22
2016-02-04,355.17
2016-02-04,355.09
2016-02-05,355.12
2016-02-05,355.16
2016-02-05,355.21
2016-02-06,355.15
2016-02-06,354.99
2016-02-06,355.09
2016-02-07,354.99
2016-02-07,354.93
2016-02-07,355.03
2016-02-08,354.98
2016-02-08,355.02
2016-02-08,354.94
2016-02-09,354.9
2016-02-09,354.97
2016-02-09,355.02
2016-02-10,354.94
2016-02-10,354.9
2016-02-10,355.0
2016-02-11,354.95
2016-02-11,354.92
2016-02-11,354.86
2016-02-12,354.94
2016-02-12,354.84
2016-02-12,354.9
2016-02-13,354.82
2016-02-13,354.87
2016-02-13,354.9
2016-02-14,354.88
2016-02-14,354.85
2016-02-14,354.79
2016-02-15,354.83
2016-02-15,354.88
2016-02-15,354.76
2016-02-16,354.84
2016-02-16,354.69
2016-02-16,354.79
2016-02-17,354.73
2016-02-17,354.67
2016-02-17,354.8
2016-02-18,354.7
2016-02-18,354.85
2016-02-18,354.92
2016-02-19,355.04
2016-02-19,354.97
2016-02-19,354.9
2016-02-20,355.0
2016-02-20,355.05
2016-02-20,354.94
2016-02-21,354.96
2016-02-21,355.05
2016-02-21,355.0
2016-02-22,354.87
2016-02-22,355.0
2016-02-22,354.92
2016-02-23,354.97
2016-02-23,355.08
2016-02-23,354.89
2016-02-24,355.05
2016-02-24,355.12
2016-02-24,355.0
2016-02-25,354.99
2016-02-25,355.04
2016-02-25,355.09
2016-02-26,355.04
2016-02-26,355.0
2016-02-26,355.09
2016-02-27,354.98
2016-02-27,355.05
2016-02-27,354.91
2016-02-28,354.96
2016-02-28,355.0
2016-02-28,354.93
2016-02-29,354.99
2016-02-29,354.94
2016-02-29,355.04
2016-03-01,355.01
2016-03-01,355.1
2016-03-01,355.05
2016-03-02,355.04
2016-03-02,355.07
2016-03-02,355.0
2016-03-03,354.98
2016-03-03,355.07
2016-03-03,355.02
2016-03-04,355.02
2016-03-04,354.89
2016-03-04,354.96
2016-03-05,354.93
2016-03-05,355.04
2016-03-05,354.98
2016-03-06,354.95
2016-03-06,354.9
2016-03-06,355.0
2016-03-07,354.78
2016-03-07,354.69
2016-03-07,354.94
2016-03-08,354.93
2016-03-08,354.74
2016-03-08,355.01
2016-03-09,354.97
2016-03-09,355.04
2016-03-09,355.14
2016-03-10,355.1
2016-03-10,355.06
2016-03-10,355.14
2016-03-11,355.03
2016-03-11,354.93
2016-03-11,355.1
2016-03-12,355.17
2016-03-12,355.08
2016-03-12,355.23
2016-03-13,355.18
2016-03-13,355.22
2016-03-13,355.14
2016-03-14,355.19
2016-03-14,355.09
2016-03-14,355.14
2016-03-15,355.07
2016-03-15,354.98
2016-03-15,355.11
2016-03-16,354.94
2016-03-16,355.05
2016-03-16,355.0
2016-03-17,354.9
2016-03-17,354.99
2016-03-17,354.95
2016-03-18,355.05
2016-03-18,354.93
2016-03-18,354.97
2016-03-19,355.1
2016-03-19,355.01
2016-03-19,355.05
2016-03-20,355.19
2016-03-20,355.07
2016-03-20,355.13
2016-03-21,355.14
2016-03-21,355.21
2016-03-21,355.08
2016-03-22,355.01
2016-03-22,355.07
2016-03-22,355.13
2016-03-23,355.24
2016-03-23,355.09
2016-03-23,355.19
2016-03-24,355.17
2016-03-24,355.23
2016-03-24,355.02
2016-03-25,355.04
2016-03-25,354.83
2016-03-25,354.95
2016-03-26,355.04
2016-03-26,354.85
2016-03-26,354.92
2016-03-27,355.02
2016-03-27,355.11
2016-03-27,355.05
2016-03-28,355.05
2016-03-28,354.97
2016-03-28,354.88
2016-03-29,354.94
2016-03-29,355.01
2016-03-29,354.86
2016-03-30,355.15
2016-03-30,355.0
2016-03-30,355.05
2016-03-31,355.21
2016-03-31,355.12
2016-03-31,355.15
2016-04-01,355.23
2016-04-01,355.3
2016-04-01,355.19
2016-04-02,355.21
2016-04-02,355.34
2016-04-02,355.29
2016-04-03,355.26
2016-04-03,355.21
2016-04-03,355.12
2016-04-04,355.26
2016-04-04,355.15
2016-04-04,355.2
2016-04-05,355.24
2016-04-05,355.19
2016-04-05,355.1
2016-04-06,355.09
2016-04-06,355.2
2016-04-06,355.25
2016-04-07,355.17
2016-04-07,354.95
2016-04-07,355.07
2016-04-08,355.04
2016-04-08,354.95
2016-04-08,354.98
2016-04-09,354.93
2016-04-09,355.04
2016-04-09,355.01
2016-04-10,355.12
2016-04-10,354.9
2016-04-10,354.98
2016-04-11,355.25
2016-04-11,355.18
2016-04-11,355.1
2016-04-12,355.25
2016-04-12,355.22
2016-04-12,355.29
2016-04-13,355.22
2016-04-13,355.29
2016-04-13,355.11
2016-04-14,355.12
2016-04-14,355.07
2016-04-14,354.95
2016-04-15,354.89
2016-04-15,354.94
2016-04-15,355.07
2016-04-16,355.04
2016-04-16,355.17
2016-04-16,355.1
2016-04-17,355.17
2016-04-17,355.12
2016-04-17,355.22
2016-04-18,355.27
2016-04-18,355.16
2016-04-18,355.21
2016-04-19,355.08
2016-04-19,355.15
2016-04-19,355.21
2016-04-20,355.13
2016-04-20,355.03
2016-04-20,355.08
2016-04-21,354.98
2016-04-21,355.07
2016-04-21,355.04
2016-04-22,355.01
2016-04-22,355.08
2016-04-22,355.14
2016-04-23,355.12
2016-04-23,355.08
2016-04-23,355.18
2016-04-24,354.97
2016-04-24,355.12
2016-04-24,355.05
2016-04-25,354.93
2016-04-25,354.99
2016-04-25,355.07
2016-04-26,355.06
2016-04-26,355.11
2016-04-26,355.15
2016-04-27,355.03
2016-04-27,355.11
2016-04-27,354.9
2016-04-28,354.9
2016-04-28,355.15
2016-04-28,355.01
2016-04-29,355.15
2016-04-29,355.08
2016-04-29,355.23
2016-04-30,355.08
2016-04-30,354.97
2016-04-30,355.02
2016-05-01,355.24
2016-05-01,355.05
2016-05-01,355.13
2016-05-02,355.24
2016-05-02,355.19
2016-05-02,355.28
2016-05-03,355.14
2016-05-03,355.21
2016-05-03,355.26
2016-05-04,355.15
2016-05-04,355.07
2016-05-04,355.2
2016-05-05,355.13
2016-05-05,355.11
2016-05-05,355.04
2016-05-06,355.14
2016-05-06,355.01
2016-05-06,355.08
2016-05-07,355.21
2016-05-07,355.16
2016-05-07,355.12
2016-05-08,355.17
2016-05-08,355.21
2016-05-08,355.13
2016-05-09,355.22
2016-05-09,355.18
2016-05-09,355.13
2016-05-10,355.19
2016-05-10,355.24
2016-05-10,355.15
2016-05-11,355.26
2016-05-11,355.23
2016-05-11,355.2
2016-05-12,355.23
2016-05-12,355.19
2016-05-12,355.26
2016-05-13,355.2
2016-05-13,355.23
2016-05-13,355.16
2016-05-14,355.19
2016-05-14,355.15
2016-05-14,355.08
2016-05-15,355.05
2016-05-15,355.08
2016-05-15,355.12
2016-05-16,355.08
2016-05-16,355.11
2016-05-16,355.03
2016-05-17,355.09
2016-05-17,355.05
2016-05-17,355.18
2016-05-18,355.2
2016-05-18,355.16
2016-05-18,355.12
2016-05-19,355.01
2016-05-19,355.18
2016-05-19,355.12
2016-05-20,355.01
2016-05-20,355.15
2016-05-20,355.05
2016-05-21,355.17
2016-05-21,355.26
2016-05-21,355.11
2016-05-22,355.22
2016-05-22,355.13
2016-05-22,355.27
2016-05-23,355.19
2016-05-23,355.12
2016-05-23,355.05
2016-05-24,355.19
2016-05-24,355.11
2016-05-24,355.25
2016-05-25,355.22
2016-05-25,355.25
2016-05-25,355.3
2016-05-26,355.14
2016-05-26,355.24
2016-05-26,355.28
2016-05-27,355.18
2016-05-27,355.1
2016-05-27,355.01
2016-05-28,354.99
2016-05-28,355.05
2016-05-28,355.12
2016-05-29,355.11
2016-05-29,355.15
2016-05-29,355.19
2016-05-30,355.08
2016-05-30,355.19
2016-05-30,355.16
2016-05-31,355.06
2016-05-31,355.01
2016-05-31,355.09
2016-06-01,355.05
2016-06-01,355.16
2016-06-01,355.09
2016-06-02,355.13
2016-06-02,355.22
2016-06-02,355.17
2016-06-03,355.25
2016-06-03,355.2
2016-06-03,355.15
2016-06-04,355.12
2016-06-04,355.17
2016-06-04,355.21
2016-06-05,355.09
2016-06-05,355.01
2016-06-05,355.15
2016-06-06,355.0
2016-06-06,355.04
2016-06-06,354.97
2016-06-07,355.09
2016-06-07,355.05
2016-06-07,355.0
2016-06-08,355.09
2016-06-08,355.02
2016-06-08,355.06
2016-06-09,355.04
2016-06-09,355.09
2016-06-09,355.13
2016-06-10,355.09
2016-06-10,355.18
2016-06-10,355.12
2016-06-11,355.15
2016-06-11,355.2
2016-06-11,355.1
2016-06-12,355.17
2016-06-12,355.25
2016-06-12,355.27
2016-06-13,355.26
2016-06-13,355.18
2016-06-13,355.31
2016-06-14,355.05
2016-06-14,355.18
2016-06-14,355.13
2016-06-15,355.16
2016-06-15,355.03
2016-06-15,355.12
2016-06-16,355.2
2016-06-16,355.11
2016-06-16,355.16
2016-06-17,355.24
2016-06-17,355.15
2016-06-17,355.19
2016-06-18,355.19
2016-06-18,355.16
2016-06-18,355.24
2016-06-19,355.05
2016-06-19,355.18
2016-06-19,355.13
2016-06-20,355.06
2016-06-20,355.1
2016-06-20,355.12
2016-06-21,355.06
2016-06-21,355.15
2016-06-21,355.1
2016-06-22,355.04
2016-06-22,355.08
2016-06-22,355.12
2016-06-23,355.04
2016-06-23,355.08
2016-06-23,355.12
2016-06-24,355.06
2016-06-24,355.09
2016-06-24,354.99
2016-06-25,354.96
2016-06-25,355.0
2016-06-25,355.04
2016-06-26,355.1
2016-06-26,355.05
2016-06-26,355.01
2016-06-27,355.08
2016-06-27,355.14
2016-06-27,355.11
2016-06-28,355.11
2016-06-28,355.07
2016-06-28,355.16
2016-06-29,355.01
2016-06-29,355.11
2016-06-29,355.08
2016-06-30,355.05
2016-06-30,355.02
2016-06-30,354.96
2016-07-01,355.11
2016-07-01,355.01
2016-07-01,355.04
2016-07-02,355.08
2016-07-02,355.13
2016-07-02,355.19
2016-07-03,355.22
2016-07-03,355.18
2016-07-03,355.13
2016-07-04,355.1
2016-07-04,355.16
2016-07-04,355.2
2016-07-05,355.16
2016-07-05,355.05
2016-07-05,355.12
2016-07-06,355.12
2016-07-06,355.09
2016-07-06,355.04
2016-07-07,355.06
2016-07-07,355.11
2016-07-07,355.02
2016-07-08,355.09
2016-07-08,355.06
2016-07-08,355.13
2016-07-09,355.17
2016-07-09,355.08
2016-07-09,355.12
2016-07-10,355.07
2016-07-10,355.13
2016-07-10,354.96
2016-07-11,354.98
2016-07-11,354.93
2016-07-11,355.01
2016-07-12,355.06
2016-07-12,355.02
2016-07-12,354.98
2016-07-13,355.08
2016-07-13,355.03
2016-07-13,355.12
2016-07-14,355.17
2016-07-14,355.11
2016-07-14,355.07
2016-07-15,355.09
2016-07-15,355.01
2016-07-15,355.13
2016-07-16,355.08
2016-07-16,354.98
2016-07-16,355.04
2016-07-17,355.14
2016-07-17,355.05
2016-07-17,355.01
2016-07-18,355.08
2016-07-18,355.16
2016-07-18,355.13
2016-07-19,355.13
2016-07-19,355.05
2016-07-19,355.15
2016-07-20,355.09
2016-07-20,355.13
2016-07-20,355.04
2016-07-21,355.13
2016-07-21,355.08
2016-07-21,355.04
2016-07-22,355.11
2016-07-22,355.05
2016-07-22,354.97
2016-07-23,354.95
2016-07-23,354.9
2016-07-23,354.99
2016-07-24,355.01
2016-07-24,354.93
2016-07-24,355.04
2016-07-25,355.04
2016-07-25,355.12
2016-07-25,354.98
2016-07-26,355.05
2016-07-26,354.95
2016-07-26,355.02
2016-07-27,355.02
2016-07-27,355.06
2016-07-27,354.99
2016-07-28,355.01
2016-07-28,355.05
2016-07-28,354.94
2016-07-29,354.95
2016-07-29,354.9
2016-07-29,354.99
2016-07-30,354.91
2016-07-30,355.02
2016-07-30,354.96
2016-07-31,355.02
2016-07-31,355.07
2016-07-31,354.97
2016-08-01,355.06
2016-08-01,355.14
2016-08-01,355.02
2016-08-02,355.11
2016-08-02,355.03
2016-08-02,355.14
2016-08-03,355.08
2016-08-03,355.01
2016-08-03,355.13
2016-08-04,355.04
2016-08-04,354.92
2016-08-04,355.0
2016-08-05,354.95
2016-08-05,354.89
2016-08-05,354.99
2016-08-06,354.96
2016-08-06,354.88
2016-08-06,354.94
2016-08-07,354.87
2016-08-07,354.95
2016-08-07,354.91
2016-08-08,354.97
2016-08-08,354.89
2016-08-08,354.92
2016-08-09,354.96
2016-08-09,354.94
2016-08-09,355.02
2016-08-10,355.1
2016-08-10,354.98
2016-08-10,355.03
2016-08-11,355.12
2016-08-11,355.08
2016-08-11,355.17
2016-08-12,355.14
2016-08-12,355.06
2016-08-12,355.18
2016-08-13,354.99
2016-08-13,355.12
2016-08-13,355.07
2016-08-14,354.97
2016-08-14,355.06
2016-08-14,355.02
2016-08-15,355.02
2016-08-15,354.98
2016-08-15,355.08
2016-08-16,354.94
2016-08-16,355.06
2016-08-16,355.0
2016-08-17,355.02
2016-08-17,354.92
2016-08-17,354.98
2016-08-18,354.99
2016-08-18,355.03
2016-08-18,354.92
2016-08-19,355.05
2016-08-19,355.01
2016-08-19,354.96
2016-08-20,355.05
2016-08-20,355.02
2016-08-20,354.96
2016-08-21,354.95
2016-08-21,355.05
2016-08-21,354.99
2016-08-22,355.01
2016-08-22,355.06
2016-08-22,354.97
2016-08-23,355.14
2016-08-23,355.1
2016-08-23,355.05
2016-08-24,355.14
2016-08-24,355.11
2016-08-24,355.02
2016-08-25,355.05
2016-08-25,355.01
2016-08-25,354.93
2016-08-26,355.02
2016-08-26,354.97
2016-08-26,354.95
2016-08-27,355.05
2016-08-27,354.97
2016-08-27,355.0
2016-08-28,355.09
2016-08-28,355.04
2016-08-28,355.0
2016-08-29,355.02
2016-08-29,354.93
2016-08-29,355.06
2016-08-30,354.93
2016-08-30,354.98
2016-08-30,354.87
2016-08-31,354.93
2016-08-31,354.89
2016-08-31,354.96
2016-09-01,354.99
2016-09-01,354.9
2016-09-01,354.94
2016-09-02,354.88
2016-09-02,354.94
2016-09-02,354.99
2016-09-03,354.89
2016-09-03,354.95
2016-09-03,354.84
2016-09-04,354.87
2016-09-04,354.92
2016-09-04,354.81
2016-09-05,354.8
2016-09-05,354.84
2016-09-05,354.88
2016-09-06,354.97
2016-09-06,354.87
2016-09-06,354.9
2016-09-07,355.08
2016-09-07,354.95
2016-09-07,355.18
2016-09-08,355.08
2016-09-08,355.16
2016-09-08,355.19
2016-09-09,355.04
2016-09-09,355.1
2016-09-09,355.12
2016-09-10,355.1
2016-09-10,355.14
2016-09-10,355.07
2016-09-11,355.11
2016-09-11,355.0
2016-09-11,355.15
2016-09-12,355.02
2016-09-12,354.96
2016-09-12,354.88
2016-09-13,354.88
2016-09-13,354.95
2016-09-13,355.01
2016-09-14,354.98
2016-09-14,355.07
2016-09-14,355.01
2016-09-15,354.92
2016-09-15,355.0
2016-09-15,355.03
2016-09-16,354.87
2016-09-17,354.99
2016-09-18,354.91
2016-09-18,355.02
2016-09-18,354.96
2016-09-19,354.97
2016-09-19,355.01
2016-09-19,355.09
2016-09-20,354.92
2016-09-20,355.06
2016-09-20,355.0
2016-09-21,354.84
2016-09-21,354.9
2016-09-21,354.96
2016-09-22,354.83
2016-09-22,354.88
2016-09-22,354.92
2016-09-23,355.01
2016-09-23,354.9
2016-09-24,355.07
2016-09-24,354.98
2016-09-24,355.03
2016-09-25,354.96
2016-09-25,355.1
2016-09-25,355.04
2016-09-26,354.93
2016-09-26,355.06
2016-09-27,354.85
2016-09-27,354.97
2016-09-27,354.92
2016-09-28,354.91
2016-09-28,354.94
2016-09-28,355.0
2016-09-29,354.99
2016-09-29,355.08
2016-09-29,355.03
2016-09-30,355.04
2016-09-30,354.94
2016-09-30,355.08
2016-10-01,354.89
2016-10-02,354.84
2016-10-02,354.91
2016-10-02,354.95
2016-10-03,354.9
2016-10-03,354.97
2016-10-03,354.83
2016-10-04,354.84
2016-10-04,354.89
2016-10-04,354.78
2016-10-05,354.9
2016-10-05,354.86
2016-10-05,354.82
2016-10-06,354.89
2016-10-06,354.95
2016-10-06,354.86
2016-10-07,354.93
2016-10-07,354.97
2016-10-07,354.86
2016-10-08,354.9
2016-10-08,354.93
2016-10-08,354.98
2016-10-09,355.03
2016-10-09,354.94
2016-10-09,354.98
2016-10-10,354.95
2016-10-10,355.04
2016-10-10,355.0
2016-10-11,355.01
2016-10-11,354.97
2016-10-11,355.05
2016-10-12,354.97
2016-10-12,355.05
2016-10-12,355.01
2016-10-13,354.99
2016-10-13,355.02
2016-10-13,354.93
2016-10-14,354.99
2016-10-14,354.95
2016-10-14,354.9
2016-10-15,354.88
2016-10-15,354.98
2016-10-15,354.93
2016-10-16,354.94
2016-10-16,354.99
2016-10-16,354.89
2016-10-17,354.94
2016-10-17,354.89
2016-10-17,354.83
2016-10-18,354.87
2016-10-18,354.82
2016-10-18,354.92
2016-10-19,355.01
2016-10-19,354.95
2016-10-19,354.88
2016-10-20,354.9
2016-10-20,354.98
2016-10-20,355.03
2016-10-21,354.89
2016-10-21,354.81
2016-10-21,354.93
2016-10-22,354.9
2016-10-22,354.82
2016-10-22,354.86
2016-10-23,354.98
2016-10-23,354.89
2016-10-23,355.05
2016-10-24,355.08
2016-10-24,354.96
2016-10-24,355.01
2016-10-25,355.07
2016-10-25,354.97
2016-10-25,355.02
2016-10-26,354.9
2016-10-26,354.96
2016-10-26,355.02
2016-10-27,354.81
2016-10-27,354.96
2016-10-27,354.91
2016-10-28,354.81
2016-10-28,354.9
2016-10-28,354.85
2016-10-29,354.87
2016-10-29,354.9
2016-10-29,354.96
2016-10-30,354.93
2016-10-30,354.85
2016-10-30,354.97
2016-10-31,354.91
2016-10-31,354.85
2016-10-31,354.96
2016-11-01,354.89
2016-11-01,354.84
2016-11-01,354.94
2016-11-02,354.94
2016-11-02,354.99
2016-11-02,354.91
2016-11-03,355.02
2016-11-03,354.97
2016-11-03,354.91
2016-11-04,355.03
2016-11-04,354.97
2016-11-04,354.93
2016-11-05,354.93
2016-11-05,354.98
2016-11-05,354.86
2016-11-06,354.97
2016-11-06,354.92
2016-11-06,354.89
2016-11-07,354.94
2016-11-07,354.99
2016-11-07,354.91
2016-11-08,354.95
2016-11-08,354.89
2016-11-08,355.0
2016-11-09,354.9
2016-11-09,354.96
2016-11-09,354.82
2016-11-10,354.94
2016-11-10,354.89
2016-11-10,354.85
2016-11-11,354.98
2016-11-11,354.93
2016-11-11,354.88
2016-11-12,354.96
2016-11-12,354.85
2016-11-12,354.92
2016-11-13,354.88
2016-11-13,354.92
2016-11-13,354.97
2016-11-14,354.87
2016-11-14,354.93
2016-11-14,354.98
2016-11-15,354.74
2016-11-15,354.83
2016-11-15,354.91
2016-11-16,354.64
2016-11-16,354.74
2016-11-16,354.57
2016-11-17,354.61
2016-11-17,354.73
2016-11-17,354.84
2016-11-18,354.93
2016-11-18,354.82
2016-11-18,354.87
2016-11-19,354.83
2016-11-19,354.88
2016-11-19,354.94
2016-11-20,354.7
2016-11-20,354.78
2016-11-20,354.85
2016-11-21,354.66
2016-11-21,354.89
2016-11-21,354.75
2016-11-22,354.91
2016-11-22,354.86
2016-11-22,354.95
2016-11-23,354.94
2016-11-23,354.99
2016-11-23,354.9
2016-11-24,354.97
2016-11-24,355.05
2016-11-24,354.92
2016-11-25,354.94
2016-11-25,354.89
2016-11-25,354.83
2016-11-26,354.77
2016-11-26,354.83
2016-11-26,354.66
2016-11-27,354.67
2016-11-27,354.77
2016-11-27,354.83
2016-11-28,354.76
2016-11-28,354.6
2016-11-28,354.68
2016-11-29,354.66
2016-11-29,354.79
2016-11-29,354.92
2016-11-30,354.78
2016-11-30,354.93
2016-11-30,354.86
2016-12-01,354.83
2016-12-01,354.76
2016-12-01,354.71
2016-12-02,354.8
2016-12-02,354.91
2016-12-02,354.72
2016-12-03,354.88
2016-12-03,354.9
2016-12-03,354.97
2016-12-04,354.95
2016-12-04,354.9
2016-12-04,354.83
2016-12-05,354.83
2016-12-05,354.72
2016-12-05,354.78
2016-12-06,354.79
2016-12-06,354.75
2016-12-06,354.83
2016-12-07,354.98
2016-12-07,354.89
2016-12-07,354.82
2016-12-08,355.09
2016-12-08,354.96
2016-12-08,355.04
2016-12-09,355.03
2016-12-09,354.97
2016-12-09,355.09
2016-12-10,354.98
2016-12-10,354.86
2016-12-10,354.92
2016-12-11,354.85
2016-12-11,354.8
2016-12-11,354.92
2016-12-12,354.87
2016-12-12,354.79
2016-12-12,354.82
2016-12-13,354.88
2016-12-13,354.79
2016-12-13,354.83
2016-12-14,354.77
2016-12-14,354.82
2016-12-14,354.86
2016-12-15,354.65
2016-12-15,354.82
2016-12-15,354.73
2016-12-16,354.59
2016-12-16,354.66
2016-12-16,354.55
2016-12-17,354.91
2016-12-17,354.83
2016-12-17,354.61
2016-12-18,354.87
2016-12-18,354.92
2016-12-18,355.02
2016-12-19,354.97
2016-12-19,355.01
2016-12-19,355.08
2016-12-20,354.97
2016-12-20,355.03
2016-12-20,354.86
2016-12-21,354.88
2016-12-21,354.61
2016-12-21,354.8
2016-12-22,354.64
2016-12-22,354.76
2016-12-22,354.57
2016-12-23,354.75
2016-12-23,354.81
2016-12-23,354.52
2016-12-24,354.38
2016-12-24,354.6
2016-12-24,354.44
2016-12-25,354.79
2016-12-25,354.6
2016-12-25,354.9
2016-12-26,354.88
2016-12-26,354.94
2016-12-26,355.04
2016-12-27,355.03
2016-12-27,354.91
2016-12-27,354.97
2016-12-28,354.89
2016-12-28,354.94
2016-12-28,354.99
2016-12-29,354.96
2016-12-29,354.9
2016-12-29,354.84
2016-12-30,354.88
2016-12-30,354.64
2016-12-30,354.73
2016-12-31,354.5
2016-12-31,354.61
2016-12-31,354.67
2017-01-01,354.51
2017-01-01,354.74
2017-01-01,354.6
2017-01-02,354.91
2017-01-02,354.8
2017-01-02,354.7
2017-01-03,354.89
2017-01-03,354.92
2017-01-03,354.84
2017-01-04,354.79
2017-01-04,354.91
2017-01-04,354.86
2017-01-05,354.65
2017-01-05,354.81
2017-01-05,354.72
2017-01-06,354.69
2017-01-06,354.88
2017-01-06,354.78
2017-01-07,354.94
2017-01-07,355.0
2017-01-07,354.87
2017-01-08,354.94
2017-01-08,354.85
2017-01-08,354.98
2017-01-09,354.85
2017-01-09,354.82
2017-01-09,354.94
2017-01-10,354.85
2017-01-10,354.73
2017-01-10,354.78
2017-01-11,354.75
2017-01-11,354.68
2017-01-11,354.63
2017-01-12,354.58
2017-01-12,354.63
2017-01-12,354.67
2017-01-13,354.67
2017-01-13,354.74
2017-01-13,354.63
2017-01-14,354.74
2017-01-14,354.66
2017-01-14,354.71
2017-01-15,354.75
2017-01-15,354.7
2017-01-15,354.81
2017-01-16,354.72
2017-01-16,354.82
2017-01-16,354.76
2017-01-17,354.89
2017-01-17,354.82
2017-01-17,354.78
2017-01-18,354.85
2017-01-18,354.73
2017-01-18,354.91
2017-01-19,354.56
2017-01-19,354.74
2017-01-19,354.63
2017-01-20,354.28
2017-01-20,354.13
2017-01-20,354.56
2017-01-21,354.86
2017-01-21,354.64
2017-01-21,354.24
2017-01-22,354.68
2017-01-22,354.84
2017-01-22,354.92
2017-01-23,354.58
2017-01-23,354.65
2017-01-23,354.69
2017-01-24,354.93
2017-01-24,354.66
2017-01-24,354.77
2017-01-25,354.92
2017-01-25,355.02
2017-01-25,355.09
2017-01-26,355.13
2017-01-26,355.08
2017-01-26,355.03
2017-01-27,355.24
2017-01-27,355.1
2017-01-27,355.18
2017-01-28,355.15
2017-01-28,355.23
2017-01-28,355.07
2017-01-29,354.85
2017-01-29,354.97
2017-01-29,355.07
2017-01-30,354.73
2017-01-30,354.79
2017-01-30,354.85
2017-01-31,354.74
2017-01-31,354.69
2017-01-31,354.65
2017-02-01,354.61
2017-02-01,354.65
2017-02-01,354.68
2017-02-02,354.63
2017-02-02,354.71
2017-02-02,354.67
2017-02-03,354.69
2017-02-03,354.61
2017-02-03,354.65
2017-02-04,354.71
2017-02-04,354.66
2017-02-04,354.6
2017-02-05,354.59
2017-02-05,354.65
2017-02-05,354.53
2017-02-06,354.71
2017-02-06,354.58
2017-02-06,354.64
2017-02-07,354.81
2017-02-07,354.68
2017-02-07,354.75
2017-02-08,354.84
2017-02-08,354.77
2017-02-08,354.69
2017-02-09,354.67
2017-02-09,354.61
2017-02-09,354.76
2017-02-10,354.68
2017-02-10,354.64
2017-02-10,354.59
2017-02-11,354.69
2017-02-11,354.65
2017-02-11,354.62
2017-02-12,354.7
2017-02-12,354.66
2017-02-12,354.6
2017-02-13,354.61
2017-02-13,354.65
2017-02-13,354.7
2017-02-14,354.74
2017-02-14,354.67
2017-02-14,354.63
2017-02-15,354.68
2017-02-15,354.78
2017-02-15,354.72
2017-02-16,354.72
2017-02-16,354.49
2017-02-16,354.63
2017-02-17,354.51
2017-02-17,354.32
2017-02-17,354.08
2017-02-18,354.16
2017-02-18,354.38
2017-02-18,354.07
2017-02-19,354.37
2017-02-19,354.88
2017-02-19,354.64
2017-02-20,355.07
2017-02-20,354.98
2017-02-20,354.86
2017-02-21,355.11
2017-02-21,355.04
2017-02-21,354.92
2017-02-22,354.67
2017-02-22,354.77
2017-02-22,354.92
2017-02-23,354.73
2017-02-23,354.66
2017-02-23,354.61
2017-02-24,354.75
2017-02-24,354.8
2017-02-24,354.7
2017-02-25,354.59
2017-02-25,354.79
2017-02-25,354.69
2017-02-26,354.53
2017-02-26,354.62
2017-02-26,354.58
2017-02-27,354.59
2017-02-27,354.48
2017-02-27,354.41
2017-02-28,354.72
2017-02-28,354.86
2017-02-28,354.45
2017-03-01,354.91
2017-03-01,354.85
2017-03-01,354.95
2017-03-02,354.93
2017-03-02,354.77
2017-03-02,354.86
2017-03-03,354.66
2017-03-03,354.58
2017-03-03,354.78
2017-03-04,354.66
2017-03-04,354.57
2017-03-04,354.6
2017-03-05,354.57
2017-03-05,354.67
2017-03-05,354.51
2017-03-06,354.72
2017-03-06,354.65
2017-03-06,354.8
2017-03-07,354.74
2017-03-07,354.83
2017-03-07,354.77
2017-03-08,354.77
2017-03-08,354.72
2017-03-08,354.65
2017-03-09,354.65
2017-03-09,354.72
2017-03-09,354.69
2017-03-10,354.65
2017-03-10,354.59
2017-03-10,354.71
2017-03-11,354.59
2017-03-11,354.54
2017-03-11,354.65
2017-03-12,354.6
2017-03-12,354.55
2017-03-12,354.65
2017-03-13,354.63
2017-03-13,354.68
2017-03-13,354.58
2017-03-14,354.7
2017-03-14,354.63
2017-03-14,354.66
2017-03-15,354.68
2017-03-15,354.63
2017-03-15,354.73
2017-03-16,354.59
2017-03-16,354.7
2017-03-16,354.65
2017-03-17,354.54
2017-03-17,354.6
2017-03-17,354.63
2017-03-18,354.61
2017-03-18,354.58
2017-03-18,354.67
2017-03-19,354.64
2017-03-19,354.6
2017-03-19,354.57
2017-03-20,354.63
2017-03-20,354.59
2017-03-20,354.55
2017-03-21,354.63
2017-03-21,354.55
2017-03-21,354.58
2017-03-22,354.42
2017-03-22,354.55
2017-03-22,354.5
2017-03-23,354.6
2017-03-23,354.48
2017-03-23,354.74
2017-03-24,354.78
2017-03-24,354.66
2017-03-24,354.71
2017-03-25,354.5
2017-03-25,354.69
2017-03-25,354.57
2017-03-26,354.57
2017-03-26,354.49
2017-03-26,354.53
2017-03-27,354.4
2017-03-27,354.49
2017-03-27,354.54
2017-03-28,354.46
2017-03-28,354.51
2017-03-28,354.57
2017-03-29,354.57
2017-03-29,354.54
2017-03-29,354.63
2017-03-30,354.41
2017-03-30,354.56
2017-03-30,354.24
2017-03-31,354.46
2017-03-31,354.27
2017-03-31,354.24
2017-04-01,354.51
2017-04-01,354.6
2017-04-01,354.44
2017-04-02,354.57
2017-04-02,354.52
2017-04-02,354.62
2017-04-03,354.48
2017-04-03,354.53
2017-04-03,354.42
2017-04-04,354.51
2017-04-04,354.59
2017-04-04,354.66
2017-04-05,354.68
2017-04-05,354.58
2017-04-05,354.65
2017-04-06,354.53
2017-04-06,354.59
2017-04-06,354.63
2017-04-07,354.64
2017-04-07,354.54
2017-04-07,354.6
2017-04-08,354.54
2017-04-08,354.48
2017-04-08,354.59
2017-04-09,354.51
2017-04-09,354.61
2017-04-09,354.57
2017-04-10,354.56
2017-04-10,354.61
2017-04-10,354.5
2017-04-11,354.54
2017-04-11,354.58
2017-04-11,354.49
2017-04-12,354.51
2017-04-12,354.58
2017-04-12,354.55
2017-04-13,354.56
2017-04-13,354.51
2017-04-13,354.47
2017-04-14,354.41
2017-04-14,354.5
2017-04-14,354.46
2017-04-15,354.47
2017-04-15,354.51
2017-04-15,354.44
2017-04-16,354.57
2017-04-16,354.51
2017-04-16,354.47
2017-04-17,354.54
2017-04-17,354.58
2017-04-17,354.6
2017-04-18,354.62
2017-04-18,354.56
2017-04-18,354.58
2017-04-19,354.53
2017-04-19,354.63
2017-04-19,354.59
2017-04-20,354.45
2017-04-20,354.53
2017-04-20,354.58
2017-04-21,354.34
2017-04-21,354.41
2017-04-21,354.45
2017-04-22,354.41
2017-04-22,354.31
2017-04-22,354.37
2017-04-23,354.32
2017-04-23,354.27
2017-04-23,354.36
2017-04-24,354.3
2017-04-24,354.33
2017-04-24,354.42
2017-04-25,354.43
2017-04-25,354.29
2017-04-25,354.37
2017-04-26,354.43
2017-04-26,354.38
2017-04-26,354.34
2017-04-27,354.3
2017-04-27,354.25
2017-04-27,354.36
2017-04-28,354.27
2017-04-28,354.22
2017-04-28,354.45
2017-04-29,354.55
2017-04-29,354.66
2017-04-29,354.45
2017-04-30,354.69
2017-04-30,354.56
2017-04-30,354.63
2017-05-01,354.42
2017-05-01,354.57
2017-05-01,354.49
2017-05-02,354.44
2017-05-02,354.4
2017-05-02,354.48
2017-05-03,354.42
2017-05-03,354.46
2017-05-03,354.52
2017-05-04,354.39
2017-05-04,354.44
2017-05-04,354.5
2017-05-05,354.42
2017-05-05,354.27
2017-05-05,354.34
2017-05-06,354.17
2017-05-06,354.26
2017-05-06,354.29
2017-05-07,354.24
2017-05-07,354.38
2017-05-07,354.3
2017-05-08,354.39
2017-05-08,354.35
2017-05-08,354.3
2017-05-09,354.52
2017-05-09,354.3
2017-05-09,354.41
2017-05-10,354.66
2017-05-10,354.59
2017-05-10,354.5
2017-05-11,354.54
2017-05-11,354.6
2017-05-11,354.64
2017-05-12,354.33
2017-05-12,354.45
2017-05-12,354.55
2017-05-13,354.3
2017-05-13,354.34
2017-05-13,354.24
2017-05-14,354.25
2017-05-14,354.29
2017-05-14,354.34
2017-05-15,354.32
2017-05-15,354.4
2017-05-15,354.29
2017-05-16,354.48
2017-05-16,354.37
2017-05-16,354.44
2017-05-17,354.42
2017-05-17,354.28
2017-05-17,354.36
2017-05-18,354.33
2017-05-18,354.4
2017-05-18,354.28
2017-05-19,354.39
2017-05-19,354.32
2017-05-19,354.43
2017-05-20,354.41
2017-05-20,354.37
2017-05-20,354.28
2017-05-21,354.38
2017-05-21,354.43
2017-05-21,354.34
2017-05-22,354.35
2017-05-22,354.43
2017-05-22,354.4
2017-05-23,354.37
2017-05-23,354.41
2017-05-23,354.32
2017-05-24,354.26
2017-05-24,354.16
2017-05-24,354.33
2017-05-25,354.22
2017-05-25,354.29
2017-05-25,354.18
2017-05-26,354.35
2017-05-26,354.41
2017-05-26,354.28
2017-05-27,354.45
2017-05-27,354.37
2017-05-27,354.41
2017-05-28,354.38
2017-05-28,354.32
2017-05-28,354.42
2017-05-29,354.33
2017-05-29,354.28
2017-05-29,354.21
2017-05-30,354.29
2017-05-30,354.2
2017-05-30,354.25
2017-05-31,354.25
2017-05-31,354.2
2017-05-31,354.16
2017-06-01,354.21
2017-06-01,354.25
2017-06-01,354.17
2017-06-02,354.27
2017-06-02,354.19
2017-06-02,354.24
2017-06-03,354.24
2017-06-03,354.3
2017-06-03,354.27
2017-06-04,354.29
2017-06-04,354.22
2017-06-04,354.25
2017-06-05,354.2
2017-06-05,354.24
2017-06-05,354.28
2017-06-06,354.23
2017-06-06,354.27
2017-06-06,354.3
2017-06-07,354.32
2017-06-07,354.29
2017-06-07,354.26
2017-06-08,354.37
2017-06-08,354.27
2017-06-08,354.32
2017-06-09,354.2
2017-06-09,354.3
2017-06-09,354.26
2017-06-10,354.14
2017-06-10,354.24
2017-06-10,354.19
2017-06-11,354.16
2017-06-11,354.28
2017-06-11,354.21
2017-06-12,354.26
2017-06-12,354.34
2017-06-12,354.29
2017-06-13,354.28
2017-06-13,354.18
2017-06-13,354.24
2017-06-14,354.25
2017-06-14,354.18
2017-06-14,354.21
2017-06-15,354.24
2017-06-15,354.2
2017-06-15,354.27
2017-06-16,354.23
2017-06-16,354.25
2017-06-16,354.17
2017-06-17,354.14
2017-06-17,354.18
2017-06-17,354.23
2017-06-18,354.09
2017-06-18,354.13
2017-06-18,354.16
2017-06-19,354.11
2017-06-19,354.19
2017-06-19,354.15
2017-06-20,354.12
2017-06-20,354.17
2017-06-20,354.22
2017-06-21,354.02
2017-06-21,354.14
2017-06-21,354.09
2017-06-22,354.03
2017-06-22,354.11
2017-06-22,354.18
2017-06-23,354.2
2017-06-23,354.13
2017-06-23,354.23
2017-06-24,354.16
2017-06-24,354.19
2017-06-24,354.21
2017-06-25,354.17
2017-06-25,354.23
2017-06-25,354.26
2017-06-26,354.29
2017-06-26,354.21
2017-06-26,354.25
2017-06-27,354.22
2017-06-27,354.1
2017-06-27,354.18
2017-06-28,354.16
2017-06-28,354.12
2017-06-28,354.07
2017-06-29,354.12
2017-06-29,354.19
2017-06-29,354.15
2017-06-30,354.08
2017-06-30,354.13
2017-06-30,354.16
2017-07-01,354.06
2017-07-01,354.09
2017-07-01,354.15
2017-07-02,354.26
2017-07-02,354.12
2017-07-02,354.22
2017-07-03,354.2
2017-07-03,354.24
2017-07-03,354.33
2017-07-04,354.21
2017-07-04,354.13
2017-07-04,354.26
2017-07-05,354.14
2017-07-05,354.19
2017-07-05,354.23
2017-07-06,354.24
2017-07-06,354.12
2017-07-06,354.18
2017-07-07,354.14
2017-07-07,354.1
2017-07-07,354.04
2017-07-08,354.09
2017-07-08,354.01
2017-07-08,354.05
2017-07-09,354.1
2017-07-09,354.16
2017-07-09,354.05
2017-07-10,354.12
2017-07-10,354.03
2017-07-10,354.09
2017-07-11,354.09
2017-07-11,354.12
2017-07-11,354.04
2017-07-12,354.05
2017-07-12,354.11
2017-07-12,354.15
2017-07-13,354.09
2017-07-13,354.18
2017-07-13,354.14
2017-07-14,354.09
2017-07-14,354.17
2017-07-14,354.13
2017-07-15,354.07
2017-07-15,354.11
2017-07-15,354.01
2017-07-16,354.0
2017-07-16,354.05
2017-07-16,353.94
2017-07-17,354.04
2017-07-17,353.93
2017-07-17,353.98
2017-07-18,354.04
2017-07-18,354.01
2017-07-18,354.08
2017-07-19,354.12
2017-07-19,354.08
2017-07-19,354.03
2017-07-20,354.14
2017-07-20,354.09
2017-07-20,354.02
2017-07-21,354.08
2017-07-21,354.02
2017-07-21,353.96
2017-07-22,353.99
2017-07-22,353.92
2017-07-22,354.03
2017-07-23,353.9
2017-07-23,354.0
2017-07-23,353.96
2017-07-24,353.94
2017-07-24,353.98
2017-07-24,354.04
2017-07-25,354.01
2017-07-25,354.09
2017-07-25,354.04
2017-07-26,354.11
2017-07-26,354.08
2017-07-26,354.01
2017-07-27,354.03
2017-07-27,354.08
2017-07-27,353.95
2017-07-28,354.04
2017-07-28,353.96
2017-07-28,353.99
2017-07-29,354.01
2017-07-29,354.12
2017-07-29,354.04
2017-07-30,354.08
2017-07-30,354.02
2017-07-30,354.12
2017-07-31,354.07
2017-07-31,353.99
2017-07-31,353.92
2017-08-01,353.99
2017-08-01,353.94
2017-08-01,353.9
2017-08-02,353.94
2017-08-02,353.98
2017-08-02,354.03
2017-08-03,354.02
2017-08-03,354.06
2017-08-03,353.96
2017-08-04,353.92
2017-08-04,354.04
2017-08-04,353.99
2017-08-05,353.87
2017-08-05,353.97
2017-08-05,353.94
2017-08-06,353.94
2017-08-06,353.91
2017-08-06,353.87
2017-08-07,353.92
2017-08-07,353.88
2017-08-07,353.96
2017-08-08,353.98
2017-08-08,353.86
2017-08-08,353.92
2017-08-09,353.96
2017-08-09,353.92
2017-08-09,353.88
2017-08-10,353.88
2017-08-10,353.93
2017-08-10,353.96
2017-08-11,353.92
2017-08-11,353.82
2017-08-11,353.89
2017-08-12,353.85
2017-08-12,353.89
2017-08-12,353.95
2017-08-13,353.87
2017-08-13,353.92
2017-08-13,353.97
2017-08-14,353.83
2017-08-14,353.92
2017-08-14,353.88
2017-08-15,353.85
2017-08-15,353.92
2017-08-15,353.88
2017-08-16,353.95
2017-08-16,353.9
2017-08-16,353.98
2017-08-17,354.03
2017-08-17,353.98
2017-08-17,353.95
2017-08-18,354.01
2017-08-18,353.97
2017-08-18,353.92
2017-08-19,353.86
2017-08-19,353.92
2017-08-19,353.96
2017-08-20,353.89
2017-08-20,353.93
2017-08-20,353.82
2017-08-21,353.98
2017-08-21,353.95
2017-08-21,353.9
2017-08-22,353.95
2017-08-22,354.01
2017-08-22,353.9
2017-08-23,353.9
2017-08-23,353.96
2017-08-23,353.82
2017-08-24,353.79
2017-08-24,353.87
2017-08-24,353.71
2017-08-25,353.7
2017-08-25,353.76
2017-08-25,353.83
2017-08-26,353.83
2017-08-26,353.89
2017-08-26,353.95
2017-08-27,353.9
2017-08-27,353.94
2017-08-27,353.82
2017-08-28,353.83
2017-08-28,353.87
2017-08-28,353.77
2017-08-29,353.8
2017-08-29,353.85
2017-08-29,353.74
2017-08-30,353.71
2017-08-30,353.76
2017-08-30,353.8
2017-08-31,353.82
2017-08-31,353.72
2017-08-31,353.77
2017-09-01,353.86
2017-09-01,353.8
2017-09-01,353.74
2017-09-02,353.83
2017-09-02,353.95
2017-09-02,353.77
2017-09-03,353.93
2017-09-03,353.98
2017-09-03,353.9
2017-09-04,353.93
2017-09-04,353.91
2017-09-04,353.84
2017-09-05,353.86
2017-09-05,353.95
2017-09-05,353.9
2017-09-06,353.92
2017-09-06,353.89
2017-09-06,353.83
2017-09-07,353.87
2017-09-07,353.83
2017-09-07,353.73
2017-09-08,353.83
2017-09-08,353.72
2017-09-08,353.79
2017-09-09,353.89
2017-09-09,353.81
2017-09-09,353.85
2017-09-10,353.82
2017-09-10,353.73
2017-09-10,353.87
2017-09-11,353.74
2017-09-11,353.81
2017-09-11,353.86
2017-09-12,353.84
2017-09-12,353.8
2017-09-12,353.73
2017-09-13,353.79
2017-09-13,353.67
2017-09-13,353.75
2017-09-14,353.72
2017-09-14,353.8
2017-09-14,353.75
2017-09-15,353.7
2017-09-15,353.8
2017-09-15,353.75
2017-09-16,353.71
2017-09-16,353.8
2017-09-16,353.75
2017-09-17,353.79
2017-09-17,353.75
2017-09-17,353.83
2017-09-18,353.83
2017-09-18,353.74
2017-09-18,353.78
2017-09-19,353.81
2017-09-19,353.7
2017-09-19,353.75
2017-09-20,353.67
2017-09-20,353.71
2017-09-20,353.79
2017-09-21,353.68
2017-09-21,353.63
2017-09-21,353.73
2017-09-22,353.67
2017-09-22,353.61
2017-09-22,353.72
2017-09-23,353.64
2017-09-23,353.73
2017-09-23,353.68
2017-09-24,353.73
2017-09-24,353.79
2017-09-24,353.7
2017-09-25,353.79
2017-09-25,353.73
2017-09-25,353.64
2017-09-26,353.7
2017-09-26,353.62
2017-09-26,353.73
2017-09-27,353.83
2017-09-27,353.76
2017-09-27,353.71
2017-09-28,353.8
2017-09-28,353.73
2017-09-28,353.85
2017-09-29,353.84
2017-09-29,353.71
2017-09-29,353.78
2017-09-30,353.79
2017-09-30,353.73
2017-09-30,353.67
2017-10-01,353.69
2017-10-01,353.64
2017-10-01,353.54
2017-10-02,353.64
2017-10-02,353.55
2017-10-02,353.59
2017-10-03,353.61
2017-10-03,353.69
2017-10-03,353.79
2017-10-04,353.85
2017-10-04,353.79
2017-10-04,353.76
2017-10-05,353.69
2017-10-05,353.77
2017-10-05,353.8
2017-10-06,353.85
2017-10-06,353.74
2017-10-06,353.77
2017-10-07,353.76
2017-10-07,353.59
2017-10-07,353.68
2017-10-08,353.57
2017-10-08,353.5
2017-10-08,353.61
2017-10-09,353.6
2017-10-09,353.81
2017-10-09,353.74
2017-10-10,353.82
2017-10-10,353.69
2017-10-10,353.77
2017-10-11,353.72
2017-10-11,353.69
2017-10-11,353.65
2017-10-12,353.7
2017-10-12,353.67
2017-10-12,353.75
2017-10-13,353.74
2017-10-13,353.71
2017-10-13,353.78
2017-10-14,353.86
2017-10-14,353.79
2017-10-14,353.75
2017-10-15,353.84
2017-10-15,353.94
2017-10-15,353.89
2017-10-16,353.77
2017-10-16,353.91
2017-10-16,353.84
2017-10-17,353.8
2017-10-17,353.74
2017-10-17,353.67
2017-10-18,353.7
2017-10-18,353.6
2017-10-18,353.65
2017-10-19,353.61
2017-10-19,353.58
2017-10-19,353.52
2017-10-20,353.52
2017-10-20,353.58
2017-10-20,353.64
2017-10-21,353.62
2017-10-21,353.71
2017-10-21,353.85
2017-10-22,353.89
2017-10-22,353.8
2017-10-22,353.84
2017-10-23,353.77
2017-10-23,353.82
2017-10-23,353.88
2017-10-24,353.74
2017-10-24,353.69
2017-10-24,353.81
2017-10-25,353.49
2017-10-25,353.7
2017-10-25,353.58
2017-10-26,353.57
2017-10-26,353.49
2017-10-26,353.53
2017-10-27,353.5
2017-10-27,353.54
2017-10-27,353.6
2017-10-28,353.55
2017-10-28,353.51
2017-10-28,353.46
2017-10-29,353.51
2017-10-29,353.49
2017-10-29,353.44
2017-10-30,353.49
2017-10-30,353.52
2017-10-30,353.44
2017-10-31,353.49
2017-10-31,353.59
2017-10-31,353.54
2017-11-01,353.65
2017-11-01,353.53
2017-11-01,353.58
2017-11-02,353.63
2017-11-02,353.76
2017-11-02,353.7
2017-11-03,353.78
2017-11-03,353.73
2017-11-03,353.65
2017-11-04,353.69
2017-11-04,353.59
2017-11-04,353.64
2017-11-05,353.69
2017-11-05,353.64
2017-11-05,353.75
2017-11-06,353.65
2017-11-06,353.69
2017-11-06,353.73
2017-11-07,353.7
2017-11-07,353.64
2017-11-07,353.75
2017-11-08,353.6
2017-11-08,353.64
2017-11-08,353.71
2017-11-09,353.61
2017-11-09,353.57
2017-11-09,353.66
2017-11-10,353.57
2017-11-10,353.6
2017-11-10,353.51
2017-11-11,353.57
2017-11-11,353.62
2017-11-11,353.52
2017-11-12,353.63
2017-11-12,353.69
2017-11-12,353.6
2017-11-13,353.68
2017-11-13,353.64
2017-11-13,353.73
2017-11-14,353.7
2017-11-14,353.58
2017-11-14,353.63
2017-11-15,353.51
2017-11-15,353.56
2017-11-15,353.58
2017-11-16,353.57
2017-11-16,353.49
2017-11-16,353.54
2017-11-17,353.67
2017-11-17,353.58
2017-11-17,353.53
2017-11-18,353.62
2017-11-18,353.73
2017-11-18,353.65
2017-11-19,353.67
2017-11-19,353.49
2017-11-19,353.57
2017-11-20,353.51
2017-11-20,353.55
2017-11-20,353.59
2017-11-21,353.57
2017-11-21,353.63
2017-11-21,353.68
2017-11-22,353.64
2017-11-22,353.58
2017-11-22,353.69
2017-11-23,353.54
2017-11-23,353.63
2017-11-23,353.47
2017-11-24,353.39
2017-11-24,353.45
2017-11-24,353.49
2017-11-25,353.6
2017-11-25,353.53
2017-11-25,353.47
2017-11-26,353.55
2017-11-26,353.61
2017-11-26,353.46
2017-11-27,353.53
2017-11-27,353.44
2017-11-27,353.38
2017-11-28,353.46
2017-11-28,353.51
2017-11-28,353.41
2017-11-29,353.59
2017-11-29,353.51
2017-11-29,353.47
2017-11-30,353.48
2017-11-30,353.59
2017-11-30,353.53
2017-12-01,353.49
2017-12-01,353.54
2017-12-01,353.44
2017-12-02,353.49
2017-12-02,353.43
2017-12-02,353.53
2017-12-03,353.4
2017-12-03,353.54
2017-12-03,353.47
2017-12-04,353.53
2017-12-04,353.45
2017-12-04,353.4
2017-12-05,353.68
2017-12-05,353.53
2017-12-05,353.59
2017-12-06,353.74
2017-12-06,353.66
2017-12-06,353.62
2017-12-07,353.87
2017-12-07,353.73
2017-12-07,353.78
2017-12-08,353.7
2017-12-08,353.78
2017-12-08,353.87
2017-12-09,353.59
2017-12-09,353.72
2017-12-09,353.65
2017-12-10,353.58
2017-12-10,353.52
2017-12-10,353.63
2017-12-11,353.57
2017-12-11,353.53
2017-12-11,353.61
2017-12-12,353.48
2017-12-12,353.38
2017-12-12,353.58
2017-12-13,353.32
2017-12-13,353.27
2017-12-13,353.39
2017-12-14,353.33
2017-12-14,353.26
2017-12-14,353.47
2017-12-15,353.45
2017-12-15,353.51
2017-12-15,353.26
2017-12-16,352.97
2017-12-16,353.26
2017-12-16,353.06
2017-12-17,353.44
2017-12-17,353.1
2017-12-17,353.26
2017-12-18,353.43
2017-12-18,353.52
2017-12-18,353.58
2017-12-19,353.64
2017-12-19,353.53
2017-12-19,353.56
2017-12-20,353.56
2017-12-20,353.34
2017-12-20,353.46
2017-12-21,353.44
2017-12-21,353.57
2017-12-21,353.34
2017-12-22,353.61
2017-12-22,353.68
2017-12-22,353.54
2017-12-23,353.48
2017-12-23,353.53
2017-12-23,353.62
2017-12-24,353.47
2017-12-24,353.52
2017-12-24,353.42
2017-12-25,353.38
2017-12-25,353.42
2017-12-25,353.47
2017-12-26,353.48
2017-12-26,353.43
2017-12-26,353.4
2017-12-27,353.47
2017-12-27,353.41
2017-12-27,353.52
2017-12-28,353.41
2017-12-28,353.51
2017-12-28,353.47
2017-12-29,353.44
2017-12-29,353.4
2017-12-29,353.5
2017-12-30,353.32
2017-12-30,353.38
2017-12-30,353.44
2017-12-31,353.37
2017-12-31,353.33
2017-12-31,353.44
2018-01-01,353.48
2018-01-01,353.38
2018-01-01,353.43
2018-01-02,353.36
2018-01-02,353.42
2018-01-02,353.48
2018-01-03,353.37
2018-01-03,353.31
2018-01-03,353.41
2018-01-04,353.35
2018-01-04,353.4
2018-01-04,353.48
2018-01-05,353.45
2018-01-05,353.4
2018-01-05,353.5
2018-01-06,353.45
2018-01-06,353.34
2018-01-06,353.38
2018-01-07,353.37
2018-01-07,353.26
2018-01-07,353.31
2018-01-08,353.09
2018-01-08,353.27
2018-01-08,353.19
2018-01-09,353.11
2018-01-09,353.01
2018-01-09,352.88
2018-01-10,353.11
2018-01-10,353.41
2018-01-10,353.3
2018-01-11,353.51
2018-01-11,353.56
2018-01-11,353.4
2018-01-12,353.43
2018-01-12,353.55
2018-01-12,353.5
2018-01-13,353.43
2018-01-13,353.48
2018-01-13,353.54
2018-01-14,353.51
2018-01-14,353.39
2018-01-14,353.44
2018-01-15,353.31
2018-01-15,353.36
2018-01-15,353.41
2018-01-16,353.4
2018-01-16,353.37
2018-01-16,353.34
2018-01-17,353.35
2018-01-17,353.44
2018-01-17,353.38
2018-01-18,353.31
2018-01-18,353.24
2018-01-18,353.38
2018-01-19,353.07
2018-01-19,353.25
2018-01-19,353.16
2018-01-20,353.06
2018-01-20,353.35
2018-01-20,353.17
2018-01-21,353.35
2018-01-21,353.5
2018-01-21,353.45
2018-01-22,353.38
2018-01-22,353.49
2018-01-22,353.44
2018-01-23,353.33
2018-01-23,353.37
2018-01-23,353.42
2018-01-24,353.32
2018-01-24,353.22
2018-01-24,353.38
2018-01-25,353.27
2018-01-25,353.18
2018-01-25,353.22
2018-01-26,353.41
2018-01-26,353.34
2018-01-26,353.26
2018-01-27,353.43
2018-01-27,353.35
2018-01-27,353.39
2018-01-28,353.35
2018-01-28,353.39
2018-01-28,353.46
2018-01-29,353.34
2018-01-29,353.39
2018-01-29,353.28
2018-01-30,353.3
2018-01-30,353.23
2018-01-30,353.16
2018-01-31,353.07
2018-01-31,353.18
2018-01-31,353.14
2018-02-01,353.17
2018-02-01,353.27
2018-02-01,353.12
2018-02-02,353.34
2018-02-02,353.27
2018-02-02,353.22
2018-02-03,353.18
2018-02-03,353.32
2018-02-03,353.26
2018-02-04,353.15
2018-02-04,353.28
2018-02-04,353.23
2018-02-05,353.19
2018-02-05,353.13
2018-02-05,353.04
2018-02-06,353.31
2018-02-06,353.15
2018-02-06,353.07
2018-02-07,353.42
2018-02-07,353.31
2018-02-07,353.36
2018-02-08,353.37
2018-02-08,353.29
2018-02-08,353.2
2018-02-09,353.06
2018-02-09,353.14
2018-02-09,353.21
2018-02-10,353.02
2018-02-10,353.08
2018-02-10,352.92
2018-02-11,353.08
2018-02-11,353.03
2018-02-11,352.94
2018-02-12,352.98
2018-02-12,353.13
2018-02-12,352.94
2018-02-13,353.35
2018-02-13,353.13
2018-02-13,353.27
2018-02-14,353.34
2018-02-14,353.23
2018-02-14,353.29
2018-02-15,353.38
2018-02-15,353.28
2018-02-15,353.22
2018-02-16,353.38
2018-02-16,353.23
2018-02-16,353.33
2018-02-17,353.2
2018-02-17,353.33
2018-02-17,353.28
2018-02-18,353.2
2018-02-18,353.1
2018-02-18,352.98
2018-02-19,352.96
2018-02-19,353.12
2018-02-19,352.9
2018-02-20,353.22
2018-02-20,353.11
2018-02-20,353.29
2018-02-21,353.32
2018-02-21,353.21
2018-02-21,353.25
2018-02-22,353.39
2018-02-22,353.27
2018-02-22,353.32
2018-02-23,353.23
2018-02-23,353.28
2018-02-23,353.39
2018-02-24,353.39
2018-02-24,353.27
2018-02-24,353.46
2018-02-25,353.34
2018-02-25,353.21
2018-02-25,353.26
2018-02-26,352.93
2018-02-26,353.07
2018-02-26,353.22
2018-02-27,353.0
2018-02-27,353.12
2018-02-27,352.91
2018-02-28,353.32
2018-02-28,353.12
2018-02-28,353.25
2018-03-01,353.16
2018-03-01,353.23
2018-03-01,353.31
2018-03-02,353.09
2018-03-02,353.16
2018-03-02,353.21
2018-03-03,353.07
2018-03-03,353.16
2018-03-03,353.11
2018-03-04,353.15
2018-03-04,353.2
2018-03-04,353.27
2018-03-05,353.13
2018-03-05,353.21
2018-03-05,353.28
2018-03-06,353.2
2018-03-06,353.15
2018-03-06,353.08
2018-03-07,353.12
2018-03-07,353.07
2018-03-07,353.16
2018-03-08,353.17
2018-03-08,353.07
2018-03-08,353.12
2018-03-09,353.05
2018-03-09,353.08
2018-03-09,353.01
2018-03-10,353.08
2018-03-10,352.99
2018-03-10,353.04
2018-03-11,353.24
2018-03-11,353.06
2018-03-11,353.15
2018-03-12,353.16
2018-03-12,353.09
2018-03-12,353.21
2018-03-13,353.07
2018-03-13,353.15
2018-03-13,353.12
2018-03-14,353.05
2018-03-14,353.11
2018-03-14,353.02
2018-03-15,353.03
2018-03-15,352.93
2018-03-15,353.11
2018-03-16,353.11
2018-03-16,353.06
2018-03-16,353.0
2018-03-17,353.0
2018-03-17,353.12
2018-03-17,353.06
2018-03-18,353.18
2018-03-18,353.23
2018-03-18,353.09
2018-03-19,353.15
2018-03-19,353.2
2018-03-19,353.08
2018-03-20,353.16
2018-03-20,353.11
2018-03-20,353.02
2018-03-21,353.04
2018-03-21,353.16
2018-03-21,353.09
2018-03-22,353.05
2018-03-22,353.12
2018-03-22,353.22
2018-03-23,353.16
2018-03-23,353.22
2018-03-23,353.09
2018-03-24,353.09
2018-03-24,353.02
2018-03-24,353.06
2018-03-25,353.08
2018-03-25,353.03
2018-03-25,352.96
2018-03-26,353.02
2018-03-26,353.1
2018-03-26,352.98
2018-03-27,353.08
2018-03-27,353.2
2018-03-27,353.13
2018-03-28,353.16
2018-03-28,353.21
2018-03-28,353.09
2018-03-29,353.16
2018-03-29,353.11
2018-03-29,353.04
2018-03-30,353.04
2018-03-30,353.11
2018-03-30,353.16
2018-03-31,352.99
2018-03-31,353.11
2018-03-31,353.06
2018-04-01,352.92
2018-04-01,352.85
2018-04-01,353.0
2018-04-02,352.92
2018-04-02,352.87
2018-04-02,352.83
2018-04-03,353.06
2018-04-03,352.99
2018-04-03,352.88
2018-04-04,353.03
2018-04-04,353.07
2018-04-04,353.11
2018-04-05,353.01
2018-04-05,353.05
2018-04-05,353.11
2018-04-06,352.96
2018-04-06,353.01
2018-04-06,353.06
2018-04-07,353.05
2018-04-07,353.0
2018-04-07,352.96
2018-04-08,352.94
2018-04-08,352.99
2018-04-08,353.04
2018-04-09,353.05
2018-04-09,352.96
2018-04-09,353.13
2018-04-10,353.09
2018-04-10,353.14
2018-04-10,353.04
2018-04-11,353.05
2018-04-11,353.0
2018-04-11,352.93
2018-04-12,352.95
2018-04-12,353.01
2018-04-12,353.1
2018-04-13,353.27
2018-04-13,353.21
2018-04-13,353.09
2018-04-14,353.21
2018-04-14,353.11
2018-04-14,353.29
2018-04-15,352.9
2018-04-15,353.12
2018-04-15,352.98
2018-04-16,353.04
2018-04-16,352.94
2018-04-16,352.9
2018-04-17,352.98
2018-04-17,353.11
2018-04-17,353.02
2018-04-18,352.98
2018-04-18,352.9
2018-04-18,353.02
2018-04-19,352.94
2018-04-19,352.99
2018-04-19,352.9
2018-04-20,352.98
2018-04-20,353.04
2018-04-20,353.1
2018-04-21,353.01
2018-04-21,353.06
2018-04-21,352.94
2018-04-22,352.86
2018-04-22,352.97
2018-04-22,352.93
2018-04-23,352.92
2018-04-23,352.95
2018-04-23,352.99
2018-04-24,352.96
2018-04-24,353.0
2018-04-24,352.92
2018-04-25,352.96
2018-04-25,353.03
2018-04-25,353.0
2018-04-26,352.87
2018-04-26,352.94
2018-04-26,352.99
2018-04-27,352.95
2018-04-27,352.86
2018-04-27,352.92
2018-04-28,352.9
2018-04-28,352.8
2018-04-28,352.86
2018-04-29,352.82
2018-04-29,352.93
2018-04-29,352.88
2018-04-30,352.94
2018-04-30,352.89
2018-04-30,352.81
2018-05-01,352.84
2018-05-01,352.78
2018-05-01,352.89
2018-05-02,353.12
2018-05-02,352.85
2018-05-02,352.99
2018-05-03,353.17
2018-05-03,353.08
2018-05-03,353.13
2018-05-04,353.21
2018-05-04,353.03
2018-05-04,353.14
2018-05-05,352.98
2018-05-05,353.06
2018-05-05,352.88
2018-05-06,352.94
2018-05-06,352.9
2018-05-06,352.98
2018-05-07,352.95
2018-05-07,353.01
2018-05-07,352.91
2018-05-08,352.87
2018-05-08,352.91
2018-05-08,352.96
2018-05-09,352.85
2018-05-09,352.79
2018-05-09,352.91
2018-05-10,352.77
2018-05-10,352.71
2018-05-10,352.82
2018-05-11,352.71
2018-05-11,352.81
2018-05-11,352.75
2018-05-12,352.88
2018-05-12,352.79
2018-05-12,352.96
2018-05-13,352.89
2018-05-13,352.94
2018-05-13,353.01
2018-05-14,352.93
2018-05-14,352.96
2018-05-14,352.87
2018-05-15,353.01
2018-05-15,352.97
2018-05-15,352.92
2018-05-16,352.88
2018-05-16,352.94
2018-05-16,352.99
2018-05-17,352.89
2018-05-17,352.84
2018-05-17,352.92
2018-05-18,352.86
2018-05-18,352.82
2018-05-18,352.91
2018-05-19,352.88
2018-05-19,352.79
2018-05-19,352.84
2018-05-20,352.83
2018-05-20,352.8
2018-05-20,352.89
2018-05-21,352.81
2018-05-21,352.84
2018-05-21,352.77
2018-05-22,352.86
2018-05-22,352.9
2018-05-22,352.8
2018-05-23,353.01
2018-05-23,352.92
2018-05-23,352.87
2018-05-24,353.07
2018-05-24,353.03
2018-05-24,352.97
2018-05-25,353.04
2018-05-25,353.08
2018-05-25,352.97
2018-05-26,352.99
2018-05-26,352.88
2018-05-26,352.94
2018-05-27,352.9
2018-05-27,352.81
2018-05-27,352.87
2018-05-28,352.79
2018-05-28,352.9
2018-05-28,352.86
2018-05-29,352.84
2018-05-29,352.78
2018-05-29,352.72
2018-05-30,352.84
2018-05-30,352.73
2018-05-30,352.79
2018-05-31,352.78
2018-05-31,352.85
2018-05-31,352.89
2018-06-01,352.95
2018-06-01,352.87
2018-06-01,352.92
2018-06-02,352.93
2018-06-02,352.88
2018-06-02,352.98
2018-06-03,352.83
2018-06-03,352.88
2018-06-03,352.92
2018-06-04,352.86
2018-06-04,352.78
2018-06-04,352.83
2018-06-05,352.79
2018-06-05,352.86
2018-06-05,352.82
2018-06-06,352.81
2018-06-06,352.77
2018-06-06,352.86
2018-06-07,352.8
2018-06-07,352.88
2018-06-07,352.92
2018-06-08,352.92
2018-06-08,352.85
2018-06-08,352.88
2018-06-09,352.92
2018-06-09,352.86
2018-06-09,352.81
2018-06-10,352.81
2018-06-10,352.76
2018-06-10,352.86
2018-06-11,352.78
2018-06-11,352.8
2018-06-11,352.72
2018-06-12,352.83
2018-06-12,352.79
2018-06-12,352.75
2018-06-13,352.84
2018-06-13,352.8
2018-06-13,352.76
2018-06-14,352.86
2018-06-14,352.72
2018-06-14,352.79
2018-06-15,352.81
2018-06-15,352.7
2018-06-15,352.77
2018-06-16,352.83
2018-06-16,352.72
2018-06-16,352.78
2018-06-17,352.82
2018-06-17,352.9
2018-06-17,352.97
2018-06-18,353.0
2018-06-18,352.92
2018-06-18,352.96
2018-06-19,352.89
2018-06-19,352.97
2018-06-19,352.94
2018-06-20,352.87
2018-06-20,352.93
2018-06-20,352.9
2018-06-21,352.93
2018-06-21,352.89
2018-06-21,352.87
2018-06-22,352.75
2018-06-22,352.84
2018-06-22,352.88
2018-06-23,352.73
2018-06-23,352.81
2018-06-23,352.78
2018-06-24,352.86
2018-06-24,352.9
2018-06-24,352.78
2018-06-25,352.86
2018-06-25,352.9
2018-06-25,352.93
2018-06-26,352.95
2018-06-26,352.9
2018-06-26,352.85
2018-06-27,352.84
2018-06-27,352.88
2018-06-27,352.92
2018-06-28,352.88
2018-06-28,352.77
2018-06-28,352.83
2018-06-29,352.82
2018-06-29,352.86
2018-06-29,352.77
2018-06-30,352.81
2018-06-30,352.86
2018-06-30,352.91
2018-07-01,352.86
2018-07-01,352.95
2018-07-01,352.91
2018-07-02,352.78
2018-07-02,352.91
2018-07-02,352.87
2018-07-03,352.87
2018-07-03,352.83
2018-07-03,352.78
2018-07-04,352.96
2018-07-04,352.85
2018-07-04,352.91
2018-07-05,352.95
2018-07-05,352.89
2018-07-05,353.0
2018-07-06,352.94
2018-07-06,352.78
2018-07-06,352.86
2018-07-07,352.81
2018-07-07,352.77
2018-07-07,352.84
2018-07-08,352.81
2018-07-08,352.85
2018-07-08,352.77
2018-07-09,352.81
2018-07-09,352.85
2018-07-09,352.9
2018-07-10,352.76
2018-07-10,352.9
2018-07-10,352.85
2018-07-11,352.83
2018-07-11,352.8
2018-07-11,352.72
2018-07-12,352.91
2018-07-12,352.82
2018-07-12,352.78
2018-07-13,352.82
2018-07-13,352.88
2018-07-13,352.92
2018-07-14,352.89
2018-07-14,352.85
2018-07-14,352.77
2018-07-15,352.75
2018-07-15,352.85
2018-07-15,352.82
2018-07-16,352.82
2018-07-16,352.76
2018-07-16,352.85
2018-07-17,352.81
2018-07-17,352.77
2018-07-17,352.86
2018-07-18,352.83
2018-07-18,352.89
2018-07-18,352.79
2018-07-19,352.85
2018-07-19,352.81
2018-07-19,352.75
2018-07-20,352.82
2018-07-20,352.79
2018-07-20,352.75
2018-07-21,352.82
2018-07-21,352.78
2018-07-21,352.89
2018-07-22,352.82
2018-07-22,352.87
2018-07-22,352.91
2018-07-23,352.85
2018-07-23,352.73
2018-07-23,352.8
2018-07-24,352.78
2018-07-24,352.83
2018-07-24,352.74
2018-07-25,352.81
2018-07-25,352.85
2018-07-25,352.76
2018-07-26,352.74
2018-07-26,352.79
2018-07-26,352.83
2018-07-27,352.78
2018-07-27,352.74
2018-07-27,352.69
2018-07-28,352.76
2018-07-28,352.72
2018-07-28,352.85
2018-07-29,352.76
2018-07-29,352.87
2018-07-29,352.82
2018-07-30,352.84
2018-07-30,352.74
2018-07-30,352.81
2018-07-31,352.75
2018-07-31,352.83
2018-07-31,352.81
2018-08-01,352.79
2018-08-01,352.72
2018-08-01,352.83
2018-08-02,352.71
2018-08-02,352.8
2018-08-02,352.76
2018-08-03,352.69
2018-08-03,352.74
2018-08-03,352.79
2018-08-04,352.76
2018-08-04,352.65
2018-08-04,352.71
2018-08-05,352.68
2018-08-05,352.72
2018-08-05,352.75
2018-08-06,352.76
2018-08-06,352.66
2018-08-06,352.7
2018-08-07,352.76
2018-08-07,352.69
2018-08-07,352.64
2018-08-08,352.87
2018-08-08,352.81
2018-08-08,352.76
2018-08-09,352.84
2018-08-09,352.92
2018-08-09,352.8
2018-08-10,352.93
2018-08-10,352.83
2018-08-10,352.9
2018-08-11,352.87
2018-08-11,352.92
2018-08-11,352.78
2018-08-12,352.89
2018-08-12,352.83
2018-08-12,352.76
2018-08-13,352.85
2018-08-13,352.72
2018-08-13,352.81
2018-08-14,352.66
2018-08-14,352.77
2018-08-14,352.73
2018-08-15,352.7
2018-08-15,352.75
2018-08-15,352.81
2018-08-16,352.79
2018-08-16,352.92
2018-08-16,352.86
2018-08-17,352.84
2018-08-17,352.9
2018-08-17,352.93
2018-08-18,352.88
2018-08-18,352.81
2018-08-18,352.93
2018-08-19,352.68
2018-08-19,352.76
2018-08-19,352.81
2018-08-20,352.7
2018-08-20,352.78
2018-08-20,352.74
2018-08-21,352.74
2018-08-21,352.83
2018-08-21,352.78
2018-08-22,352.78
2018-08-22,352.87
2018-08-22,352.83
2018-08-23,352.82
2018-08-23,352.87
2018-08-23,352.74
2018-08-24,352.8
2018-08-24,352.75
2018-08-24,352.67
2018-08-25,352.75
2018-08-25,352.7
2018-08-25,352.8
2018-08-26,352.78
2018-08-26,352.84
2018-08-26,352.73
2018-08-27,352.79
2018-08-27,352.69
2018-08-27,352.75
2018-08-28,352.7
2018-08-28,352.76
2018-08-28,352.8
2018-08-29,352.84
2018-08-29,352.79
2018-08-29,352.75
2018-08-30,352.73
2018-08-30,352.81
2018-08-30,352.85
2018-08-31,352.72
2018-08-31,352.61
2018-08-31,352.77
2018-09-01,352.68
2018-09-01,352.6
2018-09-01,352.65
2018-09-02,352.76
2018-09-02,352.71
2018-09-02,352.64
2018-09-03,352.78
2018-09-03,352.69
2018-09-03,352.75
2018-09-04,352.76
2018-09-04,352.81
2018-09-04,352.7
2018-09-05,352.86
2018-09-05,352.92
2018-09-05,352.79
2018-09-06,352.95
2018-09-06,352.91
2018-09-06,352.85
2018-09-07,352.81
2018-09-07,352.91
2018-09-07,352.87
2018-09-08,352.8
2018-09-08,352.85
2018-09-08,352.73
2018-09-09,352.75
2018-09-09,352.8
2018-09-09,352.71
2018-09-10,352.8
2018-09-10,352.75
2018-09-10,352.68
2018-09-11,352.74
2018-09-11,352.69
2018-09-11,352.78
2018-09-12,352.74
2018-09-12,352.81
2018-09-12,352.78
2018-09-13,352.81
2018-09-13,352.86
2018-09-13,352.78
2018-09-14,352.81
2018-09-14,352.7
2018-09-14,352.77
2018-09-15,352.73
2018-09-15,352.82
2018-09-15,352.77
2018-09-16,352.84
2018-09-16,352.9
2018-09-16,352.8
2018-09-17,352.79
2018-09-17,352.85
2018-09-17,352.89
2018-09-18,352.81
2018-09-18,352.87
2018-09-18,352.74
2018-09-19,352.78
2018-09-19,352.73
2018-09-19,352.65
2018-09-20,352.8
2018-09-20,352.71
2018-09-20,352.91
2018-09-21,352.89
2018-09-21,352.98
2018-09-21,352.95
2018-09-22,352.84
2018-09-22,352.98
2018-09-22,352.93
2018-09-23,352.91
2018-09-23,352.85
2018-09-23,352.78
2018-09-24,352.86
2018-09-24,352.77
2018-09-24,352.81
2018-09-25,352.81
2018-09-25,352.92
2018-09-25,352.87
2018-09-26,352.88
2018-09-26,352.93
2018-09-26,352.98
2018-09-27,352.81
2018-09-27,352.89
2018-09-27,352.96
2018-09-28,352.89
2018-09-28,352.82
2018-09-28,352.85
2018-09-29,352.83
2018-09-29,352.86
2018-09-29,352.91
2018-09-30,352.79
2018-09-30,352.89
2018-09-30,352.86
2018-10-01,352.82
2018-10-01,352.77
2018-10-01,352.88
2018-10-02,352.92
2018-10-02,352.76
2018-10-02,352.85
2018-10-03,352.95
2018-10-03,352.91
2018-10-03,352.86
2018-10-04,353.0
2018-10-04,352.94
2018-10-04,352.9
2018-10-05,352.92
2018-10-05,352.98
2018-10-05,352.85
2018-10-06,352.7
2018-10-06,352.78
2018-10-06,352.85
2018-10-07,352.82
2018-10-07,352.68
2018-10-07,352.75
2018-10-08,352.86
2018-10-08,352.8
2018-10-08,352.75
2018-10-09,352.79
2018-10-09,352.89
2018-10-09,352.84
2018-10-10,352.89
2018-10-10,352.79
2018-10-10,352.86
2018-10-11,352.86
2018-10-11,352.91
2018-10-11,352.8
2018-10-12,352.95
2018-10-12,352.78
2018-10-12,352.86
2018-10-13,352.97
2018-10-13,352.93
2018-10-13,352.85
2018-10-14,352.95
2018-10-14,353.11
2018-10-14,353.01
2018-10-15,353.13
2018-10-15,353.19
2018-10-15,353.09
2018-10-16,353.12
2018-10-16,353.15
2018-10-16,353.06
2018-10-17,353.07
2018-10-17,353.12
2018-10-17,353.18
2018-10-18,353.04
2018-10-18,353.17
2018-10-18,353.11
2018-10-19,353.11
2018-10-19,353.0
2018-10-19,353.05
2018-10-20,352.89
2018-10-20,353.03
2018-10-20,352.97
2018-10-21,352.85
2018-10-21,352.97
2018-10-21,352.91
2018-10-22,352.89
2018-10-22,352.93
2018-10-22,352.84
2018-10-23,352.9
2018-10-23,352.97
2018-10-23,352.85
2018-10-24,352.99
2018-10-24,352.93
2018-10-24,353.07
2018-10-25,353.02
2018-10-25,353.06
2018-10-25,353.11
2018-10-26,353.05
2018-10-26,353.09
2018-10-26,353.16
2018-10-27,353.08
2018-10-27,353.02
2018-10-27,353.12
2018-10-28,353.02
2018-10-28,353.1
2018-10-28,353.06
2018-10-29,352.94
2018-10-29,353.06
2018-10-29,353.01
2018-10-30,352.93
2018-10-30,353.01
2018-10-30,352.87
2018-10-31,352.99
2018-10-31,353.07
2018-10-31,353.11
2018-11-01,353.18
2018-11-01,353.06
2018-11-01,353.1
2018-11-02,353.04
2018-11-02,353.12
2018-11-02,353.2
2018-11-03,353.04
2018-11-03,353.09
2018-11-03,352.98
2018-11-04,352.94
2018-11-04,353.01
2018-11-04,353.07
2018-11-05,352.86
2018-11-05,352.92
2018-11-05,352.97
2018-11-06,353.04
2018-11-06,352.97
2018-11-06,352.92
2018-11-07,353.0
2018-11-07,353.07
2018-11-07,353.02
2018-11-08,353.0
2018-11-08,353.05
2018-11-08,353.17
2018-11-09,353.2
2018-11-09,353.1
2018-11-09,353.14
2018-11-10,353.0
2018-11-10,353.13
2018-11-10,353.07
2018-11-11,353.06
2018-11-11,353.31
2018-11-11,353.17
2018-11-12,353.46
2018-11-12,353.36
2018-11-12,353.31
2018-11-13,353.48
2018-11-13,353.41
2018-11-13,353.37
2018-11-14,353.2
2018-11-14,353.28
2018-11-14,353.41
2018-11-15,353.2
2018-11-15,353.05
2018-11-15,353.1
2018-11-16,352.97
2018-11-16,353.02
2018-11-16,353.06
2018-11-17,353.0
2018-11-17,353.08
2018-11-17,353.04
2018-11-18,353.14
2018-11-18,353.04
2018-11-18,353.08
2018-11-19,353.09
2018-11-19,353.04
2018-11-19,353.14
2018-11-20,353.16
2018-11-20,353.06
2018-11-20,353.02
2018-11-21,353.18
2018-11-21,353.22
2018-11-21,353.12
2018-11-22,353.13
2018-11-22,353.22
2018-11-22,353.3
2018-11-23,353.07
2018-11-23,353.27
2018-11-23,353.2
2018-11-24,352.94
2018-11-24,353.01
2018-11-24,353.07
2018-11-25,353.0
2018-11-25,353.2
2018-11-25,353.08
2018-11-26,353.26
2018-11-26,353.17
2018-11-26,353.22
2018-11-27,353.16
2018-11-27,353.23
2018-11-27,353.1
2018-11-28,352.98
2018-11-28,353.1
2018-11-28,353.03
2018-11-29,352.99
2018-11-29,352.91
2018-11-29,352.86
2018-11-30,353.06
2018-11-30,353.14
2018-11-30,352.89
2018-12-01,353.1
2018-12-01,353.05
2018-12-01,353.16
2018-12-02,353.18
2018-12-02,353.3
2018-12-02,353.06
2018-12-03,353.37
2018-12-03,353.28
2018-12-03,353.32
2018-12-04,353.17
2018-12-04,353.26
2018-12-04,353.33
2018-12-05,353.19
2018-12-05,353.06
2018-12-05,353.11
2018-12-06,353.18
2018-12-06,353.05
2018-12-06,353.1
2018-12-07,353.45
2018-12-07,353.29
2018-12-07,353.16
2018-12-08,353.49
2018-12-08,353.43
2018-12-08,353.56
2018-12-09,353.56
2018-12-09,353.39
2018-12-09,353.49
2018-12-10,353.27
2018-12-10,353.39
2018-12-10,353.21
2018-12-11,353.2
2018-12-11,353.27
2018-12-11,353.15
2018-12-12,353.22
2018-12-12,353.39
2018-12-12,353.27
2018-12-13,353.41
2018-12-13,353.48
2018-12-13,353.37
2018-12-14,353.34
2018-12-14,353.29
2018-12-14,353.41
2018-12-15,353.26
2018-12-15,353.19
2018-12-15,353.31
2018-12-16,353.29
2018-12-16,353.25
2018-12-16,353.33
2018-12-17,353.27
2018-12-17,353.37
2018-12-17,353.3
2018-12-18,353.29
2018-12-18,353.33
2018-12-18,353.39
2018-12-19,353.29
2018-12-19,353.33
2018-12-19,353.38
2018-12-20,353.2
2018-12-20,353.28
2018-12-20,353.33
2018-12-21,353.11
2018-12-21,353.15
2018-12-21,353.22
2018-12-22,353.31
2018-12-22,353.13
2018-12-22,353.21
2018-12-23,353.25
2018-12-23,353.28
2018-12-23,353.34
2018-12-24,353.06
2018-12-24,353.29
2018-12-24,353.18
2018-12-25,353.07
2018-12-25,352.98
2018-12-25,352.9
2018-12-26,353.26
2018-12-26,353.04
2018-12-26,353.19
2018-12-27,353.08
2018-12-27,353.23
2018-12-27,353.17
2018-12-28,353.48
2018-12-28,353.21
2018-12-28,353.3
2018-12-29,353.47
2018-12-29,353.6
2018-12-29,353.5
2018-12-30,353.28
2018-12-30,353.23
2018-12-30,353.48
2018-12-31,353.23
2018-12-31,353.05
2018-12-31,353.16
2019-01-01,353.37
2019-01-01,353.21
2019-01-01,353.45
2019-01-02,353.39
2019-01-02,353.55
2019-01-02,353.48
2019-01-03,353.4
2019-01-03,353.54
2019-01-03,353.47
2019-01-04,353.42
2019-01-04,353.32
2019-01-04,353.27
2019-01-05,353.26
2019-01-05,353.32
2019-01-05,353.2
2019-01-06,353.24
2019-01-06,353.38
2019-01-06,353.54
2019-01-07,353.52
2019-01-07,353.48
2019-01-07,353.6
2019-01-08,353.5
2019-01-08,353.38
2019-01-08,353.45
2019-01-09,353.44
2019-01-09,353.49
2019-01-09,353.36
2019-01-10,353.46
2019-01-10,353.4
2019-01-10,353.36
2019-01-11,353.41
2019-01-11,353.27
2019-01-11,353.34
2019-01-12,353.26
2019-01-12,353.3
2019-01-12,353.35
2019-01-13,353.3
2019-01-13,353.34
2019-01-13,353.39
2019-01-14,353.3
2019-01-14,353.36
2019-01-14,353.24
2019-01-15,353.31
2019-01-15,353.47
2019-01-15,353.36
2019-01-16,353.46
2019-01-16,353.52
2019-01-16,353.58
2019-01-17,353.57
2019-01-17,353.52
2019-01-17,353.48
2019-01-18,353.53
2019-01-18,353.63
2019-01-18,353.58
2019-01-19,353.65
2019-01-19,353.59
2019-01-19,353.5
2019-01-20,353.29
2019-01-20,353.39
2019-01-20,353.52
2019-01-21,353.3
2019-01-21,353.24
2019-01-21,353.37
2019-01-22,353.52
2019-01-22,353.66
2019-01-22,353.36
2019-01-23,353.6
2019-01-23,353.67
2019-01-23,353.47
2019-01-24,353.46
2019-01-24,353.51
2019-01-24,353.43
2019-01-25,353.45
2019-01-25,353.52
2019-01-25,353.38
2019-01-26,353.45
2019-01-26,353.53
2019-01-26,353.56
2019-01-27,353.33
2019-01-27,353.54
2019-01-27,353.43
2019-01-28,353.26
2019-01-28,353.34
2019-01-28,353.3
2019-01-29,353.28
2019-01-29,353.15
2019-01-29,353.22
2019-01-30,353.27
2019-01-30,353.2
2019-01-30,353.17
2019-01-31,353.23
2019-01-31,353.14
2019-01-31,353.19
2019-02-01,353.26
2019-02-01,353.21
2019-02-01,353.19
2019-02-02,352.95
2019-02-02,353.19
2019-02-02,353.12
2019-02-03,353.17
2019-02-03,353.13
2019-02-03,353.1
2019-02-04,353.14
2019-02-04,353.04
2019-02-04,353.1
2019-02-05,353.15
2019-02-05,353.24
2019-02-05,353.1
2019-02-06,353.35
2019-02-06,353.5
2019-02-06,353.22
2019-02-07,353.5
2019-02-07,353.57
2019-02-07,353.47
2019-02-08,353.47
2019-02-08,353.28
2019-02-08,353.36
2019-02-09,353.25
2019-02-09,353.35
2019-02-09,353.28
2019-02-10,353.28
2019-02-10,353.34
2019-02-10,353.22
2019-02-11,353.4
2019-02-11,353.47
2019-02-11,353.3
2019-02-12,353.38
2019-02-12,353.32
2019-02-12,353.45
2019-02-13,353.18
2019-02-13,353.32
2019-02-13,353.25
2019-02-14,353.29
2019-02-14,353.12
2019-02-14,353.05
2019-02-15,353.36
2019-02-15,353.28
2019-02-15,353.41
2019-02-16,353.33
2019-02-16,353.36
2019-02-16,353.42
2019-02-17,353.21
2019-02-17,353.32
2019-02-17,353.37
2019-02-18,353.38
2019-02-18,353.29
2019-02-18,353.25
2019-02-19,353.45
2019-02-19,353.35
2019-02-19,353.4
2019-02-20,353.42
2019-02-20,353.26
2019-02-20,353.01
2019-02-21,352.93
2019-02-21,352.89
2019-02-21,353.07
2019-02-22,353.33
2019-02-22,353.61
2019-02-22,353.07
2019-02-23,353.61
2019-02-23,353.7
2019-02-23,353.76
2019-02-24,353.6
2019-02-24,353.7
2019-02-24,353.5
2019-02-25,353.48
2019-02-25,353.51
2019-02-25,353.55
2019-02-26,353.46
2019-02-26,353.52
2019-02-26,353.56
2019-02-27,353.56
2019-02-27,353.51
2019-02-27,353.61
2019-02-28,353.61
2019-02-28,353.55
2019-02-28,353.5
2019-03-01,353.46
2019-03-01,353.49
2019-03-01,353.56
2019-03-02,353.55
2019-03-02,353.38
2019-03-02,353.47
2019-03-03,353.51
2019-03-03,353.55
2019-03-03,353.47
2019-03-04,353.48
2019-03-04,353.54
2019-03-04,353.5
2019-03-05,353.46
2019-03-05,353.55
2019-03-05,353.41
2019-03-06,353.48
2019-03-06,353.35
2019-03-06,353.54
2019-03-07,353.55
2019-03-07,353.5
2019-03-07,353.46
2019-03-08,353.49
2019-03-08,353.46
2019-03-08,353.55
2019-03-09,353.51
2019-03-09,353.45
2019-03-09,353.56
2019-03-10,353.47
2019-03-10,353.42
2019-03-10,353.52
2019-03-11,353.33
2019-03-11,353.51
2019-03-11,353.43
2019-03-12,353.45
2019-03-12,353.35
2019-03-12,353.32
2019-03-13,353.44
2019-03-13,353.77
2019-03-13,353.61
2019-03-14,353.89
2019-03-14,353.84
2019-03-14,353.77
2019-03-15,353.76
2019-03-15,353.68
2019-03-15,353.85
2019-03-16,353.65
2019-03-16,353.73
2019-03-16,353.69
2019-03-17,353.63
2019-03-17,353.72
2019-03-17,353.68
2019-03-18,353.58
2019-03-18,353.67
2019-03-18,353.64
2019-03-19,353.6
2019-03-19,353.54
2019-03-19,353.65
2019-03-20,353.65
2019-03-20,353.7
2019-03-20,353.61
2019-03-21,353.73
2019-03-21,353.76
2019-03-21,353.69
2019-03-22,353.73
2019-03-22,353.81
2019-03-22,353.76
2019-03-23,353.71
2019-03-23,353.75
2019-03-23,353.8
2019-03-24,353.77
2019-03-24,353.81
2019-03-24,353.74
2019-03-25,353.67
2019-03-25,353.77
2019-03-25,353.72
2019-03-26,353.61
2019-03-26,353.67
2019-03-26,353.56
2019-03-27,353.65
2019-03-27,353.57
2019-03-27,353.74
2019-03-28,353.81
2019-03-28,353.77
2019-03-28,353.73
2019-03-29,353.68
2019-03-29,353.73
2019-03-29,353.79
2019-03-30,353.6
2019-03-30,353.7
2019-03-30,353.66
2019-03-31,353.61
2019-03-31,353.65
2019-03-31,353.72
2019-04-01,353.51
2019-04-01,353.58
2019-04-01,353.64
2019-04-02,353.54
2019-04-02,353.6
2019-04-02,353.51
2019-04-03,353.72
2019-04-03,353.58
2019-04-03,353.67
2019-04-04,353.75
2019-04-04,353.67
2019-04-04,353.64
2019-04-05,353.71
2019-04-05,353.61
2019-04-05,353.65
2019-04-06,353.83
2019-04-06,353.68
2019-04-06,353.74
2019-04-07,353.78
2019-04-07,353.87
2019-04-07,353.83
2019-04-08,353.83
2019-04-08,353.79
2019-04-08,353.73
2019-04-09,353.63
2019-04-09,353.53
2019-04-09,353.73
2019-04-10,353.69
2019-04-10,353.63
2019-04-10,353.73
2019-04-11,353.45
2019-04-11,353.65
2019-04-11,353.72
2019-04-12,353.4
2019-04-12,353.44
2019-04-12,353.59
2019-04-13,353.75
2019-04-13,353.69
2019-04-13,353.59
2019-04-14,353.7
2019-04-14,353.74
2019-04-14,353.63
2019-04-15,353.69
2019-04-15,353.62
2019-04-15,353.58
2019-04-16,353.67
2019-04-16,353.86
2019-04-16,353.72
2019-04-17,353.9
2019-04-17,353.84
2019-04-17,353.95
2019-04-18,353.89
2019-04-18,353.94
2019-04-18,353.82
2019-04-19,353.64
2019-04-19,353.71
2019-04-19,353.85
2019-04-20,353.69
2019-04-20,353.64
2019-04-20,353.75
2019-04-21,353.75
2019-04-21,353.8
2019-04-21,353.69
2019-04-22,353.74
2019-04-22,353.78
2019-04-22,353.69
2019-04-23,353.68
2019-04-23,353.8
2019-04-23,353.75
2019-04-24,353.78
2019-04-24,353.73
2019-04-24,353.83
2019-04-25,353.8
2019-04-25,353.78
2019-04-25,353.75
2019-04-26,353.74
2019-04-26,353.79
2019-04-26,353.78
2019-04-27,353.74
2019-04-27,353.67
2019-04-27,353.78
2019-04-28,353.56
2019-04-28,353.65
2019-04-28,353.71
2019-04-29,353.6
2019-04-29,353.63
2019-04-29,353.72
2019-04-30,353.71
2019-04-30,353.78
2019-04-30,353.82
2019-05-01,353.9
2019-05-01,353.76
2019-05-01,353.82
2019-05-02,353.77
2019-05-02,353.82
2019-05-02,353.86
2019-05-03,353.8
2019-05-03,353.75
2019-05-03,353.83
2019-05-04,353.79
2019-05-04,353.69
2019-05-04,353.74
2019-05-05,353.75
2019-05-05,353.71
2019-05-05,353.65
2019-05-06,353.73
2019-05-06,353.85
2019-05-06,353.77
2019-05-07,353.85
2019-05-07,353.93
2019-05-07,353.96
2019-05-08,353.87
2019-05-08,353.92
2019-05-08,353.78
2019-05-09,353.78
2019-05-09,353.63
2019-05-09,353.7
2019-05-10,353.73
2019-05-10,353.8
2019-05-10,353.64
2019-05-11,353.76
2019-05-11,353.86
2019-05-11,353.82
2019-05-12,353.86
2019-05-12,353.83
2019-05-12,353.92
2019-05-13,353.89
2019-05-13,353.95
2019-05-13,353.92
2019-05-14,353.93
2019-05-14,353.87
2019-05-14,353.97
2019-05-15,353.79
2019-05-15,353.85
2019-05-15,353.88
2019-05-16,353.77
2019-05-16,353.88
2019-05-16,353.81
2019-05-17,353.91
2019-05-17,353.88
2019-05-17,353.84
2019-05-18,353.84
2019-05-18,353.81
2019-05-18,353.89
2019-05-19,353.81
2019-05-19,353.77
2019-05-19,353.72
2019-05-20,353.72
2019-05-20,353.82
2019-05-20,353.91
2019-05-21,353.89
2019-05-21,353.77
2019-05-21,353.66
2019-05-22,353.78
2019-05-22,353.6
2019-05-22,353.65
2019-05-23,353.76
2019-05-23,353.99
2019-05-23,353.95
2019-05-24,353.85
2019-05-24,353.92
2019-05-24,353.97
2019-05-25,353.84
2019-05-25,353.87
2019-05-25,353.8
2019-05-26,353.81
2019-05-26,353.93
2019-05-26,353.9
2019-05-27,353.98
2019-05-27,353.95
2019-05-27,353.89
2019-05-28,353.88
2019-05-28,353.81
2019-05-28,353.93
2019-05-29,353.81
2019-05-29,353.85
2019-05-29,353.89
2019-05-30,353.84
2019-05-30,353.91
2019-05-30,353.87
2019-05-31,353.86
2019-05-31,353.89
2019-05-31,353.8
2019-06-01,353.8
2019-06-01,353.83
2019-06-01,353.87
2019-06-02,353.87
2019-06-02,353.83
2019-06-02,353.91
2019-06-03,353.93
2019-06-03,353.89
2019-06-03,353.85
2019-06-04,353.89
2019-06-04,353.95
2019-06-04,353.91
2019-06-05,353.97
2019-06-05,353.91
2019-06-05,353.94
2019-06-06,353.94
2019-06-06,353.91
2019-06-06,353.96
2019-06-07,353.87
2019-06-07,353.9
2019-06-07,353.93
2019-06-08,353.88
2019-06-08,353.92
2019-06-08,353.99
2019-06-09,354.01
2019-06-09,354.05
2019-06-09,353.96
2019-06-10,354.03
2019-06-10,354.09
2019-06-10,354.06
2019-06-11,354.09
2019-06-11,354.05
2019-06-11,353.98
2019-06-12,353.9
2019-06-12,353.97
2019-06-12,354.0
2019-06-13,353.92
2019-06-13,353.85
2019-06-13,353.89
2019-06-14,353.88
2019-06-14,353.91
2019-06-14,353.85
2019-06-15,353.84
2019-06-15,353.91
2019-06-15,353.87
2019-06-16,353.84
2019-06-16,353.79
2019-06-16,353.87
2019-06-17,353.81
2019-06-17,353.89
2019-06-17,353.86
2019-06-18,353.93
2019-06-18,353.87
2019-06-18,353.99
2019-06-19,353.93
2019-06-19,353.97
2019-06-19,354.0
2019-06-20,353.93
2019-06-20,353.88
2019-06-20,353.97
2019-06-21,353.86
2019-06-21,353.89
2019-06-21,353.92
2019-06-22,353.94
2019-06-22,353.88
2019-06-22,353.99
2019-06-23,353.97
2019-06-23,354.01
2019-06-23,353.93
2019-06-24,353.94
2019-06-24,353.91
2019-06-24,353.86
2019-06-25,353.89
2019-06-25,353.85
2019-06-25,353.94
2019-06-26,354.0
2019-06-26,353.97
2019-06-26,353.9
2019-06-27,354.01
2019-06-27,353.98
2019-06-27,354.04
2019-06-28,354.05
2019-06-28,353.98
2019-06-28,354.01
2019-06-29,354.03
2019-06-29,354.06
2019-06-29,353.97
2019-06-30,354.01
2019-06-30,353.96
2019-06-30,354.05
2019-07-01,354.01
2019-07-01,353.91
2019-07-01,353.97
2019-07-02,353.95
2019-07-02,353.91
2019-07-02,353.86
2019-07-03,353.91
2019-07-03,353.83
2019-07-03,353.87
2019-07-04,353.92
2019-07-04,353.98
2019-07-04,353.88
2019-07-05,354.04
2019-07-05,354.0
2019-07-05,353.97
2019-07-06,354.01
2019-07-06,354.04
2019-07-06,353.95
2019-07-07,353.97
2019-07-07,353.92
2019-07-07,354.0
2019-07-08,354.02
2019-07-08,353.99
2019-07-08,353.95
2019-07-09,353.99
2019-07-09,354.05
2019-07-09,354.02
2019-07-10,354.02
2019-07-10,354.04
2019-07-10,354.07
2019-07-11,353.92
2019-07-11,354.04
2019-07-11,354.0
2019-07-12,353.81
2019-07-12,353.92
2019-07-12,353.88
2019-07-13,353.97
2019-07-13,353.85
2019-07-13,353.89
2019-07-14,353.99
2019-07-14,354.02
2019-07-14,353.96
2019-07-15,354.0
2019-07-15,353.96
2019-07-15,353.89
2019-07-16,353.86
2019-07-16,353.92
2019-07-16,353.89
2019-07-17,353.88
2019-07-17,353.96
2019-07-17,354.0
2019-07-18,353.99
2019-07-18,354.02
2019-07-18,353.92
2019-07-19,353.9
2019-07-19,353.98
2019-07-19,353.95
2019-07-20,353.89
2019-07-20,353.95
2019-07-20,353.98
2019-07-21,353.96
2019-07-21,353.92
2019-07-21,353.99
2019-07-22,354.03
2019-07-22,353.97
2019-07-22,354.06
2019-07-23,354.09
2019-07-23,353.99
2019-07-23,354.06
2019-07-24,353.98
2019-07-24,354.03
2019-07-24,354.06
2019-07-25,354.02
2019-07-25,353.97
2019-07-25,354.04
2019-07-26,354.05
2019-07-26,354.09
2019-07-26,354.01
2019-07-27,353.99
2019-07-27,354.07
2019-07-27,354.03
2019-07-28,354.0
2019-07-28,354.02
2019-07-28,353.95
2019-07-29,353.88
2019-07-29,353.97
2019-07-29,353.93
2019-07-30,353.89
2019-07-30,353.92
2019-07-30,353.97
2019-07-31,353.99
2019-07-31,354.03
2019-07-31,353.94
2019-08-01,354.02
2019-08-01,353.97
2019-08-01,354.07
2019-08-02,354.04
2019-08-02,354.0
2019-08-02,353.95
2019-08-03,353.92
2019-08-03,353.98
2019-08-03,354.0
2019-08-04,353.95
2019-08-04,353.98
2019-08-04,354.01
2019-08-05,353.98
2019-08-05,353.93
2019-08-05,354.02
2019-08-06,354.03
2019-08-06,353.96
2019-08-06,353.9
2019-08-07,353.98
2019-08-07,353.93
2019-08-07,354.01
2019-08-08,353.92
2019-08-08,353.97
2019-08-08,354.0
2019-08-09,353.99
2019-08-09,353.93
2019-08-09,353.96
2019-08-10,353.94
2019-08-10,353.97
2019-08-10,354.02
2019-08-11,354.02
2019-08-11,354.06
2019-08-11,353.98
2019-08-12,354.03
2019-08-12,353.98
2019-08-12,354.08
2019-08-13,354.08
2019-08-13,354.04
2019-08-13,354.01
2019-08-14,354.1
2019-08-14,354.02
2019-08-14,354.06
2019-08-15,353.96
2019-08-15,354.03
2019-08-15,354.07
2019-08-16,353.97
2019-08-16,354.03
2019-08-16,353.93
2019-08-17,353.97
2019-08-17,353.88
2019-08-17,353.93
2019-08-18,353.95
2019-08-18,353.99
2019-08-18,353.91
2019-08-19,354.04
2019-08-19,354.01
2019-08-19,353.97
2019-08-20,353.97
2019-08-20,354.01
2019-08-20,354.05
2019-08-21,353.88
2019-08-21,353.95
2019-08-21,353.99
2019-08-22,353.88
2019-08-22,353.9
2019-08-22,353.84
2019-08-23,354.04
2019-08-23,353.89
2019-08-23,353.95
2019-08-24,354.07
2019-08-24,354.12
2019-08-24,354.02
2019-08-25,354.05
2019-08-25,354.14
2019-08-25,354.1
2019-08-26,354.02
2019-08-26,354.07
2019-08-26,353.94
2019-08-27,353.98
2019-08-27,354.02
2019-08-27,353.95
2019-08-28,354.07
2019-08-28,354.11
2019-08-28,354.0
2019-08-29,354.16
2019-08-29,354.06
2019-08-29,354.11
2019-08-30,354.03
2019-08-30,354.09
2019-08-30,354.13
2019-08-31,354.08
2019-08-31,354.04
2019-08-31,353.97
2019-09-01,354.02
2019-09-01,354.07
2019-09-01,353.98
2019-09-02,354.02
2019-09-02,354.07
2019-09-02,354.12
2019-09-03,354.09
2019-09-03,354.06
2019-09-03,353.99
2019-09-04,353.95
2019-09-04,353.99
2019-09-04,354.03
2019-09-05,354.07
2019-09-05,354.0
2019-09-05,354.14
2019-09-06,354.1
2019-09-06,354.12
2019-09-06,354.17
2019-09-07,354.11
2019-09-07,354.05
2019-09-07,353.98
2019-09-08,353.99
2019-09-08,353.95
2019-09-08,353.89
2019-09-09,353.91
2019-09-09,353.87
2019-09-09,353.96
2019-09-10,353.95
2019-09-10,353.9
2019-09-10,354.01
2019-09-11,354.06
2019-09-11,354.01
2019-09-11,354.1
2019-09-12,354.15
2019-09-12,354.1
2019-09-12,354.05
2019-09-13,354.14
2019-09-13,354.09
2019-09-13,354.02
2019-09-14,354.06
2019-09-14,354.1
2019-09-14,354.0
2019-09-15,354.01
2019-09-15,354.06
2019-09-15,353.96
2019-09-16,353.97
2019-09-16,354.01
2019-09-16,354.06
2019-09-17,354.02
2019-09-17,354.08
2019-09-17,353.98
2019-09-18,354.05
2019-09-18,353.99
2019-09-18,353.95
2019-09-19,353.99
2019-09-19,353.89
2019-09-19,353.95
2019-09-20,353.94
2019-09-20,354.01
2019-09-20,353.97
2019-09-21,354.01
2019-09-21,354.04
2019-09-21,353.94
2019-09-22,354.09
2019-09-22,354.06
2019-09-22,354.01
2019-09-23,354.03
2019-09-23,354.08
2019-09-23,354.12
2019-09-24,353.95
2019-09-24,354.1
2019-09-24,354.03
2019-09-25,353.98
2019-09-25,353.93
2019-09-25,354.06
2019-09-26,354.05
2019-09-26,354.16
2019-09-26,354.11
2019-09-27,353.96
2019-09-27,354.1
2019-09-27,354.05
2019-09-28,353.92
2019-09-28,353.96
2019-09-28,353.87
2019-09-29,353.96
2019-09-29,354.01
2019-09-29,353.93
2019-09-30,354.04
2019-09-30,353.94
2019-09-30,353.98
2019-10-01,354.02
2019-10-01,353.96
2019-10-01,354.08
2019-10-02,354.09
2019-10-02,354.14
2019-10-02,354.05
2019-10-03,354.14
2019-10-03,354.11
2019-10-03,354.08
2019-10-04,354.21
2019-10-04,354.16
2019-10-04,354.13
2019-10-05,354.25
2019-10-05,354.19
2019-10-05,354.15
2019-10-06,354.13
2019-10-06,354.23
2019-10-06,354.18
2019-10-07,354.1
2019-10-07,354.04
2019-10-07,354.18
2019-10-08,354.0
2019-10-08,354.04
2019-10-08,353.96
2019-10-09,353.95
2019-10-09,353.88
2019-10-09,354.0
2019-10-10,354.02
2019-10-10,354.11
2019-10-10,353.94
2019-10-11,354.08
2019-10-11,354.15
2019-10-11,354.03
2019-10-12,353.95
2019-10-12,354.0
2019-10-12,354.04
2019-10-13,353.97
2019-10-13,353.93
2019-10-13,354.01
2019-10-14,354.04
2019-10-14,353.99
2019-10-14,354.11
2019-10-15,354.08
2019-10-15,354.13
2019-10-15,354.18
2019-10-16,354.14
2019-10-16,354.05
2019-10-16,353.96
2019-10-17,353.97
2019-10-17,353.93
2019-10-17,353.86
2019-10-18,354.02
2019-10-18,354.08
2019-10-18,353.94
2019-10-19,354.0
2019-10-19,354.03
2019-10-19,354.09
2019-10-20,353.98
2019-10-20,354.15
2019-10-20,354.05
2019-10-21,354.28
2019-10-21,354.14
2019-10-21,354.2
2019-10-22,354.31
2019-10-22,354.14
2019-10-22,354.23
2019-10-23,354.07
2019-10-23,354.14
2019-10-23,353.99
2019-10-24,354.14
2019-10-24,354.2
2019-10-24,354.06
2019-10-25,354.14
2019-10-25,354.21
2019-10-25,354.05
2019-10-26,353.84
2019-10-26,354.05
2019-10-26,353.91
2019-10-27,353.85
2019-10-27,353.8
2019-10-27,353.97
2019-10-28,354.03
2019-10-28,354.1
2019-10-28,353.97
2019-10-29,353.93
2019-10-29,353.98
2019-10-29,354.08
2019-10-30,354.25
2019-10-30,354.31
2019-10-30,354.08
2019-10-31,354.29
2019-10-31,354.23
2019-10-31,354.18
2019-11-01,354.15
2019-11-01,354.18
2019-11-01,354.21
2019-11-02,354.13
2019-11-02,354.06
2019-11-02,354.19
2019-11-03,354.01
2019-11-03,354.08
2019-11-03,353.97
2019-11-04,354.01
2019-11-04,353.97
2019-11-04,354.05
2019-11-05,354.04
2019-11-05,354.09
2019-11-05,354.0
2019-11-06,353.98
2019-11-06,354.08
2019-11-06,354.02
2019-11-07,354.12
2019-11-07,354.2
2019-11-07,354.06
2019-11-08,354.21
2019-11-08,354.1
2019-11-08,354.16
2019-11-09,354.06
2019-11-09,354.0
2019-11-09,354.13
2019-11-10,354.0
2019-11-10,353.96
2019-11-10,354.05
2019-11-11,354.08
2019-11-11,354.02
2019-11-11,353.98
2019-11-12,354.06
2019-11-12,354.12
2019-11-12,354.01
2019-11-13,354.02
2019-11-13,354.06
2019-11-13,353.98
2019-11-14,354.09
2019-11-14,354.04
2019-11-14,354.14
2019-11-15,354.13
2019-11-15,354.06
2019-11-15,353.98
2019-11-16,354.04
2019-11-16,354.0
2019-11-16,353.95
2019-11-17,353.98
2019-11-17,354.06
2019-11-17,354.02
2019-11-18,353.91
2019-11-18,354.01
2019-11-18,353.85
2019-11-19,353.7
2019-11-19,353.87
2019-11-19,353.52
2019-11-20,353.5
2019-11-20,353.56
2019-11-20,353.73
2019-11-21,353.91
2019-11-21,354.13
2019-11-21,353.73
2019-11-22,354.13
2019-11-22,354.18
2019-11-22,354.23
2019-11-23,354.25
2019-11-23,354.2
2019-11-23,354.13
2019-11-24,354.2
2019-11-24,354.13
2019-11-24,354.02
2019-11-25,353.76
2019-11-25,353.86
2019-11-25,354.02
2019-11-26,353.94
2019-11-26,353.85
2019-11-26,353.8
2019-11-27,353.65
2019-11-27,353.8
2019-11-27,353.58
2019-11-28,353.6
2019-11-28,353.65
2019-11-28,353.54
2019-11-29,353.61
2019-11-29,354.12
2019-11-29,353.91
2019-11-30,354.12
2019-11-30,354.22
2019-11-30,354.27
2019-12-01,354.18
2019-12-01,354.24
2019-12-01,354.2
2019-12-02,354.2
2019-12-02,354.25
2019-12-02,354.14
2019-12-03,354.1
2019-12-03,354.18
2019-12-03,354.01
2019-12-04,353.95
2019-12-04,353.9
2019-12-04,354.02
2019-12-05,354.14
2019-12-05,354.02
2019-12-05,354.08
2019-12-06,354.16
2019-12-06,354.07
2019-12-06,354.11
2019-12-07,354.14
2019-12-07,354.08
2019-12-07,354.02
2019-12-08,354.03
2019-12-08,353.89
2019-12-08,353.95
2019-12-09,354.05
2019-12-09,353.88
2019-12-09,353.93
2019-12-10,354.04
2019-12-10,354.14
2019-12-10,354.08
2019-12-11,354.1
2019-12-11,354.05
2019-12-11,354.01
2019-12-12,354.04
2019-12-12,354.11
2019-12-12,354.02
2019-12-13,354.03
2019-12-13,353.83
2019-12-13,353.94
2019-12-14,353.74
2019-12-14,353.67
2019-12-14,353.83
2019-12-15,353.77
2019-12-15,353.69
2019-12-15,353.91
2019-12-16,353.91
2019-12-16,354.13
2019-12-16,354.04
2019-12-17,354.04
2019-12-17,353.92
2019-12-17,354.11
2019-12-18,353.92
2019-12-18,353.84
2019-12-18,353.77
2019-12-19,353.87
2019-12-19,353.98
2019-12-19,353.81
2019-12-20,353.99
2019-12-20,353.95
2019-12-20,354.04
2019-12-21,353.75
2019-12-21,353.96
2019-12-21,353.87
2019-12-22,353.69
2019-12-22,353.59
2019-12-22,353.77
2019-12-23,353.45
2019-12-23,353.57
2019-12-23,353.64
2019-12-24,353.65
2019-12-24,353.58
2019-12-24,353.53
2019-12-25,353.67
2019-12-25,353.6
2019-12-25,353.74
2019-12-26,353.51
2019-12-26,353.64
2019-12-26,353.56
2019-12-27,353.84
2019-12-27,353.64
2019-12-27,353.72
2019-12-28,353.83
2019-12-28,353.9
2019-12-28,354.0
2019-12-29,353.88
2019-12-29,353.99
2019-12-29,354.06
2019-12-30,353.81
2019-12-30,353.88
2019-12-30,353.77
2019-12-31,353.83
2019-12-31,353.77
2019-12-31,353.91
2020-01-01,353.89
2020-01-01,353.69
2020-01-01,353.81
2020-01-02,353.67
2020-01-02,353.92
2020-01-02,353.75
2020-01-03,354.13
2020-01-03,353.92
2020-01-03,354.05
2020-01-04,354.1
2020-01-04,354.06
2020-01-04,354.17
2020-01-05,353.94
2020-01-05,354.07
2020-01-05,354.01
2020-01-06,353.99
2020-01-06,354.07
2020-01-06,353.93
2020-01-07,353.93
2020-01-07,353.66
2020-01-07,353.78
2020-01-08,353.51
2020-01-08,353.66
2020-01-08,353.58
2020-01-09,353.65
2020-01-09,353.47
2020-01-09,353.55
2020-01-10,353.65
2020-01-10,353.82
2020-01-10,353.86
2020-01-11,353.63
2020-01-11,353.73
2020-01-11,353.83
2020-01-12,353.6
2020-01-12,353.66
2020-01-12,353.71
2020-01-13,353.67
2020-01-13,353.65
2020-01-13,353.73
2020-01-14,353.76
2020-01-14,353.63
2020-01-14,353.67
2020-01-15,353.65
2020-01-15,353.54
2020-01-15,353.6
2020-01-16,353.62
2020-01-16,353.73
2020-01-16,353.58
2020-01-17,353.81
2020-01-17,353.84
2020-01-17,353.72
2020-01-18,353.79
2020-01-18,353.81
2020-01-18,353.87
2020-01-19,353.66
2020-01-19,353.74
2020-01-19,353.81
2020-01-20,353.65
2020-01-20,353.71
2020-01-20,353.6
2020-01-21,353.7
2020-01-21,353.76
2020-01-21,353.65
2020-01-22,353.68
2020-01-22,353.76
2020-01-22,353.73
2020-01-23,353.69
2020-01-23,353.76
2020-01-23,353.62
2020-01-24,353.52
2020-01-24,353.63
2020-01-24,353.59
2020-01-25,353.61
2020-01-25,353.57
2020-01-25,353.7
2020-01-26,353.69
2020-01-26,353.74
2020-01-26,353.64
2020-01-27,353.81
2020-01-27,353.76
2020-01-27,353.71
2020-01-28,353.58
2020-01-28,353.73
2020-01-28,353.79
2020-01-29,353.62
2020-01-29,353.54
2020-01-29,353.47
2020-01-30,353.61
2020-01-30,353.64
2020-01-30,353.71
2020-01-31,353.71
2020-01-31,353.81
2020-01-31,353.86
2020-02-01,353.85
2020-02-01,353.8
2020-02-01,353.64
2020-02-02,353.48
2020-02-02,353.64
2020-02-02,353.29
2020-02-03,353.47
2020-02-03,353.23
2020-02-03,353.29
2020-02-04,353.47
2020-02-04,353.67
2020-02-04,353.57
2020-02-05,353.66
2020-02-05,353.62
2020-02-05,353.72
2020-02-06,353.57
2020-02-06,353.64
2020-02-06,353.69
2020-02-07,353.64
2020-02-07,353.57
2020-02-07,353.6
2020-02-08,353.53
2020-02-08,353.42
2020-02-08,353.59
2020-02-09,353.42
2020-02-09,353.33
2020-02-09,353.29
2020-02-10,353.37
2020-02-10,353.46
2020-02-10,353.29
2020-02-11,353.66
2020-02-11,353.57
2020-02-11,353.45
2020-02-12,353.7
2020-02-12,353.65
2020-02-12,353.62
2020-02-13,353.68
2020-02-13,353.63
2020-02-13,353.58
2020-02-14,353.59
2020-02-14,353.62
2020-02-14,353.7
2020-02-15,353.76
2020-02-15,353.68
2020-02-15,353.71
2020-02-16,353.53
2020-02-16,353.72
2020-02-16,353.62
2020-02-17,353.4
2020-02-17,353.53
2020-02-17,353.48
2020-02-18,353.54
2020-02-18,353.48
2020-02-18,353.45
2020-02-19,353.62
2020-02-19,353.51
2020-02-19,353.55
2020-02-20,353.67
2020-02-20,353.61
2020-02-20,353.58
2020-02-21,353.62
2020-02-21,353.48
2020-02-21,353.56
2020-02-22,353.62
2020-02-22,353.49
2020-02-22,353.52
2020-02-23,353.62
2020-02-23,353.72
2020-02-23,353.77
2020-02-24,353.58
2020-02-24,353.66
2020-02-24,353.72
2020-02-25,353.68
2020-02-25,353.77
2020-02-25,353.63
2020-02-26,353.72
2020-02-26,353.66
2020-02-26,353.79
2020-02-27,353.57
2020-02-27,353.68
2020-02-27,353.62
2020-02-28,353.45
2020-02-28,353.53
2020-02-28,353.59
2020-02-29,353.32
2020-02-29,353.41
2020-02-29,353.48
2020-03-01,353.29
2020-03-01,353.36
2020-03-01,353.2
2020-03-02,353.18
2020-03-02,353.23
2020-03-02,353.13
2020-03-03,353.43
2020-03-03,353.3
2020-03-03,353.21
2020-03-04,353.51
2020-03-04,353.57
2020-03-04,353.43
2020-03-05,353.61
2020-03-05,353.56
2020-03-05,353.48
2020-03-06,353.5
2020-03-06,353.36
2020-03-06,353.42
2020-03-07,353.42
2020-03-07,353.3
2020-03-07,353.36
2020-03-08,353.48
2020-03-08,353.38
2020-03-08,353.32
2020-03-09,353.46
2020-03-09,353.4
2020-03-09,353.49
2020-03-10,353.38
2020-03-10,353.43
2020-03-10,353.47
2020-03-11,353.41
2020-03-11,353.46
2020-03-11,353.32
2020-03-12,353.12
2020-03-12,353.32
2020-03-12,353.17
2020-03-13,353.44
2020-03-13,353.18
2020-03-13,353.29
2020-03-14,353.42
2020-03-14,353.53
2020-03-14,353.49
2020-03-15,353.5
2020-03-15,353.54
2020-03-15,353.47
2020-03-16,353.3
2020-03-16,353.47
2020-03-16,353.37
2020-03-17,353.22
2020-03-17,353.34
2020-03-17,353.29
2020-03-18,353.23
2020-03-18,353.05
2020-03-18,353.11
2020-03-19,353.23
2020-03-19,353.43
2020-03-19,353.53
2020-03-20,353.53
2020-03-20,353.49
2020-03-20,353.59
2020-03-21,353.42
2020-03-21,353.51
2020-03-21,353.48
2020-03-22,353.42
2020-03-22,353.34
2020-03-22,353.49
2020-03-23,353.47
2020-03-23,353.42
2020-03-23,353.33
2020-03-24,353.47
2020-03-24,353.41
2020-03-24,353.34
2020-03-25,353.35
2020-03-25,353.18
2020-03-25,353.3
2020-03-26,353.12
2020-03-26,353.22
2020-03-26,353.19
2020-03-27,353.39
2020-03-27,353.16
2020-03-27,353.28
2020-03-28,353.35
2020-03-28,353.28
2020-03-28,353.41
2020-03-29,353.24
2020-03-29,353.35
2020-03-29,353.28
2020-03-30,353.34
2020-03-30,353.38
2020-03-30,353.46
2020-03-31,353.21
2020-03-31,353.36
2020-03-31,353.07
2020-04-01,353.07
2020-04-01,352.99
2020-04-01,353.03
2020-04-02,353.14
2020-04-02,353.1
2020-04-02,353.06
2020-04-03,353.04
2020-04-03,353.14
2020-04-03,353.1
2020-04-04,353.01
2020-04-04,353.11
2020-04-04,353.06
2020-04-05,353.02
2020-04-05,353.06
2020-04-05,353.09
2020-04-06,353.22
2020-04-06,353.04
2020-04-06,353.12
2020-04-07,353.25
2020-04-07,353.12
2020-04-07,353.21
2020-04-08,353.19
2020-04-08,353.1
2020-04-08,353.29
2020-04-09,353.31
2020-04-09,353.22
2020-04-09,353.26
2020-04-10,353.14
2020-04-10,353.22
2020-04-10,353.07
2020-04-11,353.11
2020-04-11,353.06
2020-04-11,353.16
2020-04-12,353.18
2020-04-12,353.21
2020-04-12,353.14
2020-04-13,353.26
2020-04-13,353.23
2020-04-13,353.18
2020-04-14,353.19
2020-04-14,353.23
2020-04-14,353.27
2020-04-15,353.23
2020-04-15,353.14
2020-04-15,353.04
2020-04-16,353.04
2020-04-16,352.95
2020-04-16,353.0
2020-04-17,353.06
2020-04-17,352.99
2020-04-17,352.94
2020-04-18,353.07
2020-04-18,353.03
2020-04-18,353.12
2020-04-19,353.06
2020-04-19,353.12
2020-04-19,353.0
2020-04-20,353.03
2020-04-20,353.08
2020-04-20,353.11
2020-04-21,353.05
2020-04-21,353.15
2020-04-21,353.08
2020-04-22,353.15
2020-04-22,353.07
2020-04-22,353.11
2020-04-23,352.88
2020-04-23,353.09
2020-04-23,352.98
2020-04-24,352.9
2020-04-24,352.94
2020-04-24,352.98
2020-04-25,352.93
2020-04-25,353.0
2020-04-25,352.96
2020-04-26,352.97
2020-04-26,352.9
2020-04-26,352.94
2020-04-27,352.96
2020-04-27,352.9
2020-04-27,352.93
2020-04-28,352.97
2020-04-28,352.94
2020-04-28,352.91
2020-04-29,352.89
2020-04-29,352.92
2020-04-29,352.97
2020-04-30,352.91
2020-04-30,352.85
2020-04-30,352.8
2020-05-01,352.88
2020-05-01,352.84
2020-05-01,352.8
2020-05-02,352.86
2020-05-02,352.95
2020-05-02,352.91
2020-05-03,352.92
2020-05-03,352.95
2020-05-03,352.89
2020-05-04,352.92
2020-05-04,352.85
2020-05-04,352.88
2020-05-05,352.87
2020-05-05,352.89
2020-05-05,352.83
2020-05-06,352.77
2020-05-06,352.87
2020-05-06,352.81
2020-05-07,352.71
2020-05-07,352.75
2020-05-07,352.78
2020-05-08,352.78
2020-05-08,352.73
2020-05-08,352.76
2020-05-09,352.74
2020-05-09,352.81
2020-05-09,352.77
2020-05-10,352.78
2020-05-10,352.83
2020-05-10,352.74
2020-05-11,352.79
2020-05-11,352.76
2020-05-11,352.83
2020-05-12,352.75
2020-05-12,352.78
2020-05-12,352.81
2020-05-13,352.79
2020-05-13,352.76
2020-05-13,352.73
2020-05-14,352.76
2020-05-14,352.79
2020-05-14,352.72
2020-05-15,352.7
2020-05-15,352.73
2020-05-15,352.63
2020-05-16,352.63
2020-05-16,352.67
2020-05-16,352.59
2020-05-17,352.69
2020-05-17,352.61
2020-05-17,352.66
2020-05-18,352.71
2020-05-18,352.73
2020-05-18,352.67
2020-05-19,352.72
2020-05-19,352.79
2020-05-19,352.67
2020-05-20,352.8
2020-05-20,352.69
2020-05-20,352.76
2020-05-21,352.72
2020-05-21,352.65
2020-05-21,352.59
2020-05-22,352.59
2020-05-22,352.62
2020-05-22,352.54
2020-05-23,352.64
2020-05-23,352.56
2020-05-23,352.59
2020-05-24,352.57
2020-05-24,352.66
2020-05-24,352.62
2020-05-25,352.63
2020-05-25,352.61
2020-05-25,352.57
2020-05-26,352.64
2020-05-26,352.61
2020-05-26,352.57
2020-05-27,352.62
2020-05-27,352.57
2020-05-27,352.65
2020-05-28,352.62
2020-05-28,352.59
2020-05-28,352.64
2020-05-29,352.65
2020-05-29,352.56
2020-05-29,352.61
2020-05-30,352.58
2020-05-30,352.53
2020-05-30,352.63
2020-05-31,352.48
2020-05-31,352.56
2020-05-31,352.53
2020-06-01,352.49
2020-06-01,352.52
2020-06-01,352.57
2020-06-02,352.49
2020-06-02,352.62
2020-06-02,352.57
2020-06-03,352.5
2020-06-03,352.58
2020-06-03,352.43
2020-06-04,352.45
2020-06-04,352.4
2020-06-04,352.34
2020-06-05,352.37
2020-06-05,352.33
2020-06-05,352.42
2020-06-06,352.5
2020-06-06,352.45
2020-06-06,352.38
2020-06-07,352.49
2020-06-07,352.41
2020-06-07,352.44
2020-06-08,352.61
2020-06-08,352.54
2020-06-08,352.42
2020-06-09,352.6
2020-06-09,352.64
2020-06-09,352.52
2020-06-10,352.56
2020-06-10,352.44
2020-06-10,352.52
2020-06-11,352.5
2020-06-11,352.52
2020-06-11,352.47
2020-06-12,352.51
2020-06-12,352.48
2020-06-12,352.4
2020-06-13,352.35
2020-06-13,352.4
2020-06-13,352.27
2020-06-14,352.29
2020-06-14,352.32
2020-06-14,352.26
2020-06-15,352.32
2020-06-15,352.35
2020-06-15,352.28
2020-06-16,352.3
2020-06-16,352.25
2020-06-16,352.34
2020-06-17,352.33
2020-06-17,352.27
2020-06-17,352.3
2020-06-18,352.32
2020-06-18,352.29
2020-06-18,352.24
2020-06-19,352.32
2020-06-19,352.25
2020-06-19,352.27
2020-06-20,352.28
2020-06-20,352.37
2020-06-20,352.32
2020-06-21,352.31
2020-06-21,352.23
2020-06-21,352.28
2020-06-22,352.27
2020-06-22,352.32
2020-06-22,352.24
2020-06-23,352.27
2020-06-23,352.23
2020-06-23,352.18
2020-06-24,352.14
2020-06-24,352.08
2020-06-24,352.18
2020-06-25,352.17
2020-06-25,352.08
2020-06-25,352.13
2020-06-26,352.18
2020-06-26,352.15
2020-06-26,352.21
2020-06-27,352.13
2020-06-27,352.17
2020-06-27,352.2
2020-06-28,352.01
2020-06-28,352.14
2020-06-28,352.1
2020-06-29,352.07
2020-06-29,352.1
2020-06-29,352.18
2020-06-30,352.16
2020-06-30,352.2
2020-06-30,352.1
2020-07-01,352.09
2020-07-01,352.12
2020-07-01,352.15
2020-07-02,352.12
2020-07-02,352.2
2020-07-02,352.16
2020-07-03,352.26
2020-07-03,352.18
2020-07-03,352.21
2020-07-04,352.14
2020-07-04,352.19
2020-07-04,352.24
2020-07-05,352.04
2020-07-05,352.16
2020-07-05,352.12
2020-07-06,352.03
2020-07-06,352.08
2020-07-06,351.99
2020-07-07,352.01
2020-07-07,351.97
2020-07-07,352.05
2020-07-08,351.95
2020-07-08,352.02
2020-07-08,351.99
2020-07-09,352.0
2020-07-09,351.97
2020-07-09,352.06
2020-07-10,352.12
2020-07-10,352.05
2020-07-10,352.08
2020-07-11,352.03
2020-07-11,352.09
2020-07-11,352.14
2020-07-12,351.97
2020-07-12,351.9
2020-07-12,352.07
2020-07-13,351.94
2020-07-13,351.91
2020-07-13,351.97
2020-07-14,351.91
2020-07-14,351.98
2020-07-14,351.95
2020-07-15,351.91
2020-07-15,351.87
2020-07-15,351.95
2020-07-16,351.87
2020-07-16,351.84
2020-07-16,351.91
2020-07-17,351.89
2020-07-17,351.97
2020-07-17,351.93
2020-07-18,351.92
2020-07-18,351.88
2020-07-18,351.98
2020-07-19,351.85
2020-07-19,351.93
2020-07-19,351.88
2020-07-20,351.76
2020-07-20,351.89
2020-07-20,351.84
2020-07-21,351.69
2020-07-21,351.79
2020-07-21,351.75
2020-07-22,351.72
2020-07-22,351.7
2020-07-22,351.76
2020-07-23,351.7
2020-07-23,351.79
2020-07-23,351.74
2020-07-24,351.72
2020-07-24,351.76
2020-07-24,351.79
2020-07-25,351.8
2020-07-25,351.77
2020-07-25,351.73
2020-07-26,351.77
2020-07-26,351.8
2020-07-26,351.73
2020-07-27,351.69
2020-07-27,351.73
2020-07-27,351.77
2020-07-28,351.73
2020-07-28,351.65
2020-07-28,351.69
2020-07-29,351.71
2020-07-29,351.74
2020-07-29,351.67
2020-07-30,351.7
2020-07-30,351.78
2020-07-30,351.73
2020-07-31,351.71
2020-07-31,351.75
2020-07-31,351.67
2020-08-01,351.7
2020-08-01,351.72
2020-08-01,351.66
2020-08-02,351.67
2020-08-02,351.7
2020-08-02,351.74
2020-08-03,351.7
2020-08-03,351.66
2020-08-03,351.62
2020-08-04,351.62
2020-08-04,351.6
2020-08-04,351.67
2020-08-05,351.61
2020-08-05,351.57
2020-08-05,351.53
2020-08-06,351.57
2020-08-06,351.53
2020-08-06,351.48
2020-08-07,351.55
2020-08-07,351.51
2020-08-07,351.6
2020-08-08,351.59
2020-08-08,351.54
2020-08-08,351.63
2020-08-09,351.59
2020-08-09,351.51
2020-08-09,351.56
2020-08-10,351.55
2020-08-10,351.51
2020-08-10,351.47
2020-08-11,351.48
2020-08-11,351.43
2020-08-11,351.51
2020-08-12,351.5
2020-08-12,351.43
2020-08-12,351.46
2020-08-13,351.43
2020-08-13,351.47
2020-08-13,351.5
2020-08-14,351.41
2020-08-14,351.51
2020-08-14,351.44
2020-08-15,351.36
2020-08-15,351.41
2020-08-15,351.44
2020-08-16,351.43
2020-08-16,351.48
2020-08-16,351.38
2020-08-17,351.48
2020-08-17,351.39
2020-08-17,351.45
2020-08-18,351.43
2020-08-18,351.35
2020-08-18,351.47
2020-08-19,351.26
2020-08-19,351.34
2020-08-19,351.39
2020-08-20,351.17
2020-08-20,351.3
2020-08-20,351.25
2020-08-21,351.27
2020-08-21,351.31
2020-08-21,351.21
2020-08-22,351.32
2020-08-22,351.28
2020-08-22,351.37
2020-08-23,351.36
2020-08-23,351.33
2020-08-23,351.26
2020-08-24,351.23
2020-08-24,351.32
2020-08-24,351.28
2020-08-25,351.19
2020-08-25,351.28
2020-08-25,351.25
2020-08-26,351.11
2020-08-26,351.22
2020-08-26,351.17
2020-08-27,351.15
2020-08-27,351.18
2020-08-27,351.12
2020-08-28,351.2
2020-08-28,351.25
2020-08-28,351.17
2020-08-29,351.22
2020-08-29,351.28
2020-08-29,351.24
2020-08-30,351.21
2020-08-30,351.14
2020-08-30,351.25
2020-08-31,351.14
2020-08-31,351.19
2020-08-31,351.22
2020-09-01,351.27
2020-09-01,351.22
2020-09-01,351.32
2020-09-02,351.25
2020-09-02,351.3
2020-09-02,351.34
2020-09-03,351.23
2020-09-03,351.28
2020-09-03,351.16
2020-09-04,351.23
2020-09-04,351.2
2020-09-04,351.14
2020-09-05,351.15
2020-09-05,351.27
2020-09-05,351.21
2020-09-06,351.17
2020-09-06,351.1
2020-09-06,351.23
2020-09-07,351.1
2020-09-07,351.0
2020-09-07,350.89
2020-09-08,350.87
2020-09-08,350.83
2020-09-08,350.94
2020-09-09,351.12
2020-09-09,350.94
2020-09-09,351.02
2020-09-10,351.23
2020-09-10,351.12
2020-09-10,351.19
2020-09-11,351.15
2020-09-11,351.09
2020-09-11,351.21
2020-09-12,351.0
2020-09-12,351.05
2020-09-12,351.1
2020-09-13,350.98
2020-09-13,351.03
2020-09-13,351.07
2020-09-14,351.13
2020-09-14,351.04
2020-09-14,351.08
2020-09-15,351.17
2020-09-15,351.12
2020-09-15,351.07
2020-09-16,351.06
2020-09-16,350.99
2020-09-16,351.1
2020-09-17,350.92
2020-09-17,350.97
2020-09-17,351.03
2020-09-18,350.86
2020-09-18,350.91
2020-09-18,350.96
2020-09-19,350.78
2020-09-19,350.9
2020-09-19,350.86
2020-09-20,350.81
2020-09-20,350.84
2020-09-20,350.88
2020-09-21,350.85
2020-09-21,350.93
2020-09-21,350.88
2020-09-22,350.98
2020-09-22,350.96
2020-09-22,350.91
2020-09-23,350.89
2020-09-23,350.95
2020-09-23,350.99
2020-09-24,350.89
2020-09-24,350.84
2020-09-24,350.77
2020-09-25,350.85
2020-09-25,350.79
2020-09-25,350.81
2020-09-26,350.78
2020-09-26,350.82
2020-09-26,350.72
2020-09-27,350.73
2020-09-27,350.69
2020-09-27,350.76
2020-09-28,350.79
2020-09-28,350.86
2020-09-28,350.73
2020-09-29,350.8
2020-09-29,350.9
2020-09-29,350.86
2020-09-30,350.88
2020-09-30,350.76
2020-09-30,350.83
2020-10-01,350.78
2020-10-01,350.72
2020-10-01,350.83
2020-10-02,350.71
2020-10-02,350.63
2020-10-02,350.76
2020-10-03,350.72
2020-10-03,350.67
2020-10-03,350.61
2020-10-04,350.73
2020-10-04,350.71
2020-10-04,350.78
2020-10-05,350.73
2020-10-05,350.82
2020-10-05,350.77
2020-10-06,350.77
2020-10-06,350.73
2020-10-06,350.66
2020-10-07,350.55
2020-10-07,350.61
2020-10-07,350.66
2020-10-08,350.59
2020-10-08,350.65
2020-10-08,350.56
2020-10-09,350.62
2020-10-09,350.55
2020-10-09,350.58
2020-10-10,350.65
2020-10-10,350.57
2020-10-10,350.6
2020-10-11,350.6
2020-10-11,350.66
2020-10-11,350.57
2020-10-12,350.58
2020-10-12,350.7
2020-10-12,350.65
2020-10-13,350.65
2020-10-13,350.6
2020-10-13,350.7
2020-10-14,350.56
2020-10-15,350.51
2020-10-16,350.45
2020-10-17,350.45
2020-10-18,350.47
2020-10-19,350.4
2020-10-20,350.28
2020-10-21,350.25
2020-10-22,350.29
2020-10-23,350.36
2020-10-24,350.35
2020-10-25,350.25
2020-10-26,350.32
2020-10-27,350.41
2020-10-28,350.38
2020-10-29,350.35
2020-10-30,350.29
2020-10-31,350.34
2020-11-01,350.4
2020-11-02,350.31
2020-11-03,350.24
2020-11-04,350.3
2020-11-05,350.04
2020-11-06,349.81
2020-11-07,349.84
2020-11-08,349.9
2020-11-09,350.04
2020-11-10,350.23
2020-11-11,350.15
2020-11-12,350.15
2020-11-13,350.19
2020-11-14,350.19
2020-11-15,350.18
2020-11-16,350.07
2020-11-17,350.05
2020-11-18,350.04
2020-11-19,350.04
2020-11-20,350.03
2020-11-21,349.97
2020-11-22,349.79
2020-11-23,349.73
2020-11-24,349.84
2020-11-25,349.92
2020-11-26,349.88
2020-11-27,349.97
2020-11-28,349.96
2020-11-29,349.91
2020-11-30,349.89
2020-12-01,349.81
2020-12-02,349.8
2020-12-03,349.9
2020-12-04,349.85
2020-12-05,349.88
2020-12-06,349.71
2020-12-07,349.61
2020-12-08,349.65
2020-12-09,349.53
2020-12-10,349.52
2020-12-11,349.62
2020-12-12,349.54
2020-12-13,349.68
2020-12-14,349.52
2020-12-15,349.65
2020-12-16,349.58
2020-12-17,349.41
2020-12-18,349.47
2020-12-19,349.71
2020-12-20,349.55
2020-12-21,349.39
2020-12-22,349.42
2020-12-23,349.47
2020-12-24,349.53
2020-12-25,349.45
2020-12-26,349.35
2020-12-27,349.15
2020-12-28,349.1
2020-12-29,349.22
2020-12-30,349.44
2020-12-31,349.13
2021-01-01,349.28
2021-01-02,349.48
2021-01-03,349.41
2021-01-04,349.34
2021-01-05,349.29
2021-01-06,349.28
2021-01-07,349.24
2021-01-08,349.21
2021-01-09,349.16
2021-01-10,349.27
2021-01-11,349.27
2021-01-12,349.32
2021-01-13,349.25
2021-01-14,349.21
2021-01-15,349.08
2021-01-16,348.98
2021-01-17,348.92
2021-01-18,348.69
2021-01-19,348.64
2021-01-20,348.89
2021-01-21,348.99
2021-01-22,348.89
2021-01-23,348.8
2021-01-24,348.79
2021-01-25,348.58
2021-01-26,348.7
2021-01-27,349.05
2021-01-28,348.88
2021-01-29,348.84
2021-01-30,349.03
2021-01-31,349.03
2021-02-01,348.94
2021-02-02,348.9
2021-02-03,348.83
2021-02-04,348.84
2021-02-05,348.79
2021-02-06,348.74
2021-02-07,348.63
2021-02-08,348.65
2021-02-09,348.64
2021-02-10,348.66
2021-02-11,348.63
2021-02-12,348.51
2021-02-13,348.44
2021-02-14,348.47
2021-02-15,348.6
2021-02-16,348.54
2021-02-17,348.55
2021-02-18,348.75
2021-02-19,348.7
2021-02-20,348.58
2021-02-21,348.72
2021-02-22,348.54
2021-02-23,348.37
2021-02-24,348.35
2021-02-25,348.39
2021-02-26,348.23
2021-02-27,348.18
2021-02-28,348.34
2021-03-01,348.36
2021-03-02,348.1
2021-03-03,348.02
2021-03-04,348.31
2021-03-05,348.27
2021-03-06,348.18
2021-03-07,348.19
2021-03-08,348.26
2021-03-09,348.23
2021-03-10,348.1
2021-03-11,348.08
2021-03-12,348.14
2021-03-13,348.23
2021-03-14,348.14
2021-03-15,347.85
2021-03-16,347.88
2021-03-17,348.05
2021-03-18,348.06
2021-03-19,348.06
2021-03-20,348.0
2021-03-21,347.9
2021-03-22,347.84
2021-03-23,347.63
2021-03-24,347.75
2021-03-25,347.65
2021-03-26,347.71
2021-03-27,348.03
2021-03-28,347.96
2021-03-29,347.66
2021-03-30,347.68
2021-03-31,347.87
2021-04-01,347.67
2021-04-02,347.72
2021-04-03,347.83
2021-04-04,347.73
2021-04-05,347.57
2021-04-06,347.58
2021-04-07,347.71
2021-04-08,347.61
2021-04-09,347.57
2021-04-10,347.45
2021-04-11,347.35
2021-04-12,347.39
2021-04-13,347.46
2021-04-14,347.53
2021-04-15,347.57
2021-04-16,347.5
2021-04-17,347.5
2021-04-18,347.57
2021-04-19,347.53
2021-04-20,347.37
2021-04-21,347.34
2021-04-22,347.37
2021-04-23,347.43
2021-04-24,347.39
2021-04-25,347.25
2021-04-26,347.22
2021-04-27,347.29
2021-04-28,347.43
2021-04-29,347.51
2021-04-30,347.4
2021-05-01,347.19
2021-05-02,347.07
2021-05-03,347.08
2021-05-04,347.19
2021-05-05,347.22
2021-05-06,347.25
2021-05-07,347.15
2021-05-08,347.13
2021-05-09,347.04
2021-05-10,347.04
2021-05-11,347.06
2021-05-12,347.14
2021-05-13,347.14
2021-05-14,347.04
2021-05-15,346.97
2021-05-16,347.02
2021-05-17,347.06
2021-05-18,346.94
2021-05-19,346.87
2021-05-20,346.83
2021-05-21,346.86
2021-05-22,347.01
2021-05-23,347.02
2021-05-24,346.93
2021-05-25,346.9
2021-05-26,346.9
2021-05-27,346.89
2021-05-28,346.8
2021-05-29,346.72
2021-05-30,346.69
2021-05-31,346.75
2021-06-01,346.78
2021-06-02,346.69
2021-06-03,346.66
2021-06-04,346.73
2021-06-05,346.68
2021-06-06,346.65
2021-06-07,346.64
2021-06-08,346.69
2021-06-09,346.8
2021-06-10,346.71
2021-06-11,346.6
2021-06-12,346.53
2021-06-13,346.52
2021-06-14,346.55
2021-06-15,346.49
2021-06-16,346.46
2021-06-17,346.41
2021-06-18,346.37
2021-06-19,346.38
2021-06-20,346.41
2021-06-21,346.5
2021-06-22,346.45
2021-06-23,346.46
2021-06-25,346.39
2021-06-26,346.27
2021-06-27,346.17
2021-06-28,346.17
2021-06-29,346.24
2021-06-30,346.35
2021-07-01,346.33
2021-07-08,346.15
2021-07-09,346.2
2021-07-10,346.21
2021-07-11,346.14
2021-07-12,346.1
2021-07-13,346.15
2021-07-14,346.18
2021-07-15,346.14
2021-07-16,346.07
2021-07-17,346.08
2021-07-18,346.11
2021-07-19,346.14
2021-07-20,346.02
2021-07-21,345.93
2021-07-22,345.99
2021-07-23,346.07
2021-07-24,345.99
2021-07-25,345.93
2021-07-26,345.91
2021-07-27,345.96
2021-07-28,345.96
2021-07-29,345.85
2021-07-30,345.88
2021-07-31,345.95
2021-08-01,345.96
2021-08-02,345.9
2021-08-03,345.79
2021-08-04,345.75
2021-08-05,345.77
2021-08-06,345.75
2021-08-07,345.73
2021-08-08,345.7
2021-08-09,345.71
2021-08-10,345.73
2021-08-11,345.76
2021-08-12,345.77
2021-08-13,345.84
2021-08-14,345.78
2021-08-15,345.62
2021-08-16,345.53
2021-08-17,345.54
2021-08-18,345.59
2021-08-19,345.58
2021-08-20,345.5
2021-08-21,345.49
2021-08-22,345.5
2021-08-23,345.54
2021-08-24,345.63
2021-08-25,345.63
2021-08-26,345.52
2021-08-27,345.4
2021-08-28,345.43
2021-08-29,345.45
2021-08-30,345.4
2021-08-31,345.39
2021-09-01,345.45
2021-09-02,345.53
2021-09-03,345.53
2021-09-04,345.51
2021-09-05,345.47
2021-09-06,345.48
2021-09-07,345.46
2021-09-08,345.38
2021-09-09,345.38
2021-09-10,345.43
2021-09-11,345.42
2021-09-12,345.38
2021-09-13,345.3
2021-09-14,345.33
2021-09-15,345.28
2021-09-16,345.23
2021-09-17,345.29
2021-09-18,345.36
2021-09-19,345.26
2021-09-20,345.25
2021-09-21,345.39
2021-09-22,345.32
2021-09-23,345.17
2021-09-24,345.21
2021-09-25,345.2
2021-09-26,345.22
2021-09-27,345.18
2021-09-28,345.06
2021-09-29,345.06
2021-09-30,345.12
2021-10-01,345.16
2021-10-02,345.15
2021-10-03,345.1
2021-10-04,345.07
2021-10-05,345.05
2021-10-06,345.07
2021-10-07,345.1
2021-10-08,345.11
2021-10-09,345.09
2021-10-10,344.97
2021-10-11,344.62
2021-10-12,344.77
2021-10-13,344.95
2021-10-14,345.02
2021-10-15,345.13
2021-10-16,345.02
2021-10-17,344.96
2021-10-18,344.91
2021-10-19,344.96
2021-10-20,345.03
2021-10-21,345.03
2021-10-22,344.87
2021-10-23,344.77
2021-10-24,344.8
2021-10-25,344.76
2021-10-26,344.9
2021-10-27,345.05
2021-10-28,344.93
2021-10-29,344.8
2021-10-30,344.79
2021-10-31,344.81
2021-11-01,344.89
2021-11-02,344.96
2021-11-03,344.86
2021-11-04,344.78
2021-11-05,344.76
2021-11-06,344.79
2021-11-07,344.76
2021-11-08,344.78
2021-11-09,344.91
2021-11-10,344.84
2021-11-11,344.82
2021-11-12,344.81
2021-11-13,344.77
2021-11-14,344.77
2021-11-15,344.75
2021-11-16,344.59
2021-11-17,344.61
2021-11-18,344.69
2021-11-19,344.66
2021-11-20,344.65
2021-11-21,344.73
2021-11-22,344.62
2021-11-23,344.51
2021-11-24,344.56
2021-11-25,344.81
2021-11-26,344.64
2021-11-27,344.63
2021-11-28,344.7
2021-11-29,344.58
2021-11-30,344.53
2021-12-01,344.57
2021-12-02,344.55
2021-12-03,344.52
2021-12-04,344.57
2021-12-05,344.51
2021-12-06,344.43
2021-12-07,344.4
2021-12-08,344.43
2021-12-09,344.34
2021-12-10,344.41
2021-12-11,344.56
2021-12-12,344.44
2021-12-13,344.49
2021-12-14,344.21
2021-12-15,344.53
2021-12-16,344.47
2021-12-17,344.48
2021-12-18,344.52
2021-12-19,344.48
2021-12-20,344.48
2021-12-21,344.45
2021-12-22,344.36
2021-12-23,344.17
2021-12-24,344.1
2021-12-25,344.28
2021-12-26,344.29
2021-12-27,344.21
2021-12-28,344.14
2021-12-29,344.2
2021-12-30,344.17
2021-12-31,344.07
2022-01-01,344.25
2022-01-02,344.6
2022-01-03,344.56
2022-01-04,344.52
2022-01-05,344.36
2022-01-06,344.23
2022-01-07,344.16
2022-01-08,344.21
2022-01-09,344.46
2022-01-10,344.56
2022-01-11,344.46
2022-01-12,344.43
2022-01-13,344.31
2022-01-14,344.24
2022-01-15,344.26
2022-01-16,344.14
2022-01-17,344.13
2022-01-18,344.12
2022-01-19,344.2
2022-01-20,344.28
2022-01-21,344.03
2022-01-22,344.03
2022-01-23,344.21
2022-01-24,344.09
2022-01-25,344.02
2022-01-26,344.16
2022-01-27,344.23
2022-01-28,344.27
2022-01-29,344.14
2022-01-30,344.11
2022-01-31,343.96
2022-02-01,343.79
2022-02-02,343.85
2022-02-03,344.12
2022-02-04,344.33
2022-02-05,344.14
2022-02-06,344.15
2022-02-07,344.2
2022-02-08,344.09
2022-02-09,343.99
2022-02-10,343.99
2022-02-11,343.92
2022-02-12,343.99
2022-02-13,344.09
2022-02-14,343.83
2022-02-15,343.61
2022-02-16,343.67
2022-02-17,344.03
2022-02-18,344.07
2022-02-19,343.91
2022-02-20,343.79
2022-02-21,343.77
2022-02-22,343.75
2022-02-23,343.73
2022-02-24,344.02
2022-02-25,344.04
2022-02-26,344.11
2022-02-27,344.08
2022-02-28,343.93
2022-03-01,343.87
2022-03-02,343.8
2022-03-03,343.66
2022-03-04,343.64
2022-03-05,343.78
2022-03-06,343.88
2022-03-07,343.95
2022-03-08,343.81
2022-03-09,343.68
2022-03-10,343.66
2022-03-11,343.92
2022-03-12,343.89
2022-03-13,343.83
2022-03-14,343.89
2022-03-15,343.82
2022-03-16,343.68
2022-03-17,343.76
2022-03-18,343.75
2022-03-19,343.62
2022-03-20,343.58
2022-03-21,343.73
2022-03-22,343.81
2022-03-23,343.85
2022-03-24,343.76
2022-03-25,343.7
2022-03-26,343.58
2022-03-27,343.56
2022-03-28,343.46
2022-03-29,343.5
2022-03-30,343.69
2022-03-31,343.56
2022-04-01,343.58
2022-04-02,343.71
2022-04-03,343.64
2022-04-04,343.63
2022-04-05,343.64
2022-04-06,343.7
2022-04-07,343.82
2022-04-08,343.64
2022-04-09,343.48
2022-04-10,343.5
2022-04-11,343.5
2022-04-12,343.53
2022-04-13,343.73
2022-04-14,343.61
2022-04-15,343.61
2022-04-16,343.68
2022-04-17,343.7
2022-04-18,343.63
2022-04-19,343.52
2022-04-20,343.58
2022-04-21,343.56
2022-04-22,343.54
2022-04-23,343.56
2022-04-24,343.6
2022-04-25,343.54
2022-04-26,343.47
2022-04-27,343.48
2022-04-28,343.5
2022-04-29,343.51
2022-04-30,343.43
2022-05-01,343.38
2022-05-02,343.46
2022-05-03,343.46
2022-05-04,343.52
2022-05-05,343.59
2022-05-06,343.54
2022-05-07,343.43
2022-05-08,343.39
2022-05-09,343.42
2022-05-10,343.54
2022-05-11,343.57
2022-05-12,343.62
2022-05-13,343.51
2022-05-14,343.46
2022-05-15,343.43
2022-05-16,343.38
2022-05-17,343.42
2022-05-18,343.45
2022-05-19,343.29
2022-05-20,343.24
2022-05-21,343.34
2022-05-22,343.47
2022-05-23,343.36
2022-05-24,343.33
2022-05-25,343.38
2022-05-26,343.42
2022-05-27,343.46
2022-05-28,343.34
2022-05-29,343.26
2022-05-30,343.26
2022-05-31,343.28
2022-06-01,343.35
2022-06-02,343.32
2022-06-03,343.33
2022-06-04,343.39
2022-06-05,343.38
2022-06-06,343.34
2022-06-07,343.34
2022-06-08,343.29
2022-06-09,343.33
2022-06-10,343.4
2022-06-11,343.4
2022-06-12,343.31
2022-06-13,343.29
2022-06-14,343.3
2022-06-15,343.28
2022-06-16,343.24
2022-06-17,343.28
2022-06-18,343.31
2022-06-19,343.38
2022-06-20,343.31
2022-06-21,343.35
2022-06-22,343.35
2022-06-23,343.29
2022-06-24,343.29
2022-06-25,343.31
2022-06-26,343.36
2022-06-27,343.39
2022-06-28,343.37
2022-06-29,343.35
2022-06-30,343.31
2022-07-01,343.26
2022-07-02,343.2
2022-07-03,343.19
2022-07-04,343.21
2022-07-05,343.22
2022-07-06,343.23
2022-07-07,343.27
2022-07-08,343.32
2022-07-09,343.37
2022-07-10,343.27
2022-07-11,343.17
2022-07-12,343.14
2022-07-13,343.16
2022-07-14,343.18
2022-07-15,343.2
2022-07-16,343.16
2022-07-17,343.15
2022-07-18,343.22
2022-07-19,343.27
2022-07-20,343.29
2022-07-21,343.19
2022-07-22,343.09
2022-07-23,343.09
2022-07-24,343.13
2022-07-25,343.14
2022-07-26,343.19
2022-07-27,343.2
2022-07-28,343.14
2022-07-29,343.13
2022-07-30,343.18
2022-07-31,343.25
2022-08-01,343.24
2022-08-02,343.23
2022-08-03,343.13
2022-08-04,343.15
2022-08-05,343.16
2022-08-06,343.14
2022-08-07,343.16
2022-08-08,343.15
2022-08-09,343.16
2022-08-10,343.23
2022-08-11,343.19
2022-08-12,343.13
2022-08-13,343.14
2022-08-14,343.1
2022-08-15,343.03
2022-08-16,343.0
2022-08-17,343.11
2022-08-18,343.11
2022-08-19,343.0
2022-08-20,343.05
2022-08-21,343.2
2022-08-22,343.15
2022-08-23,343.01
2022-08-24,343.08
2022-08-25,343.19
2022-08-26,343.14
2022-08-27,343.05
2022-08-28,343.02
2022-08-29,343.09
2022-08-30,343.17
2022-08-31,343.08
2022-09-01,343.02
2022-09-02,343.05
2022-09-03,343.12
2022-09-04,343.07
2022-09-05,343.01
2022-09-06,343.09
2022-09-07,343.17
2022-09-08,342.89
2022-09-09,342.84
2022-09-10,343.0
2022-09-11,343.23
2022-09-12,343.17
2022-09-13,343.08
2022-09-14,343.1
2022-09-15,343.13
2022-09-16,343.08
2022-09-17,342.96
2022-09-18,343.0
2022-09-19,343.06
2022-09-20,343.12
2022-09-21,343.14
2022-09-22,343.15
2022-09-23,343.16
2022-09-24,343.24
2022-09-25,343.19
2022-09-26,343.11
2022-09-27,343.07
2022-09-28,343.15
2022-09-29,343.12
2022-09-30,343.0
2022-10-01,343.01
2022-10-02,343.07
2022-10-03,343.13
2022-10-04,343.11
2022-10-05,343.15
2022-10-06,343.18
2022-10-07,343.18
2022-10-08,343.18
2022-10-09,343.14
2022-10-10,343.05
2022-10-11,343.1
2022-10-12,343.18
2022-10-13,343.05
2022-10-14,342.93
2022-10-15,342.97
2022-10-16,343.08
2022-10-17,343.14
2022-10-18,343.15
2022-10-19,343.17
2022-10-20,343.07
2022-10-21,343.01
2022-10-22,342.88
2022-10-23,342.92
2022-10-24,343.18
2022-10-25,343.18
2022-10-26,343.07
2022-10-27,343.12
2022-10-28,343.27
2022-10-29,343.21
2022-10-30,343.1
2022-10-31,343.01
2022-11-01,343.02
2022-11-02,343.09
2022-11-03,343.08
2022-11-04,343.33
2022-11-05,343.08
2022-11-06,343.01
2022-11-07,343.07
2022-11-08,342.95
2022-11-09,343.04
2022-11-10,343.23
2022-11-11,343.19
2022-11-12,343.16
2022-11-13,343.09
2022-11-14,343.24
2022-11-15,343.24
2022-11-16,343.37
2022-11-17,343.21
2022-11-18,343.03
2022-11-19,343.12
2022-11-20,343.25
2022-11-21,343.22
2022-11-22,343.16
2022-11-23,343.16
2022-11-24,343.24
2022-11-25,343.31
2022-11-26,343.14
2022-11-27,343.08
2022-11-28,342.94
2022-11-29,342.96
2022-11-30,343.07
2022-12-01,343.09
2022-12-02,343.21
2022-12-03,343.23
2022-12-04,343.23
2022-12-05,343.11
2022-12-06,343.15
2022-12-07,343.23
2022-12-08,343.34
2022-12-09,343.23
2022-12-10,343.18
2022-12-11,342.99
2022-12-12,342.96
2022-12-13,343.06
2022-12-14,343.27
2022-12-15,343.27
2022-12-16,343.27
2022-12-17,343.14
2022-12-18,343.11
2022-12-19,343.28
2022-12-20,343.37
2022-12-21,343.27
2022-12-22,343.23
2022-12-23,343.27
2022-12-24,343.38
2022-12-25,343.35
2022-12-26,343.25
2022-12-27,343.03
2022-12-28,342.97
2022-12-29,343.06
2022-12-30,343.21
2022-12-31,342.95
2023-01-01,342.88
2023-01-02,343.03
2023-01-03,343.25
2023-01-04,343.33
2023-01-05,343.27
2023-01-06,343.41
2023-01-07,343.38
2023-01-08,343.36
2023-01-09,343.29
2023-01-10,343.21
2023-01-11,343.34
2023-01-12,343.38
2023-01-13,343.28
2023-01-14,342.97
2023-01-15,342.96
2023-01-16,342.87
2023-01-17,342.99
2023-01-18,343.27
2023-01-19,343.32
2023-01-20,343.33
2023-01-21,343.47
2023-01-22,343.09
2023-01-23,343.13
2023-01-24,343.42
2023-01-25,343.49
2023-01-26,343.53
2023-01-27,343.18
2023-01-28,343.11
2023-01-29,343.04
2023-01-30,343.08
2023-01-31,343.1
2023-02-01,343.34
2023-02-02,343.5
2023-02-03,343.42
2023-02-04,343.37
2023-02-05,343.34
2023-02-06,343.31
2023-02-07,343.43
2023-02-08,343.42
2023-02-09,343.42
2023-02-10,343.19
2023-02-11,343.04
2023-02-12,342.98
2023-02-13,343.03
2023-02-14,342.99
2023-02-15,343.11
2023-02-16,343.45
2023-02-17,343.26
2023-02-18,343.27
2023-02-19,343.27
2023-02-20,343.29
2023-02-21,342.86
2023-02-22,342.85
2023-02-23,343.2
2023-02-24,343.27
2023-02-25,343.17
2023-02-26,343.3
2023-08-18,342.87
2023-08-19,342.88
2023-08-20,342.54
2023-08-21,343.0
2023-08-22,343.0
2023-08-23,342.94
2023-08-24,343.0
2023-08-25,342.97
2023-08-26,342.99
2023-08-27,342.96
2023-08-28,342.93
2023-08-29,342.88
2023-08-30,342.87
2023-08-31,342.84
2023-09-01,342.86
2023-09-02,343.0
2023-09-03,342.95
2023-09-04,342.83
2023-09-05,342.84
2023-09-06,342.9
2023-09-07,342.92
2023-09-08,342.99
2023-09-09,342.93
2023-09-10,342.88
2023-09-11,342.85
2023-09-12,342.79
2023-09-13,342.78
2023-09-14,342.79
2023-09-15,342.81
2023-09-16,342.82
2023-09-17,342.82
2023-09-18,342.81
2023-09-19,342.74
2023-09-20,342.69
2023-09-21,342.72
2023-09-22,342.78
2023-09-23,342.82
2023-09-24,342.82
2023-09-25,342.85
2023-09-26,342.77
2023-09-27,342.66
2023-09-28,342.61
2023-09-29,342.59
2023-09-30,342.58
2023-10-01,342.61
2023-10-02,342.72
2023-10-03,342.68
2023-10-04,342.7
2023-10-05,342.73
2023-10-06,342.65
2023-10-07,342.62
2023-10-08,342.6
2023-10-09,342.51
2023-10-10,342.42
2023-10-11,342.34
2023-10-12,342.4
2023-10-13,342.58
2023-10-14,342.73
2023-10-15,342.76
2023-10-16,342.66
2023-10-17,342.56
2023-10-18,342.57
2023-10-19,342.6
2023-10-20,342.51
2023-10-21,342.44
2023-10-22,342.34
2023-10-23,342.31
2023-10-24,342.37
2023-10-25,342.52
2023-10-26,342.56
2023-10-27,342.54
2023-10-28,342.47
2023-10-29,342.53
2023-10-30,342.57
2023-10-31,342.55
2023-11-01,342.5
2023-11-02,342.52
2023-11-03,342.46
2023-11-04,342.43
2023-11-05,342.32
2023-11-06,342.3
2023-11-07,342.31
2023-11-09,342.4
2023-11-10,342.37
2023-11-11,342.41
2023-11-12,342.36
2023-11-13,342.36
2023-11-14,342.32
2023-11-15,342.24
2023-11-16,342.32
2023-11-17,342.3
2023-11-18,342.33
2023-11-19,342.33
2023-11-20,342.39
2023-11-21,342.56
2023-11-22,342.22
2023-11-23,342.01
2023-11-24,342.06
2023-11-25,342.21
2023-11-26,342.28
2023-11-27,342.29
2023-11-28,342.3
2023-11-29,342.13
2023-11-30,342.08
2023-12-01,342.12
2023-12-02,342.31
2023-12-03,342.36
2023-12-04,342.29
2023-12-05,342.28
2023-12-06,342.18
2023-12-07,342.12
2023-12-08,342.1
2023-12-09,342.19
2023-12-10,342.14
2023-12-11,341.95
2023-12-12,341.88
2023-12-13,341.99
2023-12-14,342.16
2023-12-15,342.16
2023-12-16,342.09
2023-12-17,342.02
2023-12-18,341.95
2023-12-19,341.87
2023-12-20,341.85
2023-12-21,341.9
2023-12-22,341.87
2023-12-23,341.94
2023-12-24,342.07
2023-12-25,342.11
2023-12-26,342.08
2023-12-27,342.07
2023-12-28,342.05
2023-12-29,341.97
2023-12-30,341.9
2023-12-31,341.88
2024-01-01,341.87
2024-01-02,341.98
2024-01-03,341.78
2024-01-04,341.78
2024-01-05,341.86
2024-01-06,341.69
2024-01-07,341.54
2024-01-08,341.75
2024-01-09,341.78
2024-01-10,341.62
2024-01-11,341.55
2024-01-12,341.8
2024-01-13,341.74
2024-01-14,341.69
2024-01-15,341.71
2024-01-16,341.74
2024-01-17,341.67
2024-01-18,341.72
2024-01-19,341.62
2024-01-20,341.51
2024-01-21,341.49
2024-01-22,341.32
2024-01-23,341.45
2024-01-24,341.7
2024-01-25,341.74
2024-01-26,341.81
2024-01-27,341.78
2024-01-28,341.72
2024-01-29,341.62
2024-01-30,341.52
2024-01-31,341.4
2024-02-01,341.16
2024-02-02,341.24
2024-02-03,341.44
2024-02-04,341.41
2024-02-05,341.24
2024-02-06,341.1
2024-02-07,341.22
2024-02-08,341.36
2024-02-09,341.46
2024-02-10,341.42
2024-02-11,341.6
2024-02-12,341.46
2024-02-13,341.37
2024-02-14,341.45
2024-02-15,341.47
2024-02-16,341.4
2024-02-17,341.34
2024-02-18,341.31
2024-02-19,341.3
2024-02-20,341.3
2024-02-21,341.26
2024-02-22,341.35
2024-02-23,341.23
2024-02-24,341.21
2024-02-25,341.19
2024-02-26,341.09
2024-02-27,341.08
2024-02-28,341.12
2024-02-29,341.2
2024-03-01,341.16
2024-03-02,341.07
2024-03-03,341.04
2024-03-04,341.08
2024-03-05,341.02
2024-03-06,340.83
2024-03-07,340.8
2024-03-08,341.04
2024-03-09,341.09
2024-03-10,341.01
2024-03-11,340.99
2024-03-12,341.0
2024-03-13,340.82
2024-03-14,340.67
2024-03-15,340.63
2024-03-16,340.88
2024-03-17,340.95
2024-03-18,340.94
2024-03-19,340.88
2024-03-20,340.85
2024-03-21,340.9
2024-03-22,340.8
2024-03-23,340.52
2024-03-24,340.49
2024-03-25,340.59
2024-03-26,340.76
2024-03-27,340.9
2024-03-28,340.72
2024-03-29,340.52
2024-03-30,340.4
2024-03-31,340.45
2024-04-01,340.5
2024-04-02,340.88
2024-04-03,340.66
2024-04-04,340.49
2024-04-05,340.48
2024-04-06,340.67
2024-04-07,340.52
2024-04-08,340.45
2024-04-09,340.56
2024-04-10,340.54
2024-04-11,340.34
2024-04-12,340.3
2024-04-13,340.48
2024-04-14,340.5
2024-04-15,340.45
2024-04-16,340.41
2024-04-17,340.38
2024-04-18,340.33
2024-04-19,340.28
2024-04-20,340.33
2024-04-21,340.26
2024-04-22,340.2
2024-04-23,340.26
2024-04-24,340.31
2024-04-25,340.28
2024-04-26,340.13
2024-04-27,340.16
2024-04-28,340.19
2024-04-29,340.08
2024-04-30,340.05
2024-05-01,340.03
2024-05-02,340.07
2024-05-03,340.06
2024-05-04,340.07
2024-05-05,340.04
2024-05-06,340.12
2024-05-07,340.01
2024-05-08,339.94
2024-05-09,340.01
2024-05-10,340.03
2024-05-11,339.99
2024-05-12,339.98
2024-05-13,339.98
2024-05-14,339.9
2024-05-15,339.89
2024-05-16,339.92
2024-05-17,339.89
2024-05-18,339.92
2024-05-19,339.91
2024-05-20,339.85
2024-05-21,339.81
2024-05-22,339.81
2024-05-23,339.76
2024-05-24,339.73
2024-05-25,339.76
2024-05-26,339.8
2024-05-27,339.81
2024-05-28,339.8
2024-05-29,339.73
2024-05-30,339.64
2024-05-31,339.58
2024-06-01,339.57
2024-06-02,339.56
2024-06-03,339.5
2024-06-04,339.48
2024-06-05,339.52
2024-06-06,339.49
2024-06-07,339.49
2024-06-08,339.49
2024-06-09,339.49
2024-06-10,339.45
2024-06-11,339.43
2024-06-12,339.46
2024-06-13,339.46
2024-06-14,339.38
2024-06-15,339.26
2024-06-16,339.16
2024-06-17,339.13
2024-06-18,339.14
2024-06-19,339.23
2024-06-20,339.21
2024-06-21,339.18
2024-06-22,339.24
2024-06-23,339.31
2024-06-24,339.27
2024-06-25,339.28
2024-06-26,339.23
2024-06-27,339.08
2024-06-28,339.06
2024-06-29,339.08
2024-06-30,339.13
2024-07-01,339.03
2024-07-02,338.98
2024-07-03,339.01
2024-07-04,339.07
2024-07-05,338.93
2024-07-06,338.94
2024-07-07,338.95
2024-07-08,338.87
2024-07-09,338.87
2024-07-10,338.88
2024-07-11,338.86
2024-07-12,338.83
2024-07-13,338.86
2024-07-14,338.94
2024-07-15,338.85
2024-07-16,338.81
2024-07-17,338.74
2024-07-18,338.76
2024-07-19,338.74
2024-07-20,338.66
2024-07-21,338.61
2024-07-22,338.55
2024-07-23,338.58
2024-07-24,338.7
2024-07-25,338.64
2024-07-26,338.49
2024-07-27,338.44
2024-07-28,338.47
2024-07-29,338.49
2024-07-30,338.44
2024-07-31,338.43
2024-08-01,338.46
2024-08-02,338.49
2024-08-03,338.36
2024-08-04,338.29
2024-08-05,338.3
2024-08-06,338.32
2024-08-07,338.32
2024-08-08,338.21
2024-08-09,338.16
2024-08-10,338.18
2024-08-11,338.22
2024-08-12,338.17
2024-08-13,338.16
2024-08-14,338.17
2024-08-15,338.08
2024-08-16,338.04
2024-08-17,338.05
2024-08-18,338.06
2024-08-19,338.07
2024-08-20,338.04
2024-08-21,337.98
2024-08-22,337.93
2024-08-23,337.93
2024-08-24,337.96
2024-08-25,337.97
2024-08-26,337.94
2024-08-27,337.86
2024-08-28,337.8
2024-08-29,337.82
2024-08-30,337.81
2024-08-31,337.75
2024-09-01,337.67
2024-09-02,337.66
2024-09-03,337.66
2024-09-04,337.67
2024-09-05,337.62
2024-09-06,337.57
2024-09-07,337.51
2024-09-08,337.5
2024-09-09,337.5
2024-09-10,337.44
2024-09-11,337.31
2024-09-12,337.29
2024-09-13,337.34
2024-09-14,337.41
2024-09-15,337.37
2024-09-16,337.37
2024-09-17,337.4
2024-09-18,337.3
2024-09-19,337.29
2024-09-20,337.3
2024-09-21,337.31
2024-09-22,337.27
2024-09-23,337.17
2024-09-24,337.17
2024-09-25,337.15
2024-09-26,337.16
2024-09-27,337.12
2024-09-28,337.13
2024-09-29,337.11
2024-09-30,337.1
2024-10-01,337.11
2024-10-02,336.97
2024-10-03,336.94
2024-10-04,337.02
2024-10-05,337.05
2024-10-06,336.99
2024-10-07,336.91
2024-10-08,336.84
2024-10-09,336.9
2024-10-10,336.94
2024-10-11,336.96
2024-10-12,336.9
2024-10-13,336.84
2024-10-14,336.82
2024-10-15,336.74
2024-10-16,336.61
2024-10-17,336.51
2024-10-18,336.51
2024-10-19,336.7
2024-10-20,336.75
2024-10-21,336.69
2024-10-22,336.63
2024-10-23,336.59
2024-10-24,336.46
2024-10-25,336.5
2024-10-26,336.54
2024-10-27,336.44
2024-10-28,336.27
2024-10-29,336.28
2024-10-30,336.44
2024-10-31,336.37
2024-11-01,336.24
2024-11-02,336.19
2024-11-03,336.1
2024-11-04,336.28
2024-11-05,336.12
2024-11-06,336.12
2024-11-07,336.32
2024-11-08,336.26
2024-11-09,336.15
2024-11-10,336.15
2024-11-11,336.1
2024-11-12,336.11
2024-11-13,336.12
2024-11-14,335.89
2024-11-15,335.82
2024-11-16,335.83
2024-11-17,335.89
2024-11-18,335.9
2024-11-19,335.98
2024-11-20,336.11
2024-11-21,336.02
2024-11-22,335.88
2024-11-23,335.78
2024-11-24,335.8
2024-11-25,335.88
2024-11-26,335.82
2024-11-27,335.7
2024-11-28,335.7
2024-11-29,335.69
2024-11-30,335.69
2024-12-01,335.71
2024-12-02,335.66
2024-12-03,335.65
2024-12-04,335.66
2024-12-05,335.56
2024-12-06,335.55
2024-12-07,335.53
2024-12-08,335.45
2024-12-09,335.45
2024-12-10,335.64
2024-12-11,335.31
2024-12-12,335.22
2024-12-13,335.3
2024-12-14,335.4
2024-12-15,335.35
2024-12-16,335.29
2024-12-17,335.26
2024-12-18,335.27
2024-12-19,335.23
2024-12-20,335.23
2024-12-21,335.2
2024-12-22,335.1
2024-12-23,335.1
2024-12-24,334.97
2024-12-25,334.96
2024-12-26,334.95
2024-12-27,334.95
2024-12-28,334.97
2024-12-29,334.96
2024-12-30,334.86
2024-12-31,334.84
2025-01-01,334.88
